1382591497,mcintyre-800-1__demo-model__demo-lab-b,mcintyre-800-2__demo-model__demo-lab-b,mcintyre-1317-1__demo-model__demo-lab-b,mcintyre-805-1__demo-model__demo-lab-b,mcintyre-810-1__demo-model__demo-lab-b,mcintyre-825-1__demo-model__demo-lab-b,mcintyre-815-1__demo-model__demo-lab-b,mcintyre-815-2__demo-model__demo-lab-b,mcintyre-1012-1__demo-model__demo-lab-b,mcintyre-1217-1__demo-model__demo-lab-b,mcintyre-1307-1__demo-model__demo-lab-b,mcintyre-1312-1__demo-model__demo-lab-b,mcintyre-1309-1__demo-model__demo-lab-b,mcintyre-1303-1__demo-model__demo-lab-b,mcintyre-1002-1__demo-model__demo-lab-b,mcintyre-1003-1__demo-model__demo-lab-b,mcintyre-1314-1__demo-model__demo-lab-b,mcintyre-944-1__demo-model__demo-lab-b,mcintyre-1313-1__demo-model__demo-lab-b
2013-10-24 00:00:00-05:00,650.0,650.0,650.0,200.0,632.722241666667,642.4444638888891,586.9791666666666,650.0,650.0,626.1111305555555,500.8402680555555,522.9097222222222,518.6197649305554,200.0,200.0,200.0,399.77776805555555,502.2499999999998,650.0
2013-10-24 01:00:00-05:00,650.0,650.0,650.0,200.0,632.722241666667,642.4444638888891,586.9791666666666,650.0,650.0,626.1111305555555,500.8402680555555,522.9097222222221,518.8628237268517,200.0,200.0,200.0,400.14235625000003,502.2499999999998,650.0
2013-10-24 02:00:00-05:00,650.0,650.0,650.0,200.0,632.722241666667,642.4444638888891,586.9791666666666,650.0,650.0,626.1111305555555,500.8402680555555,522.9097222222221,519.0451178240739,200.0,200.0,200.0,400.0815915509259,502.2499999999998,650.0
2013-10-24 03:00:00-05:00,650.0,650.0,650.0,200.0,632.722241666667,642.4444638888891,586.9791666666666,650.0,650.0,626.1111305555555,500.8402680555555,522.9097222222221,518.6805296296296,200.0,200.0,200.0,400.0815915509259,502.2499999999998,650.0
2013-10-24 04:00:00-05:00,650.0,650.0,650.0,200.0,632.722241666667,642.4444638888891,586.9791666666666,650.0,650.0,626.1111305555555,500.8402680555555,522.9097222222221,518.6197649305556,200.0,200.0,200.0,399.89929745370375,502.2499999999998,650.0
2013-10-24 05:00:00-05:00,650.0,650.0,650.0,200.0,632.722241666667,642.4444638888891,586.9791666666666,650.0,650.0,625.9895946759258,500.8402680555555,522.9097222222221,518.9235884259258,200.0,200.0,200.0,399.9600621527778,502.2499999999998,650.0
2013-10-24 06:00:00-05:00,650.0,650.0,650.0,200.0,632.722241666667,642.4444638888891,586.9791666666666,650.0,650.0,626.1111305555555,500.8402680555555,522.9097222222221,519.045117824074,200.0,200.0,200.0,400.32465034722213,502.2499999999998,650.0
2013-10-24 07:00:00-05:00,650.0,650.0,650.0,200.0,632.722241666667,642.4444638888891,586.9791666666666,650.0,650.0,626.1111305555555,500.8402680555555,522.9097222222221,543.3182627314815,200.0,200.0,200.0,399.89929745370375,502.2499999999998,650.0
2013-10-24 08:00:00-05:00,650.0,650.0,650.0,200.0,632.722241666667,642.4444638888891,586.9791666666666,650.0,650.0,625.5034511574072,500.8402680555555,522.9097222222221,650.0,560.6967414351852,200.0,200.0,399.77776805555555,502.2499999999998,650.0
2013-10-24 09:00:00-05:00,650.0,650.0,650.0,200.0,632.722241666667,642.4444638888891,586.9791666666666,650.0,650.0,625.9895946759258,500.8402680555555,524.2060185185187,650.0,595.6076291666666,200.0,200.0,399.8385327546296,502.2499999999998,650.0
2013-10-24 10:00:00-05:00,650.0,650.0,650.0,200.0,632.722241666667,597.7019724537038,586.9791666666666,650.0,650.0,626.1516357638887,500.8402680555555,567.7048611111112,650.0,429.5237244212964,200.0,200.0,400.20312094907405,502.2499999999998,650.0
2013-10-24 11:00:00-05:00,650.0,650.0,650.0,200.0,632.722241666667,569.381934722222,586.9791666666666,650.0,650.0,626.0503626157408,500.8402680555555,540.9322706018518,650.0,346.8888888888889,200.0,200.0,399.9600621527777,502.2499999999998,650.0
2013-10-24 12:00:00-05:00,650.0,650.0,650.0,200.0,632.722241666667,365.9201307870369,586.9791666666666,650.0,650.0,626.1111305555555,500.8402680555555,597.3778773148148,650.0,345.454847337963,200.0,200.0,400.14235625000003,502.2499999999998,650.0
2013-10-24 13:00:00-05:00,650.0,650.0,650.0,200.0,632.722241666667,263.9097124999999,586.9791666666666,650.0,650.0,626.1111305555555,500.8402680555555,615.125,650.0,344.89581388888894,200.0,200.0,400.50694444444446,502.2499999999998,650.0
2013-10-24 14:00:00-05:00,650.0,650.0,650.0,200.0,575.4907472222222,443.5439847222222,587.039928125,650.0,650.0,626.1111305555555,500.8402680555555,615.125,618.272545949074,344.89581388888894,200.0,200.0,400.02082685185195,502.2499999999998,650.0
2013-10-24 15:00:00-05:00,650.0,650.0,650.0,200.0,546.875,533.3611208333334,586.9791666666666,650.0,650.0,626.1111305555555,500.8402680555555,615.125,570.6944152777774,344.89581388888894,200.0,200.0,399.77776805555555,502.2499999999998,650.0
2013-10-24 16:00:00-05:00,650.0,650.0,650.0,200.0,546.875,533.3611208333334,586.9791666666666,650.0,650.0,575.5798440972222,500.8402680555555,613.4478947916665,570.9982387731482,344.89581388888894,200.0,200.0,399.89929745370375,502.2499999999998,650.0
2013-10-24 17:00:00-05:00,650.0,650.0,650.0,200.0,546.875,533.3611208333334,586.9791666666666,650.0,650.0,558.7360819444444,500.8402680555555,612.888859722222,570.815944675926,345.01734328703714,200.0,200.0,400.02082685185195,502.2499999999998,650.0
2013-10-24 18:00:00-05:00,650.0,650.0,650.0,200.0,546.875,533.3611208333334,586.9791666666666,650.0,650.0,558.0879435185184,500.8402680555555,612.888859722222,570.815944675926,344.89581388888894,200.0,200.0,399.77776805555555,502.2499999999998,650.0
2013-10-24 19:00:00-05:00,650.0,650.0,650.0,200.0,546.875,533.3611208333334,586.9791666666666,650.0,650.0,556.9739510416666,500.8402680555555,612.888859722222,570.9374740740741,344.89581388888894,200.0,200.0,400.14235625000003,502.2499999999998,650.0
2013-10-24 20:00:00-05:00,650.0,650.0,650.0,200.0,546.875,533.3611208333334,586.9791666666666,650.0,650.0,556.9131895833334,500.8402680555555,612.888859722222,570.8767093749998,344.89581388888894,200.0,200.0,399.9600621527778,502.2499999999998,650.0
2013-10-24 21:00:00-05:00,650.0,650.0,650.0,200.0,546.875,533.3611208333334,586.9791666666666,650.0,650.0,556.9131895833334,500.8402680555555,612.888859722222,570.998238773148,344.89581388888894,200.0,200.0,399.89929745370375,502.2499999999998,650.0
2013-10-24 22:00:00-05:00,650.0,650.0,650.0,200.0,546.875,533.3611208333334,586.9791666666666,650.0,650.0,556.7916666666666,500.8402680555555,612.888859722222,570.6944152777774,344.89581388888894,200.0,200.0,400.50694444444446,502.2499999999998,650.0
2013-10-24 23:00:00-05:00,650.0,650.0,650.0,200.0,628.5902680555555,533.3611208333334,586.9791666666666,650.0,650.0,556.7916666666666,500.8402680555555,612.888859722222,570.6944152777774,344.89581388888894,200.0,200.0,400.50694444444446,502.2499999999998,650.0
2013-10-25 00:00:00-05:00,650.0,650.0,650.0,200.0,571.2777745370369,533.3611208333334,586.9791666666666,650.0,650.0,556.9131895833334,500.8402680555555,612.888859722222,571.1197681712961,344.89581388888894,200.0,200.0,400.20312094907405,502.2499999999998,650.0
2013-10-25 01:00:00-05:00,650.0,650.0,650.0,200.0,588.5347222222221,533.3611208333334,586.9791666666666,650.0,650.0,556.7916666666666,500.8402680555555,612.888859722222,570.6944152777774,344.89581388888894,200.0,200.0,399.77776805555555,502.2499999999998,650.0
2013-10-25 02:00:00-05:00,650.0,650.0,650.0,200.0,582.6325231481479,533.3611208333334,586.9791666666666,650.0,650.0,556.7916666666666,500.8402680555555,612.888859722222,570.6944152777774,344.89581388888894,200.0,200.0,399.77776805555555,502.2499999999998,650.0
2013-10-25 03:00:00-05:00,650.0,650.0,650.0,200.0,517.7083333333334,533.3611208333334,586.9791666666666,650.0,650.0,556.7916666666666,500.8402680555555,612.888859722222,570.6944152777774,344.89581388888894,200.0,200.0,399.77776805555555,502.2499999999998,650.0
2013-10-25 04:00:00-05:00,650.0,650.0,650.0,200.0,517.7083333333334,533.3611208333334,586.9791666666666,650.0,650.0,556.9131895833334,500.8402680555555,612.888859722222,570.9374740740741,344.89581388888894,200.0,200.0,400.02082685185184,502.2499999999998,650.0
2013-10-25 05:00:00-05:00,650.0,650.0,650.0,200.0,517.7083333333334,533.3611208333334,586.9791666666666,650.0,650.0,556.9131895833334,500.8402680555555,612.888859722222,570.9982387731482,344.89581388888894,200.0,200.0,399.77776805555555,502.2499999999998,650.0
2013-10-25 06:00:00-05:00,650.0,650.0,650.0,200.0,517.7083333333334,533.3611208333334,586.9791666666666,650.0,650.0,556.7916666666666,500.8402680555555,612.888859722222,570.9374740740741,338.20369398148136,200.0,200.0,400.26388564814806,502.2499999999998,650.0
2013-10-25 07:00:00-05:00,650.0,650.0,650.0,200.0,517.7083333333334,533.3611208333334,586.9791666666666,650.0,650.0,556.852428125,500.8402680555555,551.5497498842592,570.6944152777774,334.49304583333327,200.0,200.0,399.9600621527778,502.2499999999998,650.0
2013-10-25 08:00:00-05:00,650.0,650.0,650.0,200.0,516.047451273148,533.3611208333334,586.9791666666666,650.0,650.0,556.9739510416666,500.8402680555555,530.796857175926,570.6944152777774,353.8686253472221,200.0,200.0,399.77776805555555,502.2499999999998,650.0
2013-10-25 09:00:00-05:00,650.0,650.0,650.0,200.0,587.9999878472221,533.3611208333334,586.9791666666666,650.0,650.0,557.0347125,500.8402680555555,522.9097222222221,570.8767093749998,567.3969850694443,200.0,200.0,399.9600621527777,502.2499999999998,650.0
2013-10-25 10:00:00-05:00,650.0,650.0,650.0,200.0,604.2847124999998,533.3611208333334,607.6145590277779,650.0,650.0,556.852428125,500.8402680555555,522.3466435185184,571.0590034722221,418.54165694444436,200.0,200.0,400.20312094907405,502.2499999999998,650.0
2013-10-25 11:00:00-05:00,650.0,650.0,650.0,200.0,604.2847124999998,371.1053224537036,641.4802770833334,650.0,650.0,557.0347125,500.8402680555555,516.1527777777779,571.4235916666665,269.40276805555555,200.0,200.0,400.50694444444446,547.4178175925923,650.0
2013-10-25 12:00:00-05:00,650.0,650.0,650.0,200.0,604.2847124999998,622.3680150462961,650.0,650.0,650.0,556.7916666666666,500.8402680555555,516.3026506944444,650.0,271.8495305555555,200.0,200.0,400.0815915509259,650.0,650.0
2013-10-25 13:00:00-05:00,650.0,650.0,650.0,200.0,604.2847124999998,650.0,650.0,650.0,650.0,556.9739510416666,500.8402680555555,517.0682611111109,650.0,521.9982493055555,200.0,200.0,400.02082685185184,650.0,650.0
2013-10-25 14:00:00-05:00,650.0,650.0,650.0,200.0,604.2847124999998,650.0,650.0,650.0,650.0,556.7916666666666,500.8402680555555,518.4860973379629,650.0,358.4259299768519,200.0,200.0,399.9600621527778,650.0,650.0
2013-10-25 15:00:00-05:00,650.0,650.0,650.0,200.0,604.2847124999998,650.0,600.1041472222224,650.0,650.0,557.3992812500002,500.8402680555555,517.9999902777777,650.0,334.65913541666663,200.0,200.0,399.77776805555555,650.0,650.0
2013-10-25 16:00:00-05:00,650.0,650.0,650.0,200.0,604.2847124999998,650.0,600.1041472222224,650.0,650.0,556.7916666666666,500.8402680555555,516.2743006944446,650.0,229.76041180555563,200.0,200.0,399.89929745370375,650.0,650.0
2013-10-25 17:00:00-05:00,650.0,650.0,650.0,200.0,604.2847124999998,650.0,600.1041472222224,650.0,650.0,556.7916666666666,500.8402680555555,516.1527777777779,650.0,230.12500000000006,200.0,200.0,399.77776805555555,650.0,650.0
2013-10-25 18:00:00-05:00,650.0,650.0,650.0,200.0,634.9826388888891,650.0,600.1041472222224,650.0,650.0,556.852428125,500.8402680555555,516.1527777777779,650.0,229.88194120370372,200.0,200.0,399.77776805555555,650.0,650.0
2013-10-25 19:00:00-05:00,650.0,650.0,650.0,200.0,650.0,650.0,600.1041472222224,650.0,650.0,556.7916666666666,500.8402680555555,516.1527777777779,650.0,229.76041180555552,200.0,200.0,400.14235625000003,650.0,650.0
2013-10-25 20:00:00-05:00,650.0,650.0,650.0,200.0,650.0,650.0,600.1041472222224,650.0,650.0,556.7916666666666,500.8402680555555,516.1527777777779,650.0,229.3958236111111,200.0,200.0,400.32465034722213,650.0,650.0
2013-10-25 21:00:00-05:00,650.0,650.0,650.0,200.0,528.8888694444444,650.0,600.1041472222224,650.0,650.0,556.7916666666666,500.8402680555555,516.1527777777779,650.0,229.94270590277782,200.0,200.0,400.14235625000003,650.0,650.0
2013-10-25 22:00:00-05:00,650.0,650.0,650.0,200.0,528.8888694444444,650.0,600.1041472222224,650.0,650.0,556.7916666666666,500.8402680555555,516.1527777777779,650.0,229.57811770833328,200.0,200.0,400.32465034722213,650.0,650.0
2013-10-25 23:00:00-05:00,650.0,650.0,650.0,200.0,528.8888694444444,650.0,600.1041472222224,650.0,650.0,557.0347125000002,500.8402680555555,516.1527777777779,650.0,230.00347060185192,200.0,200.0,399.9600621527778,650.0,650.0
2013-10-26 00:00:00-05:00,650.0,650.0,650.0,200.0,528.8888694444444,650.0,600.1041472222224,650.0,650.0,557.1562354166667,500.8402680555555,516.1527777777779,650.0,229.76041180555563,200.0,200.0,399.89929745370375,650.0,650.0
2013-10-26 01:00:00-05:00,650.0,650.0,650.0,200.0,528.8888694444444,650.0,600.1041472222224,650.0,650.0,557.0954739583334,500.8402680555555,516.1527777777779,650.0,229.82117650462962,200.0,200.0,400.20312094907405,650.0,650.0
2013-10-26 02:00:00-05:00,650.0,650.0,650.0,200.0,528.8888694444444,650.0,600.1041472222224,650.0,650.0,557.0954739583333,500.8402680555555,516.1527777777779,650.0,229.57811770833328,200.0,200.0,400.20312094907405,650.0,650.0
2013-10-26 03:00:00-05:00,650.0,650.0,650.0,200.0,528.8888694444444,650.0,600.1041472222224,650.0,650.0,557.0347125,500.8402680555555,516.1527777777779,650.0,229.88194120370378,200.0,200.0,399.89929745370375,650.0,650.0
2013-10-26 04:00:00-05:00,650.0,650.0,650.0,200.0,528.8888694444444,650.0,600.1041472222224,650.0,650.0,556.852428125,500.8402680555555,516.1527777777779,650.0,230.12500000000006,200.0,200.0,400.26388564814806,650.0,650.0
2013-10-26 05:00:00-05:00,650.0,650.0,650.0,200.0,528.8888694444444,650.0,600.1041472222224,650.0,650.0,556.7916666666666,500.8402680555555,516.1527777777779,650.0,230.12500000000006,200.0,200.0,399.77776805555555,650.0,650.0
2013-10-26 06:00:00-05:00,650.0,650.0,650.0,200.0,528.8888694444444,650.0,600.1041472222224,650.0,650.0,556.9739510416666,500.8402680555555,516.1527777777779,650.0,230.12500000000006,200.0,200.0,399.77776805555555,650.0,650.0
2013-10-26 07:00:00-05:00,650.0,650.0,650.0,200.0,528.8888694444444,650.0,600.1041472222224,650.0,650.0,556.9131895833334,500.8402680555555,516.1527777777779,650.0,229.69964710648142,200.0,200.0,399.77776805555555,650.0,650.0
2013-10-26 08:00:00-05:00,650.0,650.0,650.0,200.0,528.8888694444444,650.0,600.1041472222224,650.0,650.0,556.7916666666666,500.8402680555555,516.1527777777779,650.0,229.69964710648154,200.0,200.0,400.0815915509259,650.0,650.0
2013-10-26 09:00:00-05:00,650.0,650.0,650.0,200.0,528.8888694444444,650.0,600.1041472222224,650.0,650.0,556.7916666666666,500.8402680555555,516.1527777777779,650.0,230.06423530092596,200.0,200.0,400.38541504629626,650.0,650.0
2013-10-26 10:00:00-05:00,650.0,650.0,650.0,200.0,650.0,650.0,600.1041472222224,650.0,650.0,556.7916666666666,500.8402680555555,516.1527777777779,650.0,230.06423530092596,200.0,200.0,399.77776805555555,650.0,650.0
2013-10-26 11:00:00-05:00,650.0,650.0,650.0,200.0,650.0,650.0,600.1041472222224,650.0,650.0,556.7916666666666,500.8402680555555,516.1527777777779,650.0,229.69964710648154,200.0,200.0,399.89929745370375,650.0,650.0
2013-10-26 12:00:00-05:00,650.0,650.0,650.0,200.0,650.0,650.0,600.1041472222224,650.0,650.0,556.7997587962961,500.8402680555555,516.1527777777779,650.0,229.82117650462968,200.0,200.0,400.14235625000003,650.0,650.0
2013-10-26 13:00:00-05:00,650.0,650.0,650.0,200.0,650.0,650.0,600.1041472222224,650.0,650.0,556.7916666666666,500.8402680555555,516.1527777777779,650.0,200.0,200.0,200.0,400.26388564814806,650.0,650.0
2013-10-26 14:00:00-05:00,650.0,650.0,650.0,200.0,650.0,650.0,600.1041472222224,650.0,650.0,556.6782358796296,500.8402680555555,516.1527777777779,650.0,200.0,200.0,200.0,400.44617974537033,650.0,650.0
2013-10-26 15:00:00-05:00,650.0,650.0,650.0,200.0,627.8124708333331,650.0,600.1041472222224,650.0,650.0,556.7916666666666,500.8402680555555,516.1527777777779,650.0,200.0,200.0,200.0,399.77776805555555,650.0,650.0
2013-10-26 16:00:00-05:00,650.0,650.0,650.0,200.0,627.8124708333331,650.0,600.1041472222224,650.0,650.0,556.7916666666666,500.8402680555555,516.1527777777779,650.0,200.0,200.0,200.0,399.8385327546296,650.0,650.0
2013-10-26 17:00:00-05:00,650.0,650.0,650.0,200.0,627.8124708333331,650.0,600.1041472222224,650.0,650.0,556.852428125,500.8402680555555,515.9664319444447,650.0,200.0,200.0,200.0,399.8385327546296,650.0,650.0
2013-10-26 18:00:00-05:00,650.0,650.0,650.0,200.0,627.8124708333331,650.0,600.1041472222224,650.0,650.0,557.2169968750001,500.8402680555555,516.1527777777779,650.0,200.0,200.0,200.0,400.38541504629626,650.0,650.0
2013-10-26 19:00:00-05:00,650.0,650.0,650.0,200.0,627.8124708333331,650.0,600.1041472222224,650.0,650.0,557.0347125,500.8402680555555,516.1527777777779,650.0,200.0,200.0,200.0,400.20312094907405,650.0,650.0
2013-10-26 20:00:00-05:00,650.0,650.0,650.0,200.0,627.8124708333331,650.0,600.1041472222224,650.0,650.0,556.7916666666666,500.8402680555555,516.1527777777779,650.0,200.0,200.0,200.0,399.77776805555555,650.0,650.0
2013-10-26 21:00:00-05:00,650.0,650.0,650.0,200.0,627.8124708333331,650.0,600.1041472222224,650.0,650.0,556.7916666666666,500.8402680555555,516.1527777777779,650.0,200.0,200.0,200.0,400.38541504629626,650.0,650.0
2013-10-26 22:00:00-05:00,650.0,650.0,650.0,200.0,627.8124708333331,650.0,600.1041472222224,650.0,650.0,557.0347125,500.8402680555555,516.1527777777779,650.0,200.0,200.0,200.0,400.50694444444446,650.0,650.0
2013-10-26 23:00:00-05:00,650.0,650.0,650.0,200.0,627.8124708333331,650.0,600.1041472222224,650.0,650.0,556.7916666666666,500.8402680555555,516.1527777777779,650.0,200.0,200.0,200.0,400.14235625000003,650.0,650.0
2013-10-27 00:00:00-05:00,650.0,650.0,650.0,200.0,627.8124708333331,650.0,600.1041472222224,650.0,650.0,556.7916666666666,500.8402680555555,516.1527777777779,650.0,200.0,200.0,200.0,399.77776805555555,650.0,650.0
2013-10-27 01:00:00-05:00,650.0,650.0,650.0,200.0,545.4531104166666,650.0,600.1041472222224,650.0,650.0,556.7916666666666,500.8402680555555,516.1527777777779,650.0,200.0,200.0,200.0,399.77776805555555,650.0,650.0
2013-10-27 02:00:00-05:00,650.0,650.0,650.0,200.0,517.9999902777777,650.0,600.1041472222224,650.0,650.0,556.7916666666666,500.8402680555555,516.1527777777779,650.0,200.0,200.0,200.0,399.77776805555555,650.0,650.0
2013-10-27 03:00:00-05:00,650.0,650.0,650.0,200.0,517.9999902777777,650.0,600.1041472222224,650.0,650.0,556.7916666666666,500.8402680555555,516.1527777777779,650.0,200.0,200.0,200.0,399.77776805555555,650.0,650.0
2013-10-27 04:00:00-05:00,650.0,650.0,650.0,200.0,517.9999902777777,650.0,600.1041472222224,650.0,650.0,556.7916666666666,500.8402680555555,516.1527777777779,650.0,200.0,200.0,200.0,399.77776805555555,650.0,650.0
2013-10-27 05:00:00-05:00,650.0,650.0,650.0,200.0,517.9999902777777,650.0,600.1041472222224,650.0,650.0,556.7916666666666,500.8402680555555,516.1527777777779,650.0,200.0,200.0,200.0,399.77776805555555,650.0,650.0
2013-10-27 06:00:00-05:00,650.0,650.0,650.0,200.0,517.9999902777777,650.0,600.1041472222224,650.0,650.0,556.7916666666666,500.8402680555555,516.1527777777779,650.0,200.0,200.0,200.0,399.77776805555555,650.0,650.0
2013-10-27 07:00:00-05:00,650.0,650.0,650.0,200.0,517.9999902777777,650.0,600.1041472222224,650.0,650.0,556.7916666666666,500.8402680555555,516.1527777777779,650.0,200.0,200.0,200.0,399.77776805555555,650.0,650.0
2013-10-27 08:00:00-05:00,650.0,650.0,650.0,200.0,517.9999902777777,650.0,600.1041472222224,650.0,650.0,556.7916666666666,500.8402680555555,516.1527777777779,650.0,200.0,200.0,200.0,399.77776805555555,650.0,650.0
2013-10-27 09:00:00-05:00,650.0,650.0,650.0,200.0,517.9999902777777,650.0,600.1041472222224,650.0,650.0,556.7916666666666,500.8402680555555,516.1527777777779,650.0,200.0,200.0,200.0,399.77776805555555,650.0,650.0
2013-10-27 10:00:00-05:00,650.0,650.0,650.0,200.0,650.0,650.0,600.1041472222224,650.0,650.0,556.852428125,500.8402680555555,515.9664319444447,650.0,200.0,200.0,200.0,399.77776805555555,650.0,650.0
2013-10-27 11:00:00-05:00,650.0,650.0,650.0,200.0,650.0,650.0,600.1041472222224,650.0,650.0,556.9131895833334,500.8402680555555,515.5856481481482,650.0,200.0,200.0,200.0,399.77776805555555,650.0,650.0
2013-10-27 12:00:00-05:00,650.0,650.0,650.0,200.0,650.0,650.0,600.1041472222224,650.0,650.0,556.7916666666666,500.8402680555555,514.9212833333332,650.0,200.0,200.0,200.0,400.26388564814806,650.0,650.0
2013-10-27 13:00:00-05:00,650.0,650.0,650.0,200.0,650.0,650.0,600.1041472222224,650.0,650.0,556.7916666666666,500.8402680555555,515.4033451388891,650.0,200.0,200.0,200.0,399.781821412037,650.0,650.0
2013-10-27 14:00:00-05:00,650.0,650.0,650.0,200.0,650.0,650.0,600.1041472222224,650.0,650.0,556.7916666666666,500.8402680555555,515.034702777778,650.0,200.0,200.0,200.0,399.5549671296297,650.0,650.0
2013-10-27 15:00:00-05:00,626.4027777777778,650.0,650.0,200.0,650.0,650.0,600.1041472222224,650.0,650.0,556.9131895833334,500.8402680555555,515.034702777778,650.0,200.0,200.0,200.0,400.20312094907405,650.0,650.0
2013-10-27 16:00:00-05:00,626.4027777777778,650.0,650.0,200.0,650.0,650.0,600.1041472222224,650.0,650.0,557.1562354166667,500.8402680555555,515.034702777778,650.0,200.0,200.0,200.0,400.50694444444446,650.0,650.0
2013-10-27 17:00:00-05:00,626.4027777777778,650.0,650.0,200.0,650.0,650.0,600.1041472222224,650.0,650.0,556.7916666666666,500.8402680555555,515.034702777778,650.0,200.0,200.0,200.0,400.50694444444446,650.0,650.0
2013-10-27 18:00:00-05:00,626.4027777777778,650.0,650.0,200.0,650.0,650.0,600.1041472222224,650.0,650.0,557.0347125,500.8402680555555,515.034702777778,650.0,200.0,200.0,200.0,400.50694444444446,650.0,650.0
2013-10-27 19:00:00-05:00,650.0,650.0,650.0,200.0,650.0,650.0,600.1041472222224,650.0,650.0,556.7916666666666,500.8402680555555,515.034702777778,650.0,200.0,200.0,200.0,400.32465034722225,650.0,650.0
2013-10-27 20:00:00-05:00,650.0,650.0,650.0,200.0,650.0,650.0,600.1041472222224,650.0,650.0,556.9131895833334,500.8402680555555,515.034702777778,650.0,200.0,200.0,200.0,400.02082685185195,650.0,650.0
2013-10-27 21:00:00-05:00,650.0,650.0,650.0,200.0,650.0,650.0,600.1041472222224,650.0,650.0,556.7916666666666,500.8402680555555,515.034702777778,650.0,200.0,200.0,200.0,399.77776805555555,650.0,650.0
2013-10-27 22:00:00-05:00,650.0,650.0,650.0,200.0,650.0,650.0,600.1041472222224,650.0,650.0,557.0347125,500.8402680555555,515.034702777778,650.0,200.0,200.0,200.0,399.77776805555555,650.0,650.0
2013-10-27 23:00:00-05:00,650.0,650.0,650.0,200.0,650.0,650.0,600.1041472222224,650.0,650.0,556.7916666666666,500.8402680555555,515.034702777778,650.0,200.0,200.0,200.0,399.8385327546296,650.0,650.0
2013-10-28 00:00:00-05:00,650.0,650.0,650.0,200.0,650.0,650.0,600.1041472222224,650.0,650.0,556.7916666666666,500.8402680555555,515.034702777778,650.0,200.0,200.0,200.0,400.50694444444446,650.0,650.0
2013-10-28 01:00:00-05:00,650.0,650.0,650.0,200.0,650.0,650.0,600.1041472222224,650.0,650.0,556.7916666666666,500.8402680555555,515.034702777778,650.0,200.0,200.0,200.0,400.32465034722225,650.0,650.0
2013-10-28 02:00:00-05:00,650.0,650.0,650.0,200.0,650.0,650.0,600.1041472222224,650.0,650.0,556.7916666666666,500.8402680555555,515.034702777778,650.0,200.0,200.0,200.0,399.89929745370375,650.0,650.0
2013-10-28 03:00:00-05:00,650.0,650.0,650.0,200.0,650.0,650.0,600.1041472222224,650.0,650.0,556.852428125,500.8402680555555,515.034702777778,650.0,200.0,200.0,200.0,400.14235625000003,650.0,650.0
2013-10-28 04:00:00-05:00,650.0,650.0,650.0,200.0,650.0,650.0,600.1041472222224,650.0,650.0,556.7916666666666,500.8402680555555,515.034702777778,650.0,200.0,200.0,200.0,399.77776805555555,650.0,650.0
2013-10-28 05:00:00-05:00,650.0,650.0,650.0,200.0,650.0,650.0,600.1041472222224,650.0,650.0,556.9131895833334,500.8402680555555,515.034702777778,650.0,200.0,200.0,200.0,399.89929745370375,650.0,650.0
2013-10-28 06:00:00-05:00,650.0,650.0,650.0,200.0,650.0,650.0,600.1041472222224,650.0,650.0,556.7916666666666,500.8402680555555,515.034702777778,650.0,200.0,200.0,200.0,400.02082685185195,650.0,650.0
2013-10-28 07:00:00-05:00,650.0,650.0,650.0,200.0,650.0,650.0,600.1041472222224,650.0,650.0,556.9131895833334,500.8402680555555,515.5005673611113,650.0,200.0,200.0,200.0,399.77776805555555,650.0,650.0
2013-10-28 08:00:00-05:00,650.0,650.0,650.0,200.0,616.2025398148148,650.0,600.1041472222224,650.0,650.0,556.7916666666666,500.8402680555555,516.1527777777779,308.0121446759259,200.0,200.0,200.0,400.0532358796297,650.0,650.0
2013-10-28 09:00:00-05:00,650.0,650.0,650.0,200.0,597.5277680555556,650.0,600.1041472222224,650.0,650.0,556.7916666666666,500.8402680555555,516.1527777777779,307.70833333333326,200.0,200.0,200.0,399.89929745370375,650.0,650.0
2013-10-28 10:00:00-05:00,650.0,650.0,650.0,200.0,597.1510343749999,650.0,600.1041472222224,650.0,650.0,556.9739510416666,500.8402680555555,516.1527777777779,378.24305069444443,301.3159770833333,200.0,200.0,399.89929745370375,650.0,650.0
2013-10-28 11:00:00-05:00,610.4096930555555,650.0,650.0,200.0,596.0208333333331,650.0,600.1041472222224,650.0,650.0,556.9739510416666,500.8402680555555,516.8819152777776,200.0,488.0677107638888,200.0,200.0,399.9600621527777,650.0,650.0
2013-10-28 12:00:00-05:00,556.9860819444443,650.0,650.0,200.0,596.0208333333331,650.0,600.1041472222224,650.0,650.0,556.7916666666666,500.8402680555555,518.8263694444445,200.0,513.1874999999998,200.0,200.0,399.77776805555555,650.0,200.0
2013-10-28 13:00:00-05:00,556.9860819444443,650.0,650.0,200.0,606.3101608796295,650.0,600.1041472222224,612.30553125,650.0,556.852428125,500.8402680555555,518.1377201388889,200.0,513.1874999999998,200.0,200.0,399.89929745370375,650.0,200.0
2013-10-28 14:00:00-05:00,556.9860819444443,650.0,650.0,200.0,608.3680263888887,650.0,600.1041472222224,582.5069152777776,650.0,556.7916666666666,500.8402680555555,517.9999902777777,200.0,513.6979166666667,200.0,200.0,400.50694444444446,650.0,200.0
2013-10-28 15:00:00-05:00,556.9293689814814,650.0,650.0,200.0,607.6226689814816,650.0,600.1041472222224,582.5069152777776,650.0,556.7916666666666,500.8402680555555,517.9999902777777,200.0,514.2083163194443,200.0,200.0,400.0815915509259,650.0,200.0
2013-10-28 16:00:00-05:00,556.3055263888889,650.0,650.0,200.0,601.7245273148147,650.0,600.1041472222224,581.3402486111112,650.0,650.0,500.8402680555555,517.7812475694444,200.0,514.3460380787035,200.0,200.0,400.0815915509259,650.0,200.0
2013-10-28 17:00:00-05:00,590.9652550925927,650.0,650.0,200.0,540.9444347222221,650.0,600.1041472222224,580.9513597222222,650.0,650.0,500.8402680555555,517.7083333333334,200.0,513.1874999999998,200.0,200.0,399.77776805555555,650.0,200.0
2013-10-28 18:00:00-05:00,650.0,650.0,650.0,200.0,540.9444347222221,650.0,600.1041472222224,580.9513597222222,650.0,650.0,500.8402680555555,517.7083333333334,324.30092592592587,513.1874999999998,200.0,200.0,399.9600621527777,650.0,200.0
2013-10-28 19:00:00-05:00,650.0,650.0,650.0,200.0,540.9444347222221,650.0,600.1041472222224,580.9513597222222,650.0,650.0,500.8402680555555,517.7083333333334,486.4513888888888,513.1874999999998,200.0,200.0,399.89929745370375,650.0,200.0
2013-10-28 20:00:00-05:00,650.0,650.0,650.0,200.0,540.9444347222221,650.0,600.1041472222224,580.9513597222222,650.0,650.0,500.8402680555555,517.7083333333334,486.4513888888888,513.1874999999998,200.0,200.0,400.26388564814806,650.0,200.0
2013-10-28 21:00:00-05:00,650.0,650.0,650.0,200.0,540.9444347222221,650.0,600.1041472222224,580.9513597222222,650.0,650.0,500.8402680555555,517.7083333333334,486.39062418981484,513.1874999999998,200.0,200.0,399.77776805555555,650.0,200.0
2013-10-28 22:00:00-05:00,650.0,650.0,650.0,200.0,540.9444347222221,650.0,600.1041472222224,580.9513597222222,650.0,650.0,500.8402680555555,517.7083333333334,486.4513888888888,513.1874999999998,200.0,200.0,400.02082685185195,650.0,200.0
2013-10-28 23:00:00-05:00,650.0,650.0,650.0,200.0,540.9444347222221,650.0,600.1041472222224,580.9513597222222,650.0,650.0,500.8402680555555,517.7083333333334,486.3298594907408,513.1874999999998,200.0,200.0,399.77776805555555,650.0,200.0
2013-10-29 00:00:00-05:00,650.0,650.0,650.0,200.0,540.9444347222221,650.0,600.1041472222224,580.9513597222222,650.0,650.0,500.8402680555555,517.7083333333334,486.26909479166653,513.1874999999998,200.0,200.0,399.89929745370375,650.0,200.0
2013-10-29 01:00:00-05:00,650.0,650.0,650.0,200.0,540.9444347222221,650.0,600.1041472222224,580.9513597222222,650.0,650.0,500.8402680555555,517.7083333333334,486.4513888888888,513.1874999999998,200.0,200.0,400.02082685185184,650.0,200.0
2013-10-29 02:00:00-05:00,650.0,650.0,650.0,200.0,540.9444347222221,650.0,600.1041472222224,580.9513597222222,650.0,650.0,500.8402680555555,517.7083333333334,486.3298594907406,513.1874999999998,200.0,200.0,399.7656168981482,650.0,200.0
2013-10-29 03:00:00-05:00,650.0,650.0,650.0,200.0,540.9444347222221,650.0,600.1041472222224,580.9513597222222,650.0,650.0,500.8402680555555,517.7083333333334,486.4513888888888,513.0659706018517,200.0,200.0,400.14235625000003,650.0,200.0
2013-10-29 04:00:00-05:00,650.0,650.0,650.0,200.0,540.9444347222221,650.0,600.1041472222224,580.9513597222222,650.0,650.0,500.8402680555555,517.7083333333334,486.4513888888888,513.1874999999998,200.0,200.0,400.0815915509259,650.0,200.0
2013-10-29 05:00:00-05:00,650.0,650.0,650.0,200.0,540.9444347222221,650.0,600.1041472222224,580.9513597222222,650.0,650.0,500.8402680555555,517.7083333333334,486.4513888888888,513.1874999999998,200.0,200.0,400.50694444444446,650.0,200.0
2013-10-29 06:00:00-05:00,650.0,650.0,650.0,200.0,540.9444347222221,650.0,600.1041472222224,580.9513597222222,650.0,650.0,500.8402680555555,517.7083333333334,486.4513888888888,513.1874999999998,200.0,200.0,399.8385327546296,650.0,200.0
2013-10-29 07:00:00-05:00,650.0,650.0,650.0,200.0,338.73841944444445,650.0,600.1041472222224,580.9513597222222,650.0,650.0,500.8402680555555,517.9513807870369,486.4513888888888,513.819429861111,200.0,200.0,400.14235625000003,650.0,200.0
2013-10-29 08:00:00-05:00,650.0,650.0,650.0,200.0,566.2303143518517,650.0,600.1041472222224,580.9513597222222,650.0,650.0,500.8402680555555,517.9999902777777,200.0,514.451359722222,200.0,200.0,399.89929745370375,650.0,200.0
2013-10-29 09:00:00-05:00,650.0,650.0,650.0,200.0,650.0,650.0,650.0,650.0,650.0,650.0,500.8402680555555,517.9999902777777,200.0,515.2615489583334,200.0,200.0,400.0815915509259,650.0,200.0
2013-10-29 10:00:00-05:00,650.0,650.0,650.0,200.0,650.0,650.0,650.0,650.0,650.0,564.0590277777778,500.8402680555555,517.9999902777777,200.0,271.73610138888904,200.0,200.0,400.0815915509259,650.0,200.0
2013-10-29 11:00:00-05:00,650.0,650.0,650.0,200.0,650.0,650.0,638.8229020833331,650.0,650.0,650.0,500.8402680555555,519.0694258101851,200.0,200.0,200.0,200.0,400.32465034722213,650.0,200.0
2013-10-29 12:00:00-05:00,650.0,650.0,650.0,200.0,650.0,650.0,650.0,650.0,650.0,650.0,500.8402680555555,519.1666472222221,200.0,459.30208171296283,200.0,200.0,400.02082685185195,650.0,200.0
2013-10-29 13:00:00-05:00,576.2523091435188,650.0,650.0,200.0,650.0,650.0,650.0,650.0,650.0,650.0,500.8402680555555,519.1666472222221,200.0,545.8946751157405,200.0,200.0,406.8344899305556,650.0,200.0
2013-10-29 14:00:00-05:00,650.0,650.0,650.0,200.0,650.0,650.0,650.0,650.0,650.0,650.0,500.8402680555555,519.1666472222221,200.0,544.8252217592592,200.0,200.0,405.7083333333333,650.0,200.0
2013-10-29 15:00:00-05:00,650.0,650.0,650.0,200.0,610.2152680555555,650.0,650.0,650.0,650.0,650.0,500.8402680555555,519.1666472222221,200.0,544.7361013888888,200.0,200.0,405.7083333333333,650.0,200.0
2013-10-29 16:00:00-05:00,650.0,650.0,650.0,200.0,646.0497442129631,650.0,650.0,650.0,650.0,650.0,500.8402680555555,519.1666472222221,200.0,544.7361013888888,200.0,200.0,404.04743749999983,650.0,200.0
2013-10-29 17:00:00-05:00,650.0,650.0,650.0,200.0,650.0,650.0,650.0,650.0,650.0,650.0,500.8402680555555,519.1666472222221,200.0,544.7361013888888,200.0,200.0,403.7152583333332,650.0,200.0
2013-10-29 18:00:00-05:00,650.0,650.0,650.0,200.0,650.0,650.0,650.0,650.0,650.0,650.0,500.8402680555555,519.1666472222221,200.0,544.7361013888888,200.0,200.0,403.7152583333332,650.0,200.0
2013-10-29 19:00:00-05:00,650.0,650.0,650.0,200.0,650.0,650.0,650.0,650.0,650.0,650.0,500.8402680555555,518.9965083333333,200.0,454.30323263888886,200.0,200.0,403.5815753472221,650.0,200.0
2013-10-29 20:00:00-05:00,650.0,650.0,650.0,200.0,650.0,650.0,650.0,650.0,650.0,650.0,500.8402680555555,518.9114388888889,200.0,200.0,200.0,200.0,403.5815753472221,650.0,200.0
2013-10-29 21:00:00-05:00,650.0,650.0,650.0,200.0,650.0,650.0,650.0,650.0,650.0,650.0,500.8402680555555,517.8298594907407,200.0,200.0,200.0,200.0,403.7152583333332,650.0,200.0
2013-10-29 22:00:00-05:00,650.0,650.0,650.0,200.0,650.0,650.0,650.0,650.0,650.0,650.0,500.8402680555555,517.7083333333334,200.0,200.0,200.0,200.0,403.6261363425924,650.0,200.0
2013-10-29 23:00:00-05:00,650.0,650.0,650.0,200.0,650.0,650.0,650.0,650.0,650.0,650.0,500.8402680555555,517.7083333333334,200.0,200.0,200.0,200.0,403.7152583333332,650.0,200.0
2013-10-30 00:00:00-05:00,650.0,650.0,650.0,200.0,650.0,650.0,650.0,650.0,650.0,650.0,500.8402680555555,517.7083333333334,200.0,200.0,200.0,200.0,403.8975499999999,650.0,200.0
2013-10-30 01:00:00-05:00,650.0,650.0,650.0,200.0,650.0,650.0,650.0,650.0,650.0,650.0,500.8402680555555,517.7083333333334,200.0,200.0,200.0,200.0,404.20136944444437,650.0,200.0
2013-10-30 02:00:00-05:00,650.0,650.0,650.0,200.0,650.0,650.0,650.0,650.0,650.0,650.0,500.8402680555555,517.7083333333334,200.0,200.0,200.0,200.0,403.7760222222221,650.0,200.0
2013-10-30 03:00:00-05:00,650.0,650.0,650.0,200.0,650.0,650.0,650.0,650.0,650.0,650.0,500.8402680555555,517.7083333333334,200.0,200.0,200.0,200.0,403.7152583333332,650.0,200.0
2013-10-30 04:00:00-05:00,650.0,650.0,650.0,200.0,650.0,650.0,650.0,650.0,650.0,650.0,500.8402680555555,517.7083333333334,200.0,200.0,200.0,200.0,403.7152583333332,650.0,200.0
2013-10-30 05:00:00-05:00,650.0,650.0,650.0,200.0,650.0,650.0,650.0,650.0,650.0,650.0,500.8402680555555,517.7083333333334,200.0,200.0,200.0,200.0,403.7152583333332,650.0,200.0
2013-10-30 06:00:00-05:00,650.0,650.0,650.0,200.0,650.0,650.0,650.0,650.0,650.0,650.0,500.8402680555555,517.7083333333334,200.0,200.0,200.0,200.0,403.7152583333332,650.0,200.0
2013-10-30 07:00:00-05:00,650.0,650.0,650.0,200.0,650.0,650.0,650.0,650.0,650.0,650.0,500.8402680555555,517.7083333333334,200.0,200.0,200.0,200.0,403.7152583333332,650.0,200.0
2013-10-30 08:00:00-05:00,650.0,650.0,650.0,200.0,650.0,650.0,650.0,650.0,650.0,650.0,500.8402680555555,518.0729118055556,200.0,200.0,200.0,200.0,403.7152583333332,650.0,200.0
2013-10-30 09:00:00-05:00,650.0,650.0,650.0,200.0,650.0,650.0,650.0,650.0,650.0,650.0,500.8402680555555,519.1666472222221,200.0,200.0,200.0,200.0,403.7152583333332,650.0,200.0
2013-10-30 10:00:00-05:00,650.0,650.0,650.0,200.0,650.0,650.0,650.0,650.0,650.0,650.0,500.8402680555555,519.1666472222221,200.0,200.0,200.0,200.0,403.7152583333332,650.0,200.0
2013-10-30 11:00:00-05:00,622.8865546296296,582.0694347222221,650.0,200.0,650.0,650.0,650.0,650.0,650.0,650.0,500.8402680555555,519.1666472222221,200.0,227.42707361111113,200.0,200.0,403.7152583333332,650.0,200.0
2013-10-30 12:00:00-05:00,577.694425,582.0694347222221,650.0,200.0,650.0,650.0,650.0,650.0,650.0,650.0,500.8402680555555,520.1024159722222,581.9843774305557,569.6168916666668,200.0,200.0,403.7152583333332,650.0,200.0
2013-10-30 13:00:00-05:00,611.2279898148148,582.0694347222221,650.0,200.0,650.0,650.0,650.0,650.0,650.0,650.0,500.8402680555555,522.9097222222221,359.2361208333333,650.0,200.0,200.0,403.7152583333332,650.0,200.0
2013-10-30 14:00:00-05:00,650.0,582.0694347222221,650.0,200.0,650.0,650.0,650.0,650.0,650.0,650.0,500.8402680555555,525.6643453703704,441.14987939814813,650.0,200.0,200.0,403.7152583333332,650.0,200.0
2013-10-30 15:00:00-05:00,650.0,581.5023050925925,650.0,200.0,650.0,650.0,650.0,650.0,650.0,650.0,500.8402680555555,526.7783516203705,481.918386574074,650.0,200.0,200.0,402.54050925925924,650.0,200.0
2013-10-30 16:00:00-05:00,650.0,581.3888791666666,650.0,200.0,650.0,650.0,650.0,650.0,650.0,650.0,500.8402680555555,524.4652777777779,299.2702546296297,650.0,200.0,200.0,402.5486111111111,650.0,200.0
2013-10-30 17:00:00-05:00,650.0,581.3888791666666,650.0,200.0,650.0,650.0,650.0,650.0,650.0,650.0,500.8402680555555,524.4652777777779,200.0,650.0,200.0,200.0,402.7430506944443,650.0,200.0
2013-10-30 18:00:00-05:00,650.0,581.3888791666666,650.0,200.0,650.0,650.0,650.0,650.0,650.0,650.0,500.8402680555555,524.4652777777779,200.0,650.0,200.0,200.0,401.88426736111103,650.0,200.0
2013-10-30 19:00:00-05:00,650.0,581.3888791666666,650.0,200.0,650.0,650.0,650.0,650.0,650.0,650.0,500.8402680555555,524.4328695601852,200.0,650.0,200.0,200.0,401.9409795138888,650.0,200.0
2013-10-30 20:00:00-05:00,650.0,581.3888791666666,650.0,200.0,650.0,650.0,650.0,650.0,650.0,650.0,500.8402680555555,523.4930506944443,200.0,650.0,200.0,200.0,402.5810160879629,650.0,200.0
2013-10-30 21:00:00-05:00,650.0,581.3888791666666,650.0,200.0,650.0,650.0,650.0,650.0,650.0,650.0,500.8402680555555,522.9097222222221,200.0,650.0,200.0,200.0,401.77084305555553,650.0,200.0
2013-10-30 22:00:00-05:00,650.0,581.3888791666666,650.0,200.0,650.0,650.0,650.0,650.0,650.0,650.0,500.8402680555555,522.9097222222221,200.0,650.0,200.0,200.0,401.77084305555553,650.0,200.0
2013-10-30 23:00:00-05:00,650.0,581.3888791666666,650.0,200.0,650.0,650.0,650.0,650.0,650.0,650.0,500.8402680555555,522.9097222222221,200.0,650.0,200.0,200.0,401.77084305555553,650.0,200.0
2013-10-31 00:00:00-05:00,650.0,581.3888791666666,650.0,200.0,650.0,650.0,650.0,650.0,650.0,650.0,500.8402680555555,522.9097222222221,200.0,650.0,200.0,200.0,401.77084305555553,650.0,200.0
2013-10-31 01:00:00-05:00,650.0,581.3888791666666,650.0,200.0,650.0,650.0,650.0,650.0,650.0,650.0,500.8402680555555,522.9097222222221,200.0,650.0,200.0,200.0,401.77084305555553,650.0,200.0
2013-10-31 02:00:00-05:00,650.0,581.3888791666666,650.0,200.0,650.0,650.0,650.0,650.0,650.0,650.0,500.8402680555555,522.9097222222221,200.0,650.0,200.0,200.0,401.77084305555553,650.0,200.0
2013-10-31 03:00:00-05:00,650.0,581.9560087962963,650.0,200.0,650.0,650.0,650.0,650.0,650.0,650.0,500.8402680555555,522.9097222222221,200.0,650.0,200.0,200.0,401.9409795138888,650.0,200.0
2013-10-31 04:00:00-05:00,650.0,582.0694347222221,650.0,200.0,650.0,650.0,650.0,650.0,650.0,650.0,500.8402680555555,522.9097222222221,200.0,650.0,200.0,200.0,401.77084305555553,650.0,200.0
2013-10-31 05:00:00-05:00,650.0,582.0694347222221,650.0,200.0,650.0,650.0,650.0,650.0,650.0,650.0,500.8402680555555,522.9097222222221,200.0,650.0,200.0,200.0,401.77084305555553,650.0,200.0
2013-10-31 06:00:00-05:00,650.0,582.0694347222221,650.0,200.0,650.0,650.0,650.0,650.0,650.0,650.0,500.8402680555555,522.9097222222221,200.0,650.0,200.0,200.0,401.77084305555553,650.0,200.0
2013-10-31 07:00:00-05:00,650.0,582.0694347222221,650.0,200.0,650.0,650.0,650.0,650.0,650.0,650.0,500.8402680555555,522.9097222222221,200.0,212.14698912037042,200.0,200.0,401.77084305555553,650.0,200.0
2013-10-31 08:00:00-05:00,638.9444444444446,582.0694347222221,650.0,200.0,650.0,650.0,650.0,650.0,650.0,650.0,500.8402680555555,523.1041650462961,200.0,242.4722206018518,200.0,200.0,341.90625810185185,650.0,200.0
2013-10-31 09:00:00-05:00,650.0,582.0694347222221,650.0,200.0,650.0,650.0,650.0,650.0,650.0,650.0,500.8402680555555,523.0069436342591,200.0,545.9513783564814,200.0,200.0,200.0,650.0,200.0
2013-10-31 10:00:00-05:00,628.6226940972224,650.0,650.0,200.0,650.0,650.0,650.0,650.0,650.0,650.0,527.0254597222222,523.3350678240739,200.0,441.17418819444447,200.0,200.0,200.0,650.0,200.0
2013-10-31 11:00:00-05:00,555.1875000000001,650.0,650.0,200.0,650.0,650.0,650.0,650.0,650.0,650.0,540.1180555555553,523.3472027777779,200.0,567.4536972222223,200.0,200.0,200.0,650.0,200.0
2013-10-31 12:00:00-05:00,555.1875000000001,650.0,650.0,200.0,650.0,650.0,650.0,650.0,650.0,650.0,540.1180555555553,523.3472027777779,200.0,567.6805458333333,200.0,200.0,200.0,650.0,200.0
2013-10-31 13:00:00-05:00,555.1875000000001,650.0,650.0,200.0,650.0,650.0,650.0,602.4131831018518,650.0,650.0,540.1180555555553,524.0237146990739,200.0,570.281232175926,200.0,200.0,200.0,650.0,200.0
2013-10-31 14:00:00-05:00,555.1875000000001,650.0,650.0,200.0,650.0,650.0,650.0,593.0555555555557,650.0,650.0,540.1180555555553,525.1012723379629,200.0,569.0659673611112,200.0,200.0,200.0,650.0,200.0
2013-10-31 15:00:00-05:00,555.1875000000001,650.0,650.0,200.0,650.0,650.0,650.0,650.0,650.0,650.0,540.1180555555553,525.3483788194444,200.0,569.2968555555558,200.0,200.0,200.0,650.0,200.0
2013-10-31 16:00:00-05:00,555.1875000000001,650.0,650.0,200.0,650.0,650.0,650.0,650.0,650.0,650.0,540.1180555555553,523.6712962962961,200.0,568.7662037037036,200.0,200.0,200.0,650.0,200.0
2013-10-31 17:00:00-05:00,571.6464104166668,650.0,650.0,200.0,650.0,650.0,650.0,650.0,650.0,650.0,540.1180555555553,522.9097222222221,200.0,568.9444444444443,200.0,200.0,200.0,650.0,200.0
2013-10-31 18:00:00-05:00,650.0,650.0,650.0,200.0,650.0,650.0,650.0,650.0,650.0,650.0,540.1180555555553,522.9097222222221,200.0,568.9444444444443,200.0,200.0,200.0,650.0,200.0
2013-10-31 19:00:00-05:00,650.0,650.0,650.0,200.0,650.0,650.0,650.0,650.0,650.0,650.0,540.1180555555553,522.9097222222221,200.0,409.90914351851853,200.0,200.0,200.0,650.0,200.0
2013-10-31 20:00:00-05:00,650.0,650.0,650.0,200.0,650.0,650.0,650.0,650.0,650.0,650.0,540.1180555555553,522.9097222222221,200.0,395.5,200.0,200.0,200.0,650.0,200.0
2013-10-31 21:00:00-05:00,650.0,650.0,650.0,200.0,650.0,650.0,650.0,650.0,650.0,650.0,540.1180555555553,522.9097222222221,200.0,395.5,200.0,200.0,200.0,650.0,200.0
2013-10-31 22:00:00-05:00,650.0,650.0,650.0,200.0,650.0,650.0,650.0,650.0,650.0,650.0,540.1180555555553,522.9097222222221,200.0,395.5,200.0,200.0,200.0,650.0,200.0
2013-10-31 23:00:00-05:00,650.0,650.0,650.0,200.0,650.0,650.0,650.0,650.0,650.0,650.0,540.1180555555553,522.9097222222221,200.0,395.5,200.0,200.0,200.0,650.0,200.0
2013-11-01 00:00:00-05:00,650.0,650.0,650.0,200.0,650.0,650.0,650.0,650.0,650.0,650.0,540.1180555555553,522.9097222222221,200.0,395.32175925925924,200.0,200.0,200.0,650.0,200.0
2013-11-01 01:00:00-05:00,650.0,650.0,650.0,200.0,650.0,650.0,650.0,650.0,650.0,650.0,540.1180555555553,522.9097222222221,200.0,395.5,200.0,200.0,200.0,650.0,200.0
2013-11-01 02:00:00-05:00,650.0,650.0,650.0,200.0,650.0,650.0,650.0,650.0,650.0,650.0,540.1180555555553,522.9097222222221,200.0,395.2326388888889,200.0,200.0,200.0,650.0,200.0
2013-11-01 03:00:00-05:00,650.0,650.0,650.0,200.0,650.0,650.0,650.0,650.0,650.0,650.0,540.1180555555553,522.9097222222221,200.0,395.36631944444446,200.0,200.0,200.0,650.0,200.0
2013-11-01 04:00:00-05:00,650.0,650.0,650.0,200.0,650.0,650.0,650.0,650.0,650.0,650.0,540.1180555555553,522.9097222222221,200.0,395.4108796296296,200.0,200.0,200.0,650.0,200.0
2013-11-01 05:00:00-05:00,650.0,650.0,650.0,200.0,650.0,650.0,650.0,650.0,650.0,650.0,540.1180555555553,522.9097222222221,200.0,396.1197851851852,200.0,200.0,200.0,650.0,200.0
2013-11-01 06:00:00-05:00,650.0,650.0,650.0,200.0,650.0,650.0,650.0,650.0,650.0,650.0,539.947905324074,522.9097222222221,200.0,396.9583138888889,200.0,200.0,200.0,650.0,200.0
2013-11-01 07:00:00-05:00,650.0,650.0,650.0,200.0,650.0,650.0,650.0,650.0,650.0,650.0,540.6487074074074,522.9097222222221,200.0,397.27023518518513,200.0,200.0,200.0,650.0,200.0
2013-11-01 08:00:00-05:00,650.0,650.0,650.0,200.0,650.0,650.0,650.0,650.0,650.0,650.0,541.2360916666667,522.9097222222221,200.0,510.8379516203703,200.0,200.0,200.0,650.0,200.0
2013-11-01 09:00:00-05:00,650.0,650.0,650.0,200.0,650.0,650.0,650.0,650.0,629.4328638888887,650.0,541.2360916666667,522.9097222222221,200.0,567.6805458333333,200.0,200.0,200.0,650.0,200.0
2013-11-01 10:00:00-05:00,650.0,650.0,650.0,200.0,650.0,650.0,650.0,650.0,594.060185185185,650.0,541.2360916666667,522.9097222222221,200.0,567.6805458333333,200.0,200.0,200.0,650.0,200.0
2013-11-01 11:00:00-05:00,650.0,650.0,650.0,200.0,650.0,650.0,650.0,650.0,649.6388888888888,650.0,627.2777802083334,592.0711805555553,200.0,300.1128447916666,200.0,200.0,200.0,650.0,200.0
2013-11-01 12:00:00-05:00,650.0,650.0,650.0,200.0,650.0,650.0,650.0,650.0,650.0,650.0,650.0,650.0,200.0,210.53471817129628,200.0,200.0,200.0,650.0,200.0
2013-11-01 13:00:00-05:00,650.0,650.0,650.0,200.0,650.0,650.0,650.0,650.0,650.0,650.0,650.0,650.0,200.0,429.0132980324073,200.0,200.0,200.0,650.0,385.87903310185186
2013-11-01 14:00:00-05:00,650.0,650.0,650.0,200.0,650.0,377.42881944444457,650.0,650.0,650.0,650.0,650.0,650.0,200.0,586.4930361111111,200.0,200.0,200.0,650.0,227.29339143518507
2013-11-01 15:00:00-05:00,650.0,650.0,650.0,200.0,650.0,650.0,650.0,650.0,650.0,650.0,650.0,650.0,200.0,586.1284527777777,200.0,200.0,200.0,650.0,200.0
2013-11-01 16:00:00-05:00,650.0,638.3124708333332,650.0,200.0,650.0,650.0,650.0,650.0,650.0,650.0,650.0,650.0,200.0,399.64003495370366,200.0,200.0,200.0,650.0,200.0
2013-11-01 17:00:00-05:00,650.0,650.0,650.0,200.0,650.0,650.0,650.0,650.0,650.0,650.0,650.0,650.0,200.0,200.0,200.0,200.0,200.0,650.0,200.0
2013-11-01 18:00:00-05:00,650.0,650.0,650.0,200.0,650.0,650.0,650.0,650.0,650.0,650.0,650.0,650.0,200.0,200.0,200.0,200.0,200.0,650.0,200.0
2013-11-01 19:00:00-05:00,650.0,650.0,650.0,200.0,650.0,650.0,650.0,650.0,650.0,650.0,650.0,650.0,200.0,200.0,200.0,200.0,200.0,650.0,200.0
2013-11-01 20:00:00-05:00,650.0,650.0,650.0,200.0,650.0,650.0,650.0,650.0,650.0,650.0,650.0,650.0,200.0,200.0,200.0,200.0,346.0624708333333,650.0,200.0
2013-11-01 21:00:00-05:00,650.0,650.0,650.0,200.0,650.0,650.0,650.0,650.0,650.0,650.0,650.0,650.0,200.0,200.0,200.0,200.0,200.0,650.0,200.0
2013-11-01 22:00:00-05:00,650.0,650.0,650.0,200.0,650.0,650.0,650.0,650.0,650.0,650.0,650.0,650.0,200.0,200.0,200.0,200.0,200.0,650.0,200.0
2013-11-01 23:00:00-05:00,650.0,650.0,650.0,200.0,650.0,650.0,650.0,650.0,650.0,650.0,650.0,650.0,200.0,200.0,200.0,200.0,200.0,650.0,200.0
2013-11-02 00:00:00-05:00,650.0,650.0,650.0,200.0,650.0,650.0,650.0,650.0,650.0,650.0,650.0,650.0,200.0,200.0,200.0,200.0,200.0,650.0,200.0
2013-11-02 01:00:00-05:00,650.0,650.0,650.0,200.0,650.0,650.0,650.0,650.0,650.0,650.0,650.0,650.0,200.0,200.0,200.0,200.0,200.0,650.0,200.0
2013-11-02 02:00:00-05:00,650.0,650.0,650.0,200.0,650.0,650.0,650.0,650.0,650.0,650.0,650.0,650.0,200.0,200.0,200.0,200.0,200.0,650.0,200.0
2013-11-02 03:00:00-05:00,650.0,650.0,650.0,200.0,650.0,650.0,650.0,650.0,650.0,650.0,650.0,650.0,200.0,200.0,200.0,200.0,200.0,650.0,200.0
2013-11-02 04:00:00-05:00,650.0,650.0,650.0,200.0,650.0,650.0,650.0,650.0,650.0,650.0,650.0,650.0,200.0,200.0,200.0,200.0,200.0,650.0,200.0
2013-11-02 05:00:00-05:00,650.0,650.0,650.0,200.0,650.0,650.0,650.0,650.0,650.0,650.0,650.0,650.0,200.0,200.0,200.0,200.0,200.0,650.0,200.0
2013-11-02 06:00:00-05:00,650.0,650.0,650.0,200.0,650.0,650.0,650.0,650.0,650.0,650.0,650.0,650.0,200.0,200.0,200.0,200.0,200.0,650.0,200.0
2013-11-02 07:00:00-05:00,650.0,650.0,650.0,200.0,650.0,650.0,650.0,650.0,650.0,650.0,650.0,650.0,200.0,200.0,200.0,200.0,200.0,650.0,200.0
2013-11-02 08:00:00-05:00,650.0,650.0,650.0,200.0,650.0,650.0,650.0,650.0,650.0,650.0,650.0,650.0,200.0,200.0,200.0,200.0,200.0,650.0,200.0
2013-11-02 09:00:00-05:00,650.0,650.0,650.0,200.0,650.0,650.0,650.0,650.0,650.0,650.0,650.0,650.0,200.0,200.0,200.0,200.0,200.0,650.0,200.0
2013-11-02 10:00:00-05:00,650.0,650.0,650.0,200.0,650.0,650.0,650.0,650.0,650.0,650.0,650.0,650.0,200.0,200.0,200.0,200.0,200.0,650.0,200.0
2013-11-02 11:00:00-05:00,650.0,650.0,650.0,200.0,650.0,650.0,650.0,650.0,650.0,650.0,650.0,650.0,200.0,200.0,200.0,200.0,200.0,650.0,200.0
2013-11-02 12:00:00-05:00,650.0,650.0,650.0,200.0,650.0,650.0,650.0,650.0,650.0,650.0,650.0,650.0,200.0,200.0,200.0,200.0,200.0,650.0,200.0
2013-11-02 13:00:00-05:00,650.0,650.0,650.0,200.0,650.0,650.0,650.0,650.0,650.0,650.0,650.0,650.0,200.0,200.0,200.0,200.0,200.0,650.0,200.0
2013-11-02 14:00:00-05:00,650.0,650.0,650.0,200.0,650.0,650.0,650.0,650.0,650.0,650.0,650.0,650.0,200.0,200.0,200.0,200.0,200.0,650.0,200.0
2013-11-02 15:00:00-05:00,650.0,650.0,650.0,200.0,650.0,650.0,650.0,650.0,650.0,650.0,650.0,650.0,200.0,200.0,200.0,200.0,200.0,650.0,200.0
2013-11-02 16:00:00-05:00,650.0,650.0,650.0,200.0,650.0,650.0,650.0,650.0,650.0,650.0,650.0,650.0,200.0,200.0,200.0,200.0,200.0,650.0,200.0
2013-11-02 17:00:00-05:00,650.0,650.0,650.0,200.0,650.0,650.0,650.0,650.0,650.0,650.0,650.0,650.0,200.0,200.0,200.0,200.0,200.0,650.0,200.0
2013-11-02 18:00:00-05:00,650.0,650.0,650.0,200.0,650.0,650.0,650.0,650.0,650.0,650.0,650.0,650.0,200.0,200.0,200.0,200.0,200.0,650.0,200.0
2013-11-02 19:00:00-05:00,650.0,650.0,650.0,200.0,650.0,650.0,650.0,650.0,650.0,650.0,650.0,650.0,200.0,200.0,200.0,200.0,200.0,650.0,200.0
2013-11-02 20:00:00-05:00,650.0,650.0,650.0,200.0,650.0,650.0,650.0,650.0,650.0,650.0,650.0,650.0,200.0,200.0,200.0,200.0,200.0,650.0,200.0
2013-11-02 21:00:00-05:00,650.0,650.0,650.0,200.0,650.0,650.0,650.0,650.0,650.0,650.0,650.0,650.0,200.0,200.0,200.0,200.0,200.0,650.0,200.0
2013-11-02 22:00:00-05:00,650.0,650.0,650.0,200.0,650.0,650.0,650.0,650.0,650.0,650.0,650.0,650.0,200.0,200.0,200.0,200.0,200.0,650.0,200.0
2013-11-02 23:00:00-05:00,650.0,650.0,650.0,200.0,650.0,650.0,650.0,650.0,650.0,650.0,650.0,650.0,200.0,200.0,200.0,200.0,200.0,650.0,200.0
2013-11-03 00:00:00-05:00,650.0,650.0,650.0,200.0,650.0,650.0,650.0,650.0,650.0,650.0,650.0,650.0,200.0,200.0,200.0,200.0,200.0,650.0,200.0
2013-11-03 01:00:00-05:00,650.0,650.0,650.0,200.0,650.0,650.0,650.0,650.0,650.0,650.0,650.0,650.0,200.0,200.0,200.0,200.0,200.0,650.0,200.0
2013-11-03 02:00:00-05:00,650.0,650.0,650.0,200.0,650.0,650.0,650.0,650.0,650.0,650.0,650.0,650.0,200.0,200.0,200.0,200.0,200.0,650.0,200.0
2013-11-03 03:00:00-05:00,650.0,650.0,650.0,200.0,650.0,650.0,650.0,650.0,650.0,650.0,650.0,650.0,200.0,200.0,200.0,200.0,200.0,650.0,200.0
2013-11-03 04:00:00-05:00,650.0,650.0,650.0,200.0,650.0,650.0,650.0,650.0,650.0,650.0,650.0,650.0,200.0,200.0,200.0,200.0,200.0,650.0,200.0
2013-11-03 05:00:00-05:00,650.0,650.0,650.0,200.0,650.0,650.0,650.0,650.0,650.0,650.0,650.0,650.0,200.0,200.0,200.0,200.0,200.0,650.0,200.0
2013-11-03 06:00:00-05:00,650.0,650.0,650.0,200.0,650.0,650.0,650.0,650.0,650.0,650.0,650.0,650.0,200.0,200.0,200.0,200.0,200.0,650.0,200.0
2013-11-03 07:00:00-05:00,650.0,650.0,650.0,200.0,650.0,650.0,650.0,650.0,650.0,650.0,650.0,650.0,200.0,200.0,200.0,200.0,200.0,650.0,200.0
2013-11-03 08:00:00-05:00,650.0,650.0,650.0,200.0,650.0,650.0,650.0,650.0,650.0,650.0,650.0,650.0,200.0,200.0,200.0,200.0,200.0,650.0,200.0
2013-11-03 09:00:00-05:00,650.0,650.0,650.0,200.0,650.0,650.0,650.0,650.0,650.0,650.0,650.0,650.0,200.0,200.0,200.0,200.0,200.0,650.0,200.0
2013-11-03 10:00:00-05:00,650.0,650.0,650.0,200.0,650.0,650.0,650.0,650.0,650.0,650.0,650.0,650.0,200.0,200.0,200.0,200.0,200.0,650.0,200.0
2013-11-03 11:00:00-05:00,650.0,650.0,650.0,200.0,650.0,650.0,650.0,650.0,650.0,650.0,650.0,650.0,200.0,200.0,200.0,200.0,200.0,650.0,200.0
2013-11-03 12:00:00-05:00,650.0,650.0,650.0,200.0,650.0,650.0,650.0,650.0,650.0,650.0,650.0,650.0,200.0,200.0,200.0,200.0,200.0,650.0,200.0
2013-11-03 13:00:00-05:00,650.0,650.0,650.0,200.0,650.0,650.0,650.0,650.0,650.0,650.0,650.0,650.0,200.0,200.0,200.0,200.0,200.0,650.0,200.0
2013-11-03 14:00:00-05:00,650.0,650.0,650.0,200.0,650.0,650.0,650.0,650.0,650.0,650.0,650.0,650.0,200.0,200.0,200.0,200.0,200.0,650.0,200.0
2013-11-03 15:00:00-05:00,650.0,650.0,650.0,200.0,650.0,650.0,650.0,650.0,650.0,650.0,650.0,650.0,200.0,200.0,200.0,200.0,200.0,650.0,200.0
2013-11-03 16:00:00-05:00,650.0,650.0,650.0,200.0,650.0,650.0,650.0,650.0,650.0,650.0,650.0,650.0,200.0,200.0,200.0,200.0,200.0,650.0,200.0
2013-11-03 17:00:00-05:00,650.0,650.0,650.0,200.0,650.0,650.0,650.0,650.0,650.0,650.0,650.0,650.0,200.0,200.0,200.0,200.0,361.9745418981483,650.0,200.0
2013-11-03 18:00:00-05:00,650.0,650.0,650.0,200.0,650.0,635.6510149305554,609.1822560185187,650.0,650.0,650.0,600.2702189814818,617.0694266203705,200.0,200.0,200.0,200.0,200.0,650.0,200.0
2013-11-03 19:00:00-05:00,650.0,650.0,650.0,200.0,650.0,650.0,650.0,650.0,650.0,650.0,650.0,650.0,200.0,200.0,200.0,200.0,200.0,650.0,200.0
2013-11-03 20:00:00-05:00,650.0,650.0,650.0,200.0,650.0,650.0,650.0,650.0,650.0,650.0,650.0,650.0,200.0,200.0,200.0,200.0,200.0,650.0,200.0
2013-11-03 21:00:00-05:00,650.0,650.0,650.0,200.0,650.0,650.0,650.0,650.0,650.0,650.0,650.0,650.0,200.0,200.0,200.0,200.0,200.0,650.0,200.0
2013-11-03 22:00:00-05:00,650.0,650.0,650.0,200.0,650.0,650.0,650.0,650.0,650.0,650.0,650.0,650.0,200.0,200.0,200.0,200.0,200.0,650.0,200.0
2013-11-03 23:00:00-05:00,650.0,650.0,650.0,200.0,650.0,650.0,650.0,650.0,650.0,650.0,650.0,650.0,200.0,200.0,200.0,200.0,200.0,650.0,200.0
2013-11-04 00:00:00-05:00,650.0,650.0,650.0,200.0,650.0,650.0,650.0,650.0,650.0,650.0,650.0,650.0,200.0,200.0,200.0,200.0,200.0,650.0,200.0
2013-11-04 01:00:00-05:00,650.0,650.0,650.0,200.0,650.0,650.0,650.0,650.0,650.0,650.0,650.0,650.0,200.0,200.0,200.0,200.0,200.0,650.0,200.0
2013-11-04 02:00:00-05:00,650.0,650.0,650.0,200.0,650.0,650.0,650.0,650.0,650.0,650.0,650.0,650.0,200.0,200.0,200.0,200.0,200.0,650.0,200.0
2013-11-04 03:00:00-05:00,650.0,650.0,650.0,200.0,650.0,650.0,650.0,650.0,650.0,650.0,650.0,650.0,200.0,200.0,200.0,200.0,200.0,650.0,200.0
2013-11-04 04:00:00-05:00,650.0,650.0,650.0,200.0,650.0,650.0,650.0,650.0,650.0,650.0,650.0,650.0,200.0,200.0,200.0,200.0,200.0,650.0,200.0
2013-11-04 05:00:00-05:00,650.0,650.0,650.0,200.0,650.0,650.0,650.0,650.0,650.0,650.0,650.0,650.0,200.0,200.0,200.0,200.0,200.0,650.0,200.0
2013-11-04 06:00:00-05:00,650.0,650.0,650.0,200.0,650.0,650.0,650.0,650.0,650.0,650.0,650.0,650.0,200.0,200.0,200.0,200.0,200.0,650.0,200.0
2013-11-04 07:00:00-05:00,650.0,650.0,650.0,200.0,650.0,650.0,650.0,650.0,650.0,650.0,650.0,650.0,200.0,200.0,200.0,200.0,200.0,650.0,200.0
2013-11-04 08:00:00-05:00,650.0,650.0,650.0,200.0,650.0,650.0,650.0,650.0,650.0,650.0,650.0,650.0,200.0,200.0,200.0,200.0,200.0,650.0,200.0
2013-11-04 09:00:00-05:00,650.0,650.0,650.0,200.0,650.0,650.0,650.0,650.0,650.0,650.0,650.0,650.0,200.0,200.0,200.0,200.0,200.0,650.0,200.0
2013-11-04 10:00:00-05:00,650.0,650.0,650.0,200.0,650.0,650.0,650.0,650.0,650.0,650.0,650.0,650.0,200.0,279.8055555555555,200.0,200.0,200.0,650.0,200.0
2013-11-04 11:00:00-05:00,650.0,650.0,650.0,200.0,650.0,650.0,650.0,650.0,650.0,650.0,650.0,650.0,200.0,297.75114525462965,200.0,200.0,200.0,650.0,200.0
2013-11-04 12:00:00-05:00,650.0,650.0,650.0,200.0,650.0,650.0,650.0,650.0,650.0,650.0,650.0,650.0,200.0,296.7708203703705,200.0,200.0,200.0,650.0,200.0
2013-11-04 13:00:00-05:00,650.0,650.0,650.0,200.0,650.0,650.0,650.0,650.0,650.0,650.0,650.0,650.0,200.0,297.0138791666668,200.0,200.0,200.0,650.0,200.0
2013-11-04 14:00:00-05:00,650.0,650.0,650.0,200.0,650.0,642.8333211805555,650.0,650.0,650.0,650.0,650.0,650.0,200.0,297.0138791666668,200.0,200.0,200.0,650.0,200.0
2013-11-04 15:00:00-05:00,650.0,650.0,650.0,200.0,650.0,512.8998688657407,626.1192283564816,650.0,650.0,650.0,650.0,650.0,200.0,311.85647175925936,200.0,200.0,200.0,650.0,200.0
2013-11-04 16:00:00-05:00,650.0,650.0,650.0,200.0,650.0,650.0,627.8124708333331,650.0,650.0,650.0,650.0,650.0,200.0,465.79975717592595,200.0,200.0,200.0,650.0,200.0
2013-11-04 17:00:00-05:00,650.0,650.0,650.0,200.0,650.0,650.0,627.8124708333331,650.0,650.0,650.0,650.0,650.0,200.0,200.0,200.0,200.0,200.0,650.0,200.0
2013-11-04 18:00:00-05:00,650.0,650.0,650.0,200.0,650.0,650.0,627.8124708333331,650.0,650.0,650.0,650.0,650.0,200.0,478.64928773148154,200.0,200.0,200.0,650.0,200.0
2013-11-04 19:00:00-05:00,650.0,650.0,650.0,200.0,650.0,650.0,627.8124708333331,650.0,650.0,650.0,650.0,650.0,200.0,521.7916472222222,200.0,200.0,200.0,650.0,200.0
2013-11-04 20:00:00-05:00,650.0,650.0,650.0,200.0,650.0,650.0,627.8124708333331,650.0,650.0,650.0,650.0,650.0,200.0,521.7916472222222,200.0,200.0,200.0,650.0,200.0
2013-11-04 21:00:00-05:00,650.0,650.0,650.0,200.0,650.0,650.0,627.8124708333331,650.0,650.0,650.0,650.0,650.0,200.0,521.7916472222222,200.0,200.0,200.0,650.0,200.0
2013-11-04 22:00:00-05:00,650.0,650.0,650.0,200.0,603.4583349537036,650.0,627.8124708333331,650.0,650.0,650.0,650.0,650.0,200.0,200.0,200.0,200.0,200.0,650.0,200.0
2013-11-04 23:00:00-05:00,650.0,650.0,650.0,200.0,650.0,650.0,627.8124708333331,650.0,650.0,650.0,650.0,650.0,200.0,200.0,200.0,200.0,200.0,650.0,200.0
2013-11-05 00:00:00-05:00,650.0,650.0,650.0,200.0,650.0,650.0,627.8124708333331,650.0,650.0,650.0,650.0,650.0,200.0,200.0,200.0,200.0,200.0,650.0,200.0
2013-11-05 01:00:00-05:00,650.0,650.0,650.0,200.0,650.0,650.0,627.8124708333331,650.0,650.0,650.0,650.0,650.0,200.0,200.0,200.0,200.0,200.0,650.0,200.0
2013-11-05 02:00:00-05:00,650.0,650.0,650.0,200.0,650.0,650.0,627.8124708333331,650.0,650.0,650.0,650.0,650.0,200.0,200.0,200.0,200.0,200.0,650.0,200.0
2013-11-05 03:00:00-05:00,650.0,650.0,650.0,200.0,650.0,650.0,627.8124708333331,650.0,650.0,650.0,650.0,650.0,200.0,200.0,200.0,200.0,200.0,650.0,200.0
2013-11-05 04:00:00-05:00,650.0,650.0,650.0,200.0,650.0,650.0,627.8124708333331,650.0,650.0,650.0,650.0,650.0,200.0,200.0,200.0,200.0,200.0,650.0,200.0
2013-11-05 05:00:00-05:00,650.0,650.0,650.0,200.0,650.0,650.0,627.8124708333331,650.0,650.0,650.0,650.0,650.0,200.0,200.0,200.0,200.0,200.0,650.0,200.0
2013-11-05 06:00:00-05:00,650.0,650.0,650.0,200.0,650.0,650.0,627.8124708333331,650.0,650.0,650.0,650.0,650.0,200.0,200.0,200.0,200.0,200.0,650.0,200.0
2013-11-05 07:00:00-05:00,650.0,650.0,650.0,200.0,650.0,650.0,627.8124708333331,650.0,650.0,650.0,650.0,650.0,200.0,200.0,200.0,200.0,200.0,650.0,200.0
2013-11-05 08:00:00-05:00,650.0,650.0,650.0,200.0,650.0,650.0,627.8124708333331,650.0,650.0,650.0,650.0,650.0,523.0879451388887,200.0,200.0,200.0,200.0,650.0,200.0
2013-11-05 09:00:00-05:00,650.0,650.0,650.0,200.0,650.0,650.0,627.8124708333331,650.0,650.0,650.0,650.0,650.0,287.4780003472222,200.0,200.0,200.0,200.0,650.0,200.0
2013-11-05 10:00:00-05:00,650.0,650.0,650.0,200.0,650.0,650.0,650.0,650.0,650.0,650.0,650.0,650.0,213.8645784722222,200.0,200.0,200.0,200.0,650.0,200.0
2013-11-05 11:00:00-05:00,650.0,650.0,650.0,200.0,650.0,650.0,650.0,650.0,650.0,650.0,650.0,650.0,200.0,200.0,200.0,200.0,200.0,650.0,200.0
2013-11-05 12:00:00-05:00,630.4860916666669,650.0,650.0,200.0,650.0,650.0,587.4166472222222,650.0,650.0,530.1730137731482,650.0,650.0,200.0,200.0,200.0,200.0,200.0,650.0,200.0
2013-11-05 13:00:00-05:00,630.4860916666669,650.0,650.0,200.0,650.0,650.0,587.4166472222222,650.0,650.0,487.23319895833333,650.0,650.0,200.0,200.0,200.0,200.0,200.0,650.0,200.0
2013-11-05 14:00:00-05:00,650.0,650.0,650.0,200.0,650.0,650.0,632.0781055555553,650.0,650.0,529.8205969907408,650.0,650.0,200.0,200.0,200.0,200.0,200.0,650.0,200.0
2013-11-05 15:00:00-05:00,546.6602903935185,650.0,650.0,200.0,650.0,650.0,647.9901247685183,650.0,650.0,428.22742488425916,650.0,650.0,200.0,539.5063479166668,200.0,200.0,200.0,650.0,587.3680199074074
2013-11-05 16:00:00-05:00,650.0,650.0,650.0,200.0,650.0,650.0,650.0,650.0,650.0,429.21990416666677,650.0,650.0,200.0,540.3124935185185,200.0,200.0,200.0,650.0,240.51156111111115
2013-11-05 17:00:00-05:00,650.0,650.0,650.0,200.0,650.0,650.0,650.0,650.0,650.0,445.411456712963,650.0,650.0,200.0,540.7986111111111,200.0,200.0,200.0,650.0,200.0
2013-11-05 18:00:00-05:00,650.0,650.0,650.0,200.0,650.0,650.0,650.0,650.0,579.1041569444443,616.2673400462961,650.0,650.0,200.0,540.7986111111111,200.0,200.0,200.0,650.0,200.0
2013-11-05 19:00:00-05:00,650.0,650.0,650.0,200.0,650.0,650.0,650.0,650.0,579.1041569444443,616.02428125,650.0,650.0,200.0,541.1550925925926,200.0,200.0,200.0,650.0,200.0
2013-11-05 20:00:00-05:00,650.0,650.0,650.0,200.0,650.0,650.0,650.0,650.0,579.1041569444443,615.841987152778,650.0,650.0,200.0,541.3333333333331,200.0,200.0,200.0,650.0,200.0
2013-11-05 21:00:00-05:00,650.0,650.0,650.0,200.0,650.0,650.0,650.0,650.0,579.1041569444444,616.2430341666666,650.0,650.0,200.0,541.3333333333334,200.0,200.0,200.0,650.0,200.0
