2013-10-24 17:00:00-05:00,4967.0
2013-10-24 18:00:00-05:00,4967.0
2013-10-24 19:00:00-05:00,4967.0
2013-10-24 20:00:00-05:00,4967.0
2013-10-24 21:00:00-05:00,4967.0
2013-10-24 22:00:00-05:00,4967.0
2013-10-24 23:00:00-05:00,4967.0
2013-10-25 00:00:00-05:00,4967.0
2013-10-25 01:00:00-05:00,4967.0
2013-10-25 02:00:00-05:00,4967.0
2013-10-25 03:00:00-05:00,4967.0
2013-10-25 04:00:00-05:00,4967.0
2013-10-25 05:00:00-05:00,4967.0
2013-10-25 06:00:00-05:00,4967.0
2013-10-25 07:00:00-05:00,4967.0
2013-10-25 08:00:00-05:00,4967.0
2013-10-25 09:00:00-05:00,4967.0
2013-10-25 10:00:00-05:00,4967.0
2013-10-25 11:00:00-05:00,4967.0
2013-10-25 12:00:00-05:00,4967.0
2013-10-25 13:00:00-05:00,4967.0
2013-10-25 14:00:00-05:00,4967.0
2013-10-25 15:00:00-05:00,4967.0
2013-10-25 16:00:00-05:00,4967.0
2013-10-25 17:00:00-05:00,4967.0
2013-10-25 18:00:00-05:00,4967.0
2013-10-25 19:00:00-05:00,4967.0
2013-10-25 20:00:00-05:00,4967.0
2013-10-25 21:00:00-05:00,4967.0
2013-10-25 22:00:00-05:00,4967.0
2013-10-25 23:00:00-05:00,4967.0
2013-10-26 00:00:00-05:00,4967.0
2013-10-26 01:00:00-05:00,4967.0
2013-10-26 02:00:00-05:00,4967.0
2013-10-26 03:00:00-05:00,4967.0
2013-10-26 04:00:00-05:00,4967.0
2013-10-26 05:00:00-05:00,4967.0
2013-10-26 06:00:00-05:00,4967.0
2013-10-26 07:00:00-05:00,4967.0
2013-10-26 08:00:00-05:00,4967.0
2013-10-26 09:00:00-05:00,4967.0
2013-10-26 10:00:00-05:00,4967.0
2013-10-26 11:00:00-05:00,4967.0
2013-10-26 12:00:00-05:00,4967.0
2013-10-26 13:00:00-05:00,4967.0
2013-10-26 14:00:00-05:00,4967.0
2013-10-26 15:00:00-05:00,4967.0
2013-10-26 16:00:00-05:00,4967.0
2013-10-26 17:00:00-05:00,4967.0
2013-10-26 18:00:00-05:00,4967.0
2013-10-26 19:00:00-05:00,4967.0
2013-10-26 20:00:00-05:00,4967.0
2013-10-26 21:00:00-05:00,4967.0
2013-10-26 22:00:00-05:00,4967.0
2013-10-26 23:00:00-05:00,4967.0
2013-10-27 00:00:00-05:00,4967.0
2013-10-27 01:00:00-05:00,4967.0
2013-10-27 02:00:00-05:00,4967.0
2013-10-27 03:00:00-05:00,4967.0
2013-10-27 04:00:00-05:00,4967.0
2013-10-27 05:00:00-05:00,4967.0
2013-10-27 06:00:00-05:00,4967.0
2013-10-27 07:00:00-05:00,4967.0
2013-10-27 08:00:00-05:00,4967.0
2013-10-27 09:00:00-05:00,4967.0
2013-10-27 10:00:00-05:00,4967.0
2013-10-27 11:00:00-05:00,4967.0
2013-10-27 12:00:00-05:00,4967.0
2013-10-27 13:00:00-05:00,4967.0
2013-10-27 14:00:00-05:00,4967.0
2013-10-27 15:00:00-05:00,4967.0
2013-10-27 16:00:00-05:00,4967.0
2013-10-27 17:00:00-05:00,4967.0
2013-10-27 18:00:00-05:00,4967.0
2013-10-27 19:00:00-05:00,4967.0
2013-10-27 20:00:00-05:00,4967.0
2013-10-27 21:00:00-05:00,4967.0
2013-10-27 22:00:00-05:00,4967.0
2013-10-27 23:00:00-05:00,4967.0
2013-10-28 00:00:00-05:00,4967.0
2013-10-28 01:00:00-05:00,4967.0
2013-10-28 02:00:00-05:00,4967.0
2013-10-28 03:00:00-05:00,4967.0
2013-10-28 04:00:00-05:00,4967.0
2013-10-28 05:00:00-05:00,4967.0
2013-10-28 06:00:00-05:00,4967.0
2013-10-28 07:00:00-05:00,4967.0
2013-10-28 08:00:00-05:00,4967.0
2013-10-28 09:00:00-05:00,4967.0
2013-10-28 10:00:00-05:00,4967.0
2013-10-28 11:00:00-05:00,4967.0
2013-10-28 12:00:00-05:00,4967.0
2013-10-28 13:00:00-05:00,4967.0
2013-10-28 14:00:00-05:00,4967.0
2013-10-28 15:00:00-05:00,4967.0
2013-10-28 16:00:00-05:00,4967.0
2013-10-28 17:00:00-05:00,4967.0
2013-10-28 18:00:00-05:00,4967.0
2013-10-28 19:00:00-05:00,4946.987193981481
2013-10-28 20:00:00-05:00,4947.003412268519
2013-10-28 21:00:00-05:00,4947.222163888889
2013-10-28 22:00:00-05:00,4945.399226157407
2013-10-28 23:00:00-05:00,4945.152101041667
2013-10-29 00:00:00-05:00,4944.913102083333
2013-10-29 01:00:00-05:00,4945.241227083333
2013-10-29 02:00:00-05:00,4944.706507291667
2013-10-29 03:00:00-05:00,4944.900942013888
2013-10-29 04:00:00-05:00,4944.139385763889
2013-10-29 05:00:00-05:00,4944.062418981483
2013-10-29 06:00:00-05:00,4943.78289375
2013-10-29 07:00:00-05:00,4943.001047222222
2013-10-29 08:00:00-05:00,4943.592503472222
2013-10-29 09:00:00-05:00,4943.527690277778
2013-10-29 10:00:00-05:00,4967.0
2013-10-29 11:00:00-05:00,4967.0
2013-10-29 12:00:00-05:00,4967.0
2013-10-29 13:00:00-05:00,4967.0
2013-10-29 14:00:00-05:00,4967.0
2013-10-29 15:00:00-05:00,4859.240607870371
2013-10-29 16:00:00-05:00,4795.134726157408
2013-10-29 17:00:00-05:00,4871.970404282408
2013-10-29 18:00:00-05:00,4648.622570138889
2013-10-29 19:00:00-05:00,4619.459927662037
2013-10-29 20:00:00-05:00,4610.090130324074
2013-10-29 21:00:00-05:00,4608.959928472223
2013-10-29 22:00:00-05:00,4608.878931828704
2013-10-29 23:00:00-05:00,4608.66016400463
2013-10-30 00:00:00-05:00,4608.575084837963
2013-10-30 01:00:00-05:00,4607.610965277779
2013-10-30 02:00:00-05:00,4607.416520833333
2013-10-30 03:00:00-05:00,4607.8540111111115
2013-10-30 04:00:00-05:00,4607.8540111111115
2013-10-30 05:00:00-05:00,4607.521841666667
2013-10-30 06:00:00-05:00,4606.829142245371
2013-10-30 07:00:00-05:00,4606.590133564815
2013-10-30 08:00:00-05:00,4619.650313888889
2013-10-30 09:00:00-05:00,4646.354011111111
2013-10-30 10:00:00-05:00,4884.939656018519
2013-10-30 11:00:00-05:00,4967.0
2013-10-30 12:00:00-05:00,4967.0
2013-10-30 13:00:00-05:00,4967.0
2013-10-30 14:00:00-05:00,4967.0
2013-10-30 15:00:00-05:00,4967.0
2013-10-30 16:00:00-05:00,4967.0
2013-10-30 17:00:00-05:00,4967.0
2013-10-30 18:00:00-05:00,4967.0
2013-10-30 19:00:00-05:00,4967.0
2013-10-30 20:00:00-05:00,4967.0
2013-10-30 21:00:00-05:00,4967.0
2013-10-30 22:00:00-05:00,4967.0
2013-10-30 23:00:00-05:00,4967.0
2013-10-31 00:00:00-05:00,4967.0
2013-10-31 01:00:00-05:00,4967.0
2013-10-31 02:00:00-05:00,4967.0
2013-10-31 03:00:00-05:00,4967.0
2013-10-31 04:00:00-05:00,4967.0
2013-10-31 05:00:00-05:00,4967.0
2013-10-31 06:00:00-05:00,4967.0
2013-10-31 07:00:00-05:00,4967.0
2013-10-31 08:00:00-05:00,4967.0
2013-10-31 09:00:00-05:00,4967.0
2013-10-31 10:00:00-05:00,4967.0
2013-10-31 11:00:00-05:00,4967.0
2013-10-31 12:00:00-05:00,4967.0
2013-10-31 13:00:00-05:00,4967.0
2013-10-31 14:00:00-05:00,4967.0
2013-10-31 15:00:00-05:00,4967.0
2013-10-31 16:00:00-05:00,4967.0
2013-10-31 17:00:00-05:00,4808.686835416666
2013-10-31 18:00:00-05:00,4813.420621180555
2013-10-31 19:00:00-05:00,4812.4038574074075
2013-10-31 20:00:00-05:00,4758.795641435185
2013-10-31 21:00:00-05:00,4759.091366319445
2013-10-31 22:00:00-05:00,4758.969828009259
2013-10-31 23:00:00-05:00,4759.245276388889
2013-11-01 00:00:00-05:00,4758.49991087963
2013-11-01 01:00:00-05:00,4758.443186574074
2013-11-01 02:00:00-05:00,4759.330345023149
2013-11-01 03:00:00-05:00,4759.856971875
2013-11-01 04:00:00-05:00,4759.743551620371
2013-11-01 05:00:00-05:00,4760.006874768519
2013-11-01 06:00:00-05:00,4759.682774768518
2013-11-01 07:00:00-05:00,4759.51670462963
2013-11-01 08:00:00-05:00,4759.38707013889
2013-11-01 09:00:00-05:00,4814.783486226853
2013-11-01 10:00:00-05:00,4967.0
2013-11-01 11:00:00-05:00,4967.0
2013-11-01 12:00:00-05:00,4967.0
2013-11-01 13:00:00-05:00,4967.0
2013-11-01 14:00:00-05:00,4967.0
2013-11-01 15:00:00-05:00,4967.0
2013-11-01 16:00:00-05:00,4967.0
2013-11-01 17:00:00-05:00,4710.790394212962
2013-11-01 18:00:00-05:00,4710.126048032407
2013-11-01 19:00:00-05:00,4708.959353819445
2013-11-01 20:00:00-05:00,4708.849986111111
2013-11-01 21:00:00-05:00,4709.477878009259
2013-11-01 22:00:00-05:00,4708.619081712963
2013-11-01 23:00:00-05:00,4706.180425925926
2013-11-02 00:00:00-05:00,4705.734839467592
2013-11-02 01:00:00-05:00,4707.298499305555
2013-11-02 02:00:00-05:00,4706.504511342593
2013-11-02 03:00:00-05:00,4706.6705822916665
2013-11-02 04:00:00-05:00,4704.584374074075
2013-11-02 05:00:00-05:00,4704.576273842593
2013-11-02 06:00:00-05:00,4704.519568171296
2013-11-02 07:00:00-05:00,4703.798518750001
2013-11-02 08:00:00-05:00,4704.264351736111
2013-11-02 09:00:00-05:00,4702.457647685185
2013-11-02 10:00:00-05:00,4702.777663541666
2013-11-02 11:00:00-05:00,4696.446080092594
2013-11-02 12:00:00-05:00,4701.311259953703
2013-11-02 13:00:00-05:00,4689.4136710648145
2013-11-02 14:00:00-05:00,4654.5068180555545
2013-11-02 15:00:00-05:00,4872.225574537037
2013-11-02 16:00:00-05:00,4791.763791666666
2013-11-02 17:00:00-05:00,4882.296236342593
2013-11-02 18:00:00-05:00,4804.43743599537
2013-11-02 19:00:00-05:00,4679.4802479166665
2013-11-02 20:00:00-05:00,4596.006870717593
2013-11-02 21:00:00-05:00,4570.5225013888885
2013-11-02 22:00:00-05:00,4570.571092245371
2013-11-02 23:00:00-05:00,4571.5068763888885
2013-11-03 00:00:00-05:00,4571.55548912037
2013-11-03 01:00:00-05:00,4571.502824652778
2013-11-03 02:00:00-05:00,4571.9160134259255
2013-11-03 03:00:00-05:00,4572.284654166667
2013-11-03 04:00:00-05:00,4570.623774537037
2013-11-03 05:00:00-05:00,4570.3604619212965
2013-11-03 06:00:00-05:00,4570.291598611111
2013-11-03 07:00:00-05:00,4570.656181134259
2013-11-03 08:00:00-05:00,4569.744724421296
2013-11-03 09:00:00-05:00,4569.384194444444
2013-11-03 10:00:00-05:00,4569.323422453704
2013-11-03 11:00:00-05:00,4568.979092939815
2013-11-03 12:00:00-05:00,4569.627256481482
2013-11-03 13:00:00-05:00,4619.514398726852
2013-11-03 14:00:00-05:00,4654.854658680556
2013-11-03 15:00:00-05:00,4787.441465046297
2013-11-03 16:00:00-05:00,4753.010896527778
2013-11-03 17:00:00-05:00,4429.902688657407
2013-11-03 18:00:00-05:00,4375.950151273149
2013-11-03 19:00:00-05:00,4718.389355787038
2013-11-03 20:00:00-05:00,4826.484252662037
2013-11-03 21:00:00-05:00,4370.886475231482
2013-11-03 22:00:00-05:00,4369.225603703704
2013-11-03 23:00:00-05:00,4369.375493634259
2013-11-04 00:00:00-05:00,4369.906164120371
2013-11-04 01:00:00-05:00,4369.954772800927
2013-11-04 02:00:00-05:00,4369.731971875
2013-11-04 03:00:00-05:00,4369.683363194445
2013-11-04 04:00:00-05:00,4369.095971643519
2013-11-04 05:00:00-05:00,4368.767836111112
2013-11-04 06:00:00-05:00,4369.525354398149
2013-11-04 07:00:00-05:00,4369.736025231482
2013-11-04 08:00:00-05:00,4369.590190277779
2013-11-04 09:00:00-05:00,4458.998166666668
2013-11-04 10:00:00-05:00,4967.0
2013-11-04 11:00:00-05:00,4967.0
2013-11-04 12:00:00-05:00,4967.0
2013-11-04 13:00:00-05:00,4967.0
2013-11-04 14:00:00-05:00,4967.0
2013-11-04 15:00:00-05:00,4967.0
2013-11-04 16:00:00-05:00,4967.0
2013-11-04 17:00:00-05:00,4967.0
2013-11-04 18:00:00-05:00,4967.0
2013-11-04 19:00:00-05:00,4967.0
2013-11-04 20:00:00-05:00,4967.0
2013-11-04 21:00:00-05:00,4967.0
2013-11-04 22:00:00-05:00,4967.0
2013-11-04 23:00:00-05:00,4967.0
2013-11-05 00:00:00-05:00,4967.0
2013-11-05 01:00:00-05:00,4967.0
2013-11-05 02:00:00-05:00,4967.0
2013-11-05 03:00:00-05:00,4967.0
2013-11-05 04:00:00-05:00,4967.0
2013-11-05 05:00:00-05:00,4967.0
2013-11-05 06:00:00-05:00,4967.0
2013-11-05 07:00:00-05:00,4967.0
2013-11-05 08:00:00-05:00,4967.0
2013-11-05 09:00:00-05:00,4967.0
2013-11-05 10:00:00-05:00,4967.0
2013-11-05 11:00:00-05:00,4967.0
2013-11-05 12:00:00-05:00,4967.0
2013-11-05 13:00:00-05:00,4967.0
2013-11-05 14:00:00-05:00,4967.0
2013-11-05 15:00:00-05:00,4967.0
2013-11-05 16:00:00-05:00,4967.0
2013-11-05 17:00:00-05:00,4967.0
2013-11-05 18:00:00-05:00,4958.279413425925
2013-11-05 19:00:00-05:00,4967.0
2013-11-05 20:00:00-05:00,4967.0
2013-11-05 21:00:00-05:00,4967.0
2013-11-05 22:00:00-05:00,4967.0
2013-11-05 23:00:00-05:00,4967.0
2013-11-06 00:00:00-05:00,4967.0
2013-11-06 01:00:00-05:00,4967.0
2013-11-06 02:00:00-05:00,4967.0
2013-11-06 03:00:00-05:00,4967.0
2013-11-06 04:00:00-05:00,4967.0
2013-11-06 05:00:00-05:00,4967.0
2013-11-06 06:00:00-05:00,4967.0
2013-11-06 07:00:00-05:00,4967.0
2013-11-06 08:00:00-05:00,4967.0
2013-11-06 09:00:00-05:00,4967.0
2013-11-06 10:00:00-05:00,4967.0
2013-11-06 11:00:00-05:00,4967.0
2013-11-06 12:00:00-05:00,4967.0
2013-11-06 13:00:00-05:00,4967.0
2013-11-06 14:00:00-05:00,4967.0
2013-11-06 15:00:00-05:00,4967.0
2013-11-06 16:00:00-05:00,4967.0
2013-11-06 17:00:00-05:00,4967.0
2013-11-06 18:00:00-05:00,4967.0
2013-11-06 19:00:00-05:00,4967.0
2013-11-06 20:00:00-05:00,4967.0
2013-11-06 21:00:00-05:00,4967.0
2013-11-06 22:00:00-05:00,4967.0
2013-11-06 23:00:00-05:00,4967.0
2013-11-07 00:00:00-05:00,4967.0
2013-11-07 01:00:00-05:00,4967.0
2013-11-07 02:00:00-05:00,4967.0
2013-11-07 03:00:00-05:00,4967.0
2013-11-07 04:00:00-05:00,4967.0
2013-11-07 05:00:00-05:00,4967.0
2013-11-07 06:00:00-05:00,4967.0
2013-11-07 07:00:00-05:00,4967.0
2013-11-07 08:00:00-05:00,4967.0
2013-11-07 09:00:00-05:00,4967.0
2013-11-07 10:00:00-05:00,4967.0
2013-11-07 11:00:00-05:00,4967.0
2013-11-07 12:00:00-05:00,4967.0
2013-11-07 13:00:00-05:00,4967.0
2013-11-07 14:00:00-05:00,4967.0
2013-11-07 15:00:00-05:00,4967.0
2013-11-07 16:00:00-05:00,4967.0
2013-11-07 17:00:00-05:00,4967.0
2013-11-07 18:00:00-05:00,4967.0
2013-11-07 19:00:00-05:00,4855.805471296296
2013-11-07 20:00:00-05:00,4748.5242148148145
2013-11-07 21:00:00-05:00,4747.483091203703
2013-11-07 22:00:00-05:00,4747.260313773148
2013-11-07 23:00:00-05:00,4746.867376793982
2013-11-08 00:00:00-05:00,4747.361590162037
2013-11-08 01:00:00-05:00,4746.978759027777
2013-11-08 02:00:00-05:00,4746.482526273147
2013-11-08 03:00:00-05:00,4746.182766666666
2013-11-08 04:00:00-05:00,4745.757397569445
2013-11-08 05:00:00-05:00,4745.789813888889
2013-11-08 06:00:00-05:00,4746.320473842592
2013-11-08 07:00:00-05:00,4746.186804629629
2013-11-08 08:00:00-05:00,4745.842495370371
2013-11-08 09:00:00-05:00,4691.120280034723
2013-11-08 10:00:00-05:00,4720.124902777778
2013-11-08 11:00:00-05:00,4778.243532175926
2013-11-08 12:00:00-05:00,4761.444318865741
2013-11-08 13:00:00-05:00,4743.936195138889
2013-11-08 14:00:00-05:00,4671.716360648148
2013-11-08 15:00:00-05:00,4967.0
2013-11-08 16:00:00-05:00,4967.0
2013-11-08 17:00:00-05:00,4944.451283564815
2013-11-08 18:00:00-05:00,4828.799634837963
2013-11-08 19:00:00-05:00,4826.2857840277775
2013-11-08 20:00:00-05:00,4828.0763086805555
2013-11-08 21:00:00-05:00,4827.091910185185
2013-11-08 22:00:00-05:00,4825.062398726851
2013-11-08 23:00:00-05:00,4824.507418634259
2013-11-09 00:00:00-05:00,4823.782291550926
2013-11-09 01:00:00-05:00,4825.1069402777775
2013-11-09 02:00:00-05:00,4828.165420138888
2013-11-09 03:00:00-05:00,4828.181623842593
2013-11-09 04:00:00-05:00,4827.65499212963
2013-11-09 05:00:00-05:00,4827.9142550347215
2013-11-09 06:00:00-05:00,4828.1228902777775
2013-11-09 07:00:00-05:00,4827.723856249999
2013-11-09 08:00:00-05:00,4827.703600810186
2013-11-09 09:00:00-05:00,4827.885901388889
2013-11-09 10:00:00-05:00,4828.003380671296
2013-11-09 11:00:00-05:00,4828.392279282407
2013-11-09 12:00:00-05:00,4851.744106018518
2013-11-09 13:00:00-05:00,4851.39977974537
2013-11-09 14:00:00-05:00,4830.5294069444435
2013-11-09 15:00:00-05:00,4768.878365277777
2013-11-09 16:00:00-05:00,4768.781143055556
2013-11-09 17:00:00-05:00,4744.432768287037
2013-11-09 18:00:00-05:00,4744.108687731481
2013-11-09 19:00:00-05:00,4744.611013888889
2013-11-09 20:00:00-05:00,4744.394280844907
2013-11-09 21:00:00-05:00,4744.3639013310185
2013-11-09 22:00:00-05:00,4744.384153935185
2013-11-09 23:00:00-05:00,4744.728485879629
2013-11-10 00:00:00-05:00,4744.416564583333
2013-11-10 01:00:00-05:00,4744.214009375
2013-11-10 02:00:00-05:00,4744.157302083333
2013-11-10 03:00:00-05:00,4744.258574421296
2013-11-10 04:00:00-05:00,4744.376063425925
2013-11-10 05:00:00-05:00,4744.574557175926
2013-11-10 06:00:00-05:00,4744.49960613426
2013-11-10 07:00:00-05:00,4744.189711111111
2013-11-10 08:00:00-05:00,4744.220089409721
2013-11-10 09:00:00-05:00,4743.590161111111
2013-11-10 10:00:00-05:00,4743.768403472222
2013-11-10 11:00:00-05:00,4743.533448148148
2013-11-10 12:00:00-05:00,4744.341605439815
2013-11-10 13:00:00-05:00,4745.109253472223
2013-11-10 14:00:00-05:00,4801.66655162037
2013-11-10 15:00:00-05:00,4802.168851851851
2013-11-10 16:00:00-05:00,4762.4069851851855
2013-11-10 17:00:00-05:00,4756.685059606481
2013-11-10 18:00:00-05:00,4745.40091730324
2013-11-10 19:00:00-05:00,4788.812933680556
2013-11-10 20:00:00-05:00,4788.727857754629
2013-11-10 21:00:00-05:00,4745.32801238426
2013-11-10 22:00:00-05:00,4744.18564398148
2013-11-10 23:00:00-05:00,4744.937093576389
2013-11-11 00:00:00-05:00,4744.542157060185
2013-11-11 01:00:00-05:00,4744.529996180555
2013-11-11 02:00:00-05:00,4744.801407407409
2013-11-11 03:00:00-05:00,4744.704183564814
2013-11-11 04:00:00-05:00,4743.735996875001
2013-11-11 05:00:00-05:00,4743.557760185185
2013-11-11 06:00:00-05:00,4744.100602893519
2013-11-11 07:00:00-05:00,4744.523914930556
2013-11-11 08:00:00-05:00,4744.756848842593
2013-11-11 09:00:00-05:00,4745.562969328704
2013-11-11 10:00:00-05:00,4967.0
2013-11-11 11:00:00-05:00,4967.0
2013-11-11 12:00:00-05:00,4967.0
2013-11-11 13:00:00-05:00,4967.0
2013-11-11 14:00:00-05:00,4967.0
2013-11-11 15:00:00-05:00,4967.0
2013-11-11 16:00:00-05:00,4967.0
2013-11-11 17:00:00-05:00,4967.0
2013-11-11 18:00:00-05:00,4597.106423553241
2013-11-11 19:00:00-05:00,4679.046804513888
2013-11-11 20:00:00-05:00,4672.682800694445
2013-11-11 21:00:00-05:00,4617.87145769676
2013-11-11 22:00:00-05:00,4617.839050694445
2013-11-11 23:00:00-05:00,4618.361612847222
2013-11-12 00:00:00-05:00,4618.114510416667
2013-11-12 01:00:00-05:00,4617.496729224537
2013-11-12 02:00:00-05:00,4617.620294212964
2013-11-12 03:00:00-05:00,4617.425849768518
2013-11-12 04:00:00-05:00,4616.202464467593
2013-11-12 05:00:00-05:00,4616.883024074074
2013-11-12 06:00:00-05:00,4616.518450462963
2013-11-12 07:00:00-05:00,4615.914856828704
2013-11-12 08:00:00-05:00,4615.635341319445
2013-11-12 09:00:00-05:00,4672.563009837962
2013-11-12 10:00:00-05:00,4829.194376388889
2013-11-12 11:00:00-05:00,4893.3147451388895
2013-11-12 12:00:00-05:00,4967.0
2013-11-12 13:00:00-05:00,4967.0
2013-11-12 14:00:00-05:00,4967.0
2013-11-12 15:00:00-05:00,4967.0
2013-11-12 16:00:00-05:00,4873.146615914351
2013-11-12 17:00:00-05:00,4561.944373958334
2013-11-12 18:00:00-05:00,4497.4495952546295
2013-11-12 19:00:00-05:00,4475.137094444444
2013-11-12 20:00:00-05:00,4467.456537268518
2013-11-12 21:00:00-05:00,4467.5132534722225
2013-11-12 22:00:00-05:00,4467.557806365739
2013-11-12 23:00:00-05:00,4467.168917476853
2013-11-13 00:00:00-05:00,4466.447858333334
2013-11-13 01:00:00-05:00,4466.180497222223
2013-11-13 02:00:00-05:00,4466.5693763888885
2013-11-13 03:00:00-05:00,4466.447860763889
2013-11-13 04:00:00-05:00,4466.460015972222
2013-11-13 05:00:00-05:00,4466.2371875
2013-11-13 06:00:00-05:00,4466.281755787037
2013-11-13 07:00:00-05:00,4466.447847800925
2013-11-13 08:00:00-05:00,4467.120299074074
2013-11-13 09:00:00-05:00,4466.368863252315
2013-11-13 10:00:00-05:00,4967.0
2013-11-13 11:00:00-05:00,4967.0
2013-11-13 12:00:00-05:00,4967.0
2013-11-13 13:00:00-05:00,4967.0
2013-11-13 14:00:00-05:00,4833.312431944444
2013-11-13 15:00:00-05:00,4967.0
2013-11-13 16:00:00-05:00,4967.0
2013-11-13 17:00:00-05:00,4967.0
2013-11-13 18:00:00-05:00,4967.0
2013-11-13 19:00:00-05:00,4967.0
2013-11-13 20:00:00-05:00,4967.0
2013-11-13 21:00:00-05:00,4967.0
2013-11-13 22:00:00-05:00,4967.0
2013-11-13 23:00:00-05:00,4967.0
2013-11-14 00:00:00-05:00,4967.0
2013-11-14 01:00:00-05:00,4967.0
2013-11-14 02:00:00-05:00,4967.0
2013-11-14 03:00:00-05:00,4967.0
2013-11-14 04:00:00-05:00,4967.0
2013-11-14 05:00:00-05:00,4967.0
2013-11-14 06:00:00-05:00,4967.0
2013-11-14 07:00:00-05:00,4967.0
2013-11-14 08:00:00-05:00,4967.0
2013-11-14 09:00:00-05:00,4967.0
2013-11-14 10:00:00-05:00,4967.0
2013-11-14 11:00:00-05:00,4967.0
2013-11-14 12:00:00-05:00,4967.0
2013-11-14 13:00:00-05:00,4967.0
2013-11-14 14:00:00-05:00,4967.0
2013-11-14 15:00:00-05:00,4967.0
2013-11-14 16:00:00-05:00,4967.0
2013-11-14 17:00:00-05:00,4967.0
2013-11-14 18:00:00-05:00,4967.0
2013-11-14 19:00:00-05:00,4967.0
2013-11-14 20:00:00-05:00,4967.0
2013-11-14 21:00:00-05:00,4967.0
2013-11-14 22:00:00-05:00,4967.0
2013-11-14 23:00:00-05:00,4967.0
2013-11-15 00:00:00-05:00,4967.0
2013-11-15 01:00:00-05:00,4967.0
2013-11-15 02:00:00-05:00,4967.0
2013-11-15 03:00:00-05:00,4967.0
2013-11-15 04:00:00-05:00,4967.0
2013-11-15 05:00:00-05:00,4967.0
2013-11-15 06:00:00-05:00,4967.0
2013-11-15 07:00:00-05:00,4967.0
2013-11-15 08:00:00-05:00,4967.0
2013-11-15 09:00:00-05:00,4967.0
2013-11-15 10:00:00-05:00,4967.0
2013-11-15 11:00:00-05:00,4967.0
2013-11-15 12:00:00-05:00,4967.0
2013-11-15 13:00:00-05:00,4967.0
2013-11-15 14:00:00-05:00,4967.0
2013-11-15 15:00:00-05:00,4967.0
2013-11-15 16:00:00-05:00,4967.0
2013-11-15 17:00:00-05:00,4967.0
2013-11-15 18:00:00-05:00,4925.089633449074
2013-11-15 19:00:00-05:00,4671.203633217592
2013-11-15 20:00:00-05:00,4663.992997222223
2013-11-15 21:00:00-05:00,4663.992997222223
2013-11-15 22:00:00-05:00,4663.498788310185
2013-11-15 23:00:00-05:00,4663.166618055556
2013-11-16 00:00:00-05:00,4663.166618055556
2013-11-16 01:00:00-05:00,4663.166618055556
2013-11-16 02:00:00-05:00,4663.166618055556
2013-11-16 03:00:00-05:00,4663.166618055556
2013-11-16 04:00:00-05:00,4663.166618055556
2013-11-16 05:00:00-05:00,4663.166618055556
2013-11-16 06:00:00-05:00,4663.166618055556
2013-11-16 07:00:00-05:00,4663.166618055556
2013-11-16 08:00:00-05:00,4663.166618055556
2013-11-16 09:00:00-05:00,4663.166618055556
2013-11-16 10:00:00-05:00,4663.166618055556
2013-11-16 11:00:00-05:00,4663.166618055556
2013-11-16 12:00:00-05:00,4662.170074074074
2013-11-16 13:00:00-05:00,4786.3332668981475
2013-11-16 14:00:00-05:00,4967.0
2013-11-16 15:00:00-05:00,4796.278311921296
2013-11-16 16:00:00-05:00,4737.460606018519
2013-11-16 17:00:00-05:00,4737.8677269097225
2013-11-16 18:00:00-05:00,4737.5942873842605
2013-11-16 19:00:00-05:00,4737.351227777777
2013-11-16 20:00:00-05:00,4737.75632644676
2013-11-16 21:00:00-05:00,4736.694959953705
2013-11-16 22:00:00-05:00,4736.788135300926
2013-11-16 23:00:00-05:00,4736.338476851853
2013-11-17 00:00:00-05:00,4735.305477777778
2013-11-17 01:00:00-05:00,4735.589045428241
2013-11-17 02:00:00-05:00,4735.815904166667
2013-11-17 03:00:00-05:00,4735.981990509259
2013-11-17 04:00:00-05:00,4736.083265277778
2013-11-17 05:00:00-05:00,4735.341945023148
2013-11-17 06:00:00-05:00,4735.803748958334
2013-11-17 07:00:00-05:00,4735.459418634259
2013-11-17 08:00:00-05:00,4735.427012847222
2013-11-17 09:00:00-05:00,4735.917175694444
2013-11-17 10:00:00-05:00,4735.5323312499995
2013-11-17 11:00:00-05:00,4735.929326851851
2013-11-17 12:00:00-05:00,4736.326330555556
2013-11-17 13:00:00-05:00,4736.36683576389
2013-11-17 14:00:00-05:00,4736.431651388889
2013-11-17 15:00:00-05:00,4736.551154513889
2013-11-17 16:00:00-05:00,4736.593691666667
2013-11-17 17:00:00-05:00,4736.551151678242
2013-11-17 18:00:00-05:00,4736.617986689815
2013-11-17 19:00:00-05:00,4737.177027430555
2013-11-17 20:00:00-05:00,4736.484311805556
2013-11-17 21:00:00-05:00,4737.270201967593
2013-11-17 22:00:00-05:00,4737.817098032407
2013-11-17 23:00:00-05:00,4737.691518518519
2013-11-18 00:00:00-05:00,4737.7259457175915
2013-11-18 01:00:00-05:00,4737.877850578704
2013-11-18 02:00:00-05:00,4738.064202893519
2013-11-18 03:00:00-05:00,4737.51326724537
2013-11-18 04:00:00-05:00,4737.282372569444
2013-11-18 05:00:00-05:00,4737.055526388889
2013-11-18 06:00:00-05:00,4737.282375
2013-11-18 07:00:00-05:00,4737.736072222222
2013-11-18 08:00:00-05:00,4737.667207291666
2013-11-18 09:00:00-05:00,4757.9299258101855
2013-11-18 10:00:00-05:00,4768.847173611111
2013-11-18 11:00:00-05:00,4967.0
2013-11-18 12:00:00-05:00,4967.0
2013-11-18 13:00:00-05:00,4967.0
2013-11-18 14:00:00-05:00,4967.0
2013-11-18 15:00:00-05:00,4967.0
2013-11-18 16:00:00-05:00,4967.0
2013-11-18 17:00:00-05:00,4967.0
2013-11-18 18:00:00-05:00,4870.111030092593
2013-11-18 19:00:00-05:00,4868.527135069445
2013-11-18 20:00:00-05:00,4867.9478453703705
2013-11-18 21:00:00-05:00,4868.065311689815
2013-11-18 22:00:00-05:00,4868.215197569444
2013-11-18 23:00:00-05:00,4868.069365046295
2013-11-19 00:00:00-05:00,4867.113354629629
2013-11-19 01:00:00-05:00,4866.043919502315
2013-11-19 02:00:00-05:00,4866.043921527778
2013-11-19 03:00:00-05:00,4863.410801851853
2013-11-19 04:00:00-05:00,4862.398049305556
2013-11-19 05:00:00-05:00,4861.719516377315
2013-11-19 06:00:00-05:00,4861.644587615742
2013-11-19 07:00:00-05:00,4861.652690277779
2013-11-19 08:00:00-05:00,4861.652690277779
2013-11-19 09:00:00-05:00,4861.9443666666675
2013-11-19 10:00:00-05:00,4861.9443666666675
2013-11-19 11:00:00-05:00,4861.9443666666675
2013-11-19 12:00:00-05:00,4861.9443666666675
2013-11-19 13:00:00-05:00,4967.0
2013-11-19 14:00:00-05:00,4967.0
2013-11-19 15:00:00-05:00,4967.0
2013-11-19 16:00:00-05:00,4967.0
2013-11-19 17:00:00-05:00,4967.0
2013-11-19 18:00:00-05:00,4967.0
2013-11-19 19:00:00-05:00,4967.0
2013-11-19 20:00:00-05:00,4967.0
2013-11-19 21:00:00-05:00,4967.0
2013-11-19 22:00:00-05:00,4967.0
2013-11-19 23:00:00-05:00,4967.0
2013-11-20 00:00:00-05:00,4967.0
2013-11-20 01:00:00-05:00,4967.0
2013-11-20 02:00:00-05:00,4967.0
2013-11-20 03:00:00-05:00,4967.0
2013-11-20 04:00:00-05:00,4967.0
2013-11-20 05:00:00-05:00,4967.0
2013-11-20 06:00:00-05:00,4967.0
2013-11-20 07:00:00-05:00,4967.0
2013-11-20 08:00:00-05:00,4967.0
2013-11-20 09:00:00-05:00,4967.0
2013-11-20 10:00:00-05:00,4967.0
2013-11-20 11:00:00-05:00,4967.0
2013-11-20 12:00:00-05:00,4967.0
2013-11-20 13:00:00-05:00,4967.0
2013-11-20 14:00:00-05:00,4967.0
2013-11-20 15:00:00-05:00,4967.0
2013-11-20 16:00:00-05:00,4967.0
2013-11-20 17:00:00-05:00,4896.810049479166
2013-11-20 18:00:00-05:00,4877.627208680557
2013-11-20 19:00:00-05:00,4689.617369097224
2013-11-20 20:00:00-05:00,4689.722684259259
2013-11-20 21:00:00-05:00,4689.904985648148
2013-11-20 22:00:00-05:00,4689.815876620371
2013-11-20 23:00:00-05:00,4689.520150115741
2013-11-21 00:00:00-05:00,4689.548498900463
2013-11-21 01:00:00-05:00,4689.394586805555
2013-11-21 02:00:00-05:00,4689.848260532408
2013-11-21 03:00:00-05:00,4689.501940798612
2013-11-21 04:00:00-05:00,4689.799651041667
2013-11-21 05:00:00-05:00,4689.686249421297
2013-11-21 06:00:00-05:00,4689.297367013889
2013-11-21 07:00:00-05:00,4688.357549768519
2013-11-21 08:00:00-05:00,4688.545913773148
2013-11-21 09:00:00-05:00,4720.631264872685
2013-11-21 10:00:00-05:00,4960.571675810186
2013-11-21 11:00:00-05:00,4967.0
2013-11-21 12:00:00-05:00,4967.0
2013-11-21 13:00:00-05:00,4967.0
2013-11-21 14:00:00-05:00,4922.130979976851
2013-11-21 15:00:00-05:00,4967.0
2013-11-21 16:00:00-05:00,4763.536976273148
2013-11-21 17:00:00-05:00,4553.832115972222
2013-11-21 18:00:00-05:00,4554.302021759259
2013-11-21 19:00:00-05:00,4553.957691030093
2013-11-21 20:00:00-05:00,4553.098906481481
2013-11-21 21:00:00-05:00,4552.4629103009265
2013-11-21 22:00:00-05:00,4553.1596687500005
2013-11-21 23:00:00-05:00,4552.892310069445
2013-11-22 00:00:00-05:00,4553.038150694445
2013-11-22 01:00:00-05:00,4553.3743734953705
2013-11-22 02:00:00-05:00,4552.754581018518
2013-11-22 03:00:00-05:00,4552.9652259259265
2013-11-22 04:00:00-05:00,4553.06245138889
2013-11-22 05:00:00-05:00,4552.697868055556
2013-11-22 06:00:00-05:00,4552.62495138889
2013-11-22 07:00:00-05:00,4552.6735592592595
2013-11-22 08:00:00-05:00,4552.373793981482
2013-11-22 09:00:00-05:00,4708.976803240741
2013-11-22 10:00:00-05:00,4743.0450902777775
2013-11-22 11:00:00-05:00,4743.2638402777775
2013-11-22 12:00:00-05:00,4950.187443287037
2013-11-22 13:00:00-05:00,4967.0
2013-11-22 14:00:00-05:00,4967.0
2013-11-22 15:00:00-05:00,4967.0
2013-11-22 16:00:00-05:00,4967.0
2013-11-22 17:00:00-05:00,4821.894594907408
2013-11-22 18:00:00-05:00,4770.650394907408
2013-11-22 19:00:00-05:00,4770.6179875
2013-11-22 20:00:00-05:00,4770.6179875
2013-11-22 21:00:00-05:00,4770.6179875
2013-11-22 22:00:00-05:00,4770.6179875
2013-11-22 23:00:00-05:00,4604.376125
2013-11-23 00:00:00-05:00,4570.9964759259265
2013-11-23 01:00:00-05:00,4571.036981944444
2013-11-23 02:00:00-05:00,4571.701333796296
2013-11-23 03:00:00-05:00,4571.239537152777
2013-11-23 04:00:00-05:00,4570.2430069444445
2013-11-23 05:00:00-05:00,4570.2430069444445
2013-11-23 06:00:00-05:00,4570.097180092593
2013-11-23 07:00:00-05:00,4569.4773819444445
2013-11-23 08:00:00-05:00,4569.489525
2013-11-23 09:00:00-05:00,4569.878406597222
2013-11-23 10:00:00-05:00,4570.279468518518
2013-11-23 11:00:00-05:00,4569.295075694444
2013-11-23 12:00:00-05:00,4569.124931944444
2013-11-23 13:00:00-05:00,4569.4166107638885
2013-11-23 14:00:00-05:00,4569.416618055556
2013-11-23 15:00:00-05:00,4569.716383333333
2013-11-23 16:00:00-05:00,4571.385353472223
2013-11-23 17:00:00-05:00,4572.041618865741
2013-11-23 18:00:00-05:00,4572.758625462963
2013-11-23 19:00:00-05:00,4572.300871643519
2013-11-23 20:00:00-05:00,4571.855270601852
2013-11-23 21:00:00-05:00,4572.770763657407
2013-11-23 22:00:00-05:00,4572.770754745371
2013-11-23 23:00:00-05:00,4572.333258796297
2013-11-24 00:00:00-05:00,4533.4420769675935
2013-11-24 01:00:00-05:00,4533.70135
2013-11-24 02:00:00-05:00,4533.70135
2013-11-24 03:00:00-05:00,4533.70135
2013-11-24 04:00:00-05:00,4533.70135
2013-11-24 05:00:00-05:00,4533.70135
2013-11-24 06:00:00-05:00,4533.543352546296
2013-11-24 07:00:00-05:00,4533.36509236111
2013-11-24 08:00:00-05:00,4533.312435185185
2013-11-24 09:00:00-05:00,4533.409663888889
2013-11-24 10:00:00-05:00,4533.263827314815
2013-11-24 11:00:00-05:00,4532.972154166667
2013-11-24 12:00:00-05:00,4532.935696643519
2013-11-24 13:00:00-05:00,4532.4374392361115
2013-11-24 14:00:00-05:00,4532.400962268519
2013-11-24 15:00:00-05:00,4531.975616666667
2013-11-24 16:00:00-05:00,4532.109313425925
2013-11-24 17:00:00-05:00,4532.437431944445
2013-11-24 18:00:00-05:00,4532.437431944445
2013-11-24 19:00:00-05:00,4532.696697685185
2013-11-24 20:00:00-05:00,4532.437431944445
2013-11-24 21:00:00-05:00,4531.384161226852
2013-11-24 22:00:00-05:00,4532.481984837964
2013-11-24 23:00:00-05:00,4532.388827314815
2013-11-25 00:00:00-05:00,4532.449580671297
2013-11-25 01:00:00-05:00,4533.077492013889
2013-11-25 02:00:00-05:00,4532.680489930555
2013-11-25 03:00:00-05:00,4532.64806712963
2013-11-25 04:00:00-05:00,4532.680468055556
2013-11-25 05:00:00-05:00,4532.57920300926
2013-11-25 06:00:00-05:00,4532.437431944445
2013-11-25 07:00:00-05:00,4532.510350231481
2013-11-25 08:00:00-05:00,4532.194400694444
2013-11-25 09:00:00-05:00,4532.437431944445
2013-11-25 10:00:00-05:00,4532.437431944445
2013-11-25 11:00:00-05:00,4532.437431944445
2013-11-25 12:00:00-05:00,4532.437431944445
2013-11-25 13:00:00-05:00,4532.437431944445
2013-11-25 14:00:00-05:00,4532.437431944445
2013-11-25 15:00:00-05:00,4532.437431944445
2013-11-25 16:00:00-05:00,4967.0
2013-11-25 17:00:00-05:00,4885.937441666666
2013-11-25 18:00:00-05:00,4820.539281365741
2013-11-25 19:00:00-05:00,4711.555477777778
2013-11-25 20:00:00-05:00,4737.513811111111
2013-11-25 21:00:00-05:00,4789.491265162036
2013-11-25 22:00:00-05:00,4790.127259722221
2013-11-25 23:00:00-05:00,4789.592536689814
2013-11-26 00:00:00-05:00,4789.325172337962
2013-11-26 01:00:00-05:00,4789.588475231481
2013-11-26 02:00:00-05:00,4789.211739930555
2013-11-26 03:00:00-05:00,4789.187431944443
2013-11-26 04:00:00-05:00,4789.187431944443
2013-11-26 05:00:00-05:00,4789.446685532407
2013-11-26 06:00:00-05:00,4789.641132407407
2013-11-26 07:00:00-05:00,4789.36567673611
2013-11-26 08:00:00-05:00,4789.527709722221
2013-11-26 09:00:00-05:00,4789.973315624999
2013-11-26 10:00:00-05:00,4967.0
2013-11-26 11:00:00-05:00,4967.0
2013-11-26 12:00:00-05:00,4967.0
2013-11-26 13:00:00-05:00,4967.0
2013-11-26 14:00:00-05:00,4967.0
2013-11-26 15:00:00-05:00,4967.0
2013-11-26 16:00:00-05:00,4967.0
2013-11-26 17:00:00-05:00,4967.0
2013-11-26 18:00:00-05:00,4754.381858564815
2013-11-26 19:00:00-05:00,4683.097703703704
2013-11-26 20:00:00-05:00,4682.874902777778
2013-11-26 21:00:00-05:00,4681.922931944444
2013-11-26 22:00:00-05:00,4681.756854513889
2013-11-26 23:00:00-05:00,4680.606377777778
2013-11-27 00:00:00-05:00,4680.282328819445
2013-11-27 01:00:00-05:00,4681.307179861111
2013-11-27 02:00:00-05:00,4681.270737731481
2013-11-27 03:00:00-05:00,4681.619106828703
2013-11-27 04:00:00-05:00,4680.675240277777
2013-11-27 05:00:00-05:00,4681.163379282407
2013-11-27 06:00:00-05:00,4681.26465162037
2013-11-27 07:00:00-05:00,4681.130975925926
2013-11-27 08:00:00-05:00,4680.975013657407
2013-11-27 09:00:00-05:00,4693.026514236111
2013-11-27 10:00:00-05:00,4795.1989768518515
2013-11-27 11:00:00-05:00,4799.249902777778
2013-11-27 12:00:00-05:00,4799.249902777778
2013-11-27 13:00:00-05:00,4799.249902777778
2013-11-27 14:00:00-05:00,4799.249902777778
2013-11-27 15:00:00-05:00,4967.0
2013-11-27 16:00:00-05:00,4967.0
2013-11-27 17:00:00-05:00,4967.0
2013-11-27 18:00:00-05:00,4819.253393634259
2013-11-27 19:00:00-05:00,4671.329759027778
2013-11-27 20:00:00-05:00,4515.077470949074
2013-11-27 21:00:00-05:00,4514.451600462963
2013-11-27 22:00:00-05:00,4513.995885069444
2013-11-27 23:00:00-05:00,4512.638820833333
2013-11-28 00:00:00-05:00,4512.638820833333
2013-11-28 01:00:00-05:00,4512.638820833333
2013-11-28 02:00:00-05:00,4512.638820833333
2013-11-28 03:00:00-05:00,4512.638820833333
2013-11-28 04:00:00-05:00,4512.638820833333
2013-11-28 05:00:00-05:00,4512.638820833333
2013-11-28 06:00:00-05:00,4512.638820833333
2013-11-28 07:00:00-05:00,4512.638820833333
2013-11-28 08:00:00-05:00,4512.638820833333
2013-11-28 09:00:00-05:00,4512.638820833333
2013-11-28 10:00:00-05:00,4512.638820833333
2013-11-28 11:00:00-05:00,4512.638820833333
2013-11-28 12:00:00-05:00,4512.638820833333
2013-11-28 13:00:00-05:00,4512.638820833333
2013-11-28 14:00:00-05:00,4512.638820833333
2013-11-28 15:00:00-05:00,4512.638820833333
2013-11-28 16:00:00-05:00,4512.638820833333
2013-11-28 17:00:00-05:00,4512.638820833333
2013-11-28 18:00:00-05:00,4512.638820833333
2013-11-28 19:00:00-05:00,4512.638820833333
2013-11-28 20:00:00-05:00,4512.638820833333
2013-11-28 21:00:00-05:00,4512.638820833333
2013-11-28 22:00:00-05:00,4512.638820833333
2013-11-28 23:00:00-05:00,4512.638820833333
2013-11-29 00:00:00-05:00,4512.638820833333
2013-11-29 01:00:00-05:00,4512.638820833333
2013-11-29 02:00:00-05:00,4512.638820833333
2013-11-29 03:00:00-05:00,4512.638820833333
2013-11-29 04:00:00-05:00,4512.638820833333
2013-11-29 05:00:00-05:00,4512.638820833333
2013-11-29 06:00:00-05:00,4512.638820833333
2013-11-29 07:00:00-05:00,4512.638820833333
2013-11-29 08:00:00-05:00,4512.638820833333
2013-11-29 09:00:00-05:00,4512.638820833333
2013-11-29 10:00:00-05:00,4512.638820833333
2013-11-29 11:00:00-05:00,4512.638820833333
2013-11-29 12:00:00-05:00,4512.638820833333
2013-11-29 13:00:00-05:00,4512.638820833333
2013-11-29 14:00:00-05:00,4512.638820833333
2013-11-29 15:00:00-05:00,4512.638820833333
2013-11-29 16:00:00-05:00,4512.638820833333
2013-11-29 17:00:00-05:00,4967.0
2013-11-29 18:00:00-05:00,4967.0
2013-11-29 19:00:00-05:00,4967.0
2013-11-29 20:00:00-05:00,4913.854093749999
2013-11-29 21:00:00-05:00,4913.380122453704
2013-11-29 22:00:00-05:00,4913.854096180556
2013-11-29 23:00:00-05:00,4913.955366898148
2013-11-30 00:00:00-05:00,4913.967516435185
2013-11-30 01:00:00-05:00,4914.0485430555555
2013-11-30 02:00:00-05:00,4914.0485430555555
2013-11-30 03:00:00-05:00,4913.918910185184
2013-11-30 04:00:00-05:00,4913.574591203704
2013-11-30 05:00:00-05:00,4913.53406412037
2013-11-30 06:00:00-05:00,4914.340209722222
2013-11-30 07:00:00-05:00,4913.586722916667
2013-11-30 08:00:00-05:00,4914.02423912037
2013-11-30 09:00:00-05:00,4913.878396874999
2013-11-30 10:00:00-05:00,4913.416575925926
2013-11-30 11:00:00-05:00,4913.303147569444
2013-11-30 12:00:00-05:00,4913.513801388889
2013-11-30 13:00:00-05:00,4913.732565972222
2013-11-30 14:00:00-05:00,4913.185695833334
2013-11-30 15:00:00-05:00,4913.047948148148
2013-11-30 16:00:00-05:00,4942.532888888889
2013-11-30 17:00:00-05:00,4942.7880842592585
2013-11-30 18:00:00-05:00,4944.367938888889
2013-11-30 19:00:00-05:00,4913.327445833333
2013-11-30 20:00:00-05:00,4913.667750347222
2013-11-30 21:00:00-05:00,4913.477351157408
2013-11-30 22:00:00-05:00,4913.145163888888
2013-11-30 23:00:00-05:00,4913.4004046296295
2013-12-01 00:00:00-05:00,4913.039841435185
2013-12-01 01:00:00-05:00,4913.611035763889
2013-12-01 02:00:00-05:00,4913.870299074074
2013-12-01 03:00:00-05:00,4913.659644444444
2013-12-01 04:00:00-05:00,4913.659644444444
2013-12-01 05:00:00-05:00,4913.659644444444
2013-12-01 06:00:00-05:00,4913.651542592593
2013-12-01 07:00:00-05:00,4913.562422222222
2013-12-01 08:00:00-05:00,4913.890550462963
2013-12-01 09:00:00-05:00,4913.951320833333
2013-12-01 10:00:00-05:00,4913.951320833333
2013-12-01 11:00:00-05:00,4913.440889583334
2013-12-01 12:00:00-05:00,4913.602928240742
2013-12-01 13:00:00-05:00,4913.404440972223
2013-12-01 14:00:00-05:00,4914.02423912037
2013-12-01 15:00:00-05:00,4928.071102777778
2013-12-01 16:00:00-05:00,4967.0
2013-12-01 17:00:00-05:00,4967.0
2013-12-01 18:00:00-05:00,4967.0
2013-12-01 19:00:00-05:00,4965.6434302083335
2013-12-01 20:00:00-05:00,4913.307213078704
2013-12-01 21:00:00-05:00,4913.457094097222
2013-12-01 22:00:00-05:00,4913.392268750001
2013-12-01 23:00:00-05:00,4913.781176273148
2013-12-02 00:00:00-05:00,4913.744716319445
2013-12-02 01:00:00-05:00,4913.124902777778
2013-12-02 02:00:00-05:00,4913.124902777778
2013-12-02 03:00:00-05:00,4913.380124884259
2013-12-02 04:00:00-05:00,4913.8297881944445
2013-12-02 05:00:00-05:00,4914.186265625
2013-12-02 06:00:00-05:00,4913.566472337962
2013-12-02 07:00:00-05:00,4913.606979976852
2013-12-02 08:00:00-05:00,4913.837883564815
2013-12-02 09:00:00-05:00,4913.756865856481
2013-12-02 10:00:00-05:00,4947.211711574074
2013-12-02 11:00:00-05:00,4911.808931365741
2013-12-02 12:00:00-05:00,4967.0
2013-12-02 13:00:00-05:00,4967.0
2013-12-02 14:00:00-05:00,4967.0
2013-12-02 15:00:00-05:00,4967.0
2013-12-02 16:00:00-05:00,4967.0
2013-12-02 17:00:00-05:00,4967.0
2013-12-02 18:00:00-05:00,4967.0
2013-12-02 19:00:00-05:00,4967.0
2013-12-02 20:00:00-05:00,4967.0
2013-12-02 21:00:00-05:00,4967.0
2013-12-02 22:00:00-05:00,4967.0
2013-12-02 23:00:00-05:00,4967.0
2013-12-03 00:00:00-05:00,4967.0
2013-12-03 01:00:00-05:00,4967.0
2013-12-03 02:00:00-05:00,4967.0
2013-12-03 03:00:00-05:00,4967.0
2013-12-03 04:00:00-05:00,4967.0
2013-12-03 05:00:00-05:00,4967.0
2013-12-03 06:00:00-05:00,4967.0
2013-12-03 07:00:00-05:00,4967.0
2013-12-03 08:00:00-05:00,4967.0
2013-12-03 09:00:00-05:00,4967.0
2013-12-03 10:00:00-05:00,4967.0
2013-12-03 11:00:00-05:00,4967.0
2013-12-03 12:00:00-05:00,4967.0
2013-12-03 13:00:00-05:00,4967.0
2013-12-03 14:00:00-05:00,4967.0
2013-12-03 15:00:00-05:00,4967.0
2013-12-03 16:00:00-05:00,4967.0
2013-12-03 17:00:00-05:00,4967.0
2013-12-03 18:00:00-05:00,4967.0
2013-12-03 19:00:00-05:00,4967.0
2013-12-03 20:00:00-05:00,4967.0
2013-12-03 21:00:00-05:00,4967.0
2013-12-03 22:00:00-05:00,4967.0
2013-12-03 23:00:00-05:00,4967.0
2013-12-04 00:00:00-05:00,4967.0
2013-12-04 01:00:00-05:00,4967.0
2013-12-04 02:00:00-05:00,4967.0
2013-12-04 03:00:00-05:00,4967.0
2013-12-04 04:00:00-05:00,4967.0
2013-12-04 05:00:00-05:00,4967.0
2013-12-04 06:00:00-05:00,4967.0
2013-12-04 07:00:00-05:00,4967.0
2013-12-04 08:00:00-05:00,4967.0
2013-12-04 09:00:00-05:00,4967.0
2013-12-04 10:00:00-05:00,4967.0
2013-12-04 11:00:00-05:00,4967.0
2013-12-04 12:00:00-05:00,4967.0
2013-12-04 13:00:00-05:00,4967.0
2013-12-04 14:00:00-05:00,4967.0
2013-12-04 15:00:00-05:00,4967.0
2013-12-04 16:00:00-05:00,4967.0
2013-12-04 17:00:00-05:00,4967.0
2013-12-04 18:00:00-05:00,4967.0
2013-12-04 19:00:00-05:00,4967.0
2013-12-04 20:00:00-05:00,4967.0
2013-12-04 21:00:00-05:00,4967.0
2013-12-04 22:00:00-05:00,4967.0
2013-12-04 23:00:00-05:00,4967.0
2013-12-05 00:00:00-05:00,4967.0
2013-12-05 01:00:00-05:00,4967.0
2013-12-05 02:00:00-05:00,4967.0
2013-12-05 03:00:00-05:00,4967.0
2013-12-05 04:00:00-05:00,4967.0
2013-12-05 05:00:00-05:00,4967.0
2013-12-05 06:00:00-05:00,4967.0
2013-12-05 07:00:00-05:00,4967.0
2013-12-05 08:00:00-05:00,4967.0
2013-12-05 09:00:00-05:00,4967.0
2013-12-05 10:00:00-05:00,4967.0
2013-12-05 11:00:00-05:00,4967.0
2013-12-05 12:00:00-05:00,4967.0
2013-12-05 13:00:00-05:00,4967.0
2013-12-05 14:00:00-05:00,4967.0
2013-12-05 15:00:00-05:00,4967.0
2013-12-05 16:00:00-05:00,4967.0
2013-12-05 17:00:00-05:00,4967.0
2013-12-05 18:00:00-05:00,4967.0
2013-12-05 19:00:00-05:00,4967.0
2013-12-05 20:00:00-05:00,4967.0
2013-12-05 21:00:00-05:00,4967.0
2013-12-05 22:00:00-05:00,4967.0
2013-12-05 23:00:00-05:00,4967.0
2013-12-06 00:00:00-05:00,4967.0
2013-12-06 01:00:00-05:00,4967.0
2013-12-06 02:00:00-05:00,4967.0
2013-12-06 03:00:00-05:00,4967.0
2013-12-06 04:00:00-05:00,4967.0
2013-12-06 05:00:00-05:00,4967.0
2013-12-06 06:00:00-05:00,4967.0
2013-12-06 07:00:00-05:00,4967.0
2013-12-06 08:00:00-05:00,4967.0
2013-12-06 09:00:00-05:00,4967.0
2013-12-06 10:00:00-05:00,4967.0
2013-12-06 11:00:00-05:00,4967.0
2013-12-06 12:00:00-05:00,4967.0
2013-12-06 13:00:00-05:00,4967.0
2013-12-06 14:00:00-05:00,4967.0
2013-12-06 15:00:00-05:00,4967.0
2013-12-06 16:00:00-05:00,4967.0
2013-12-06 17:00:00-05:00,4967.0
2013-12-06 18:00:00-05:00,4967.0
2013-12-06 19:00:00-05:00,4967.0
2013-12-06 20:00:00-05:00,4967.0
2013-12-06 21:00:00-05:00,4967.0
2013-12-06 22:00:00-05:00,4967.0
2013-12-06 23:00:00-05:00,4967.0
2013-12-07 00:00:00-05:00,4967.0
2013-12-07 01:00:00-05:00,4967.0
2013-12-07 02:00:00-05:00,4967.0
2013-12-07 03:00:00-05:00,4967.0
2013-12-07 04:00:00-05:00,4967.0
2013-12-07 05:00:00-05:00,4967.0
2013-12-07 06:00:00-05:00,4967.0
2013-12-07 07:00:00-05:00,4967.0
2013-12-07 08:00:00-05:00,4967.0
2013-12-07 09:00:00-05:00,4967.0
2013-12-07 10:00:00-05:00,4967.0
2013-12-07 11:00:00-05:00,4967.0
2013-12-07 12:00:00-05:00,4967.0
2013-12-07 13:00:00-05:00,4967.0
2013-12-07 14:00:00-05:00,4967.0
2013-12-07 15:00:00-05:00,4967.0
2013-12-07 16:00:00-05:00,4967.0
2013-12-07 17:00:00-05:00,4967.0
2013-12-07 18:00:00-05:00,4967.0
2013-12-07 19:00:00-05:00,4967.0
2013-12-07 20:00:00-05:00,4967.0
2013-12-07 21:00:00-05:00,4967.0
2013-12-07 22:00:00-05:00,4967.0
2013-12-07 23:00:00-05:00,4967.0
2013-12-08 00:00:00-05:00,4967.0
2013-12-08 01:00:00-05:00,4967.0
2013-12-08 02:00:00-05:00,4967.0
2013-12-08 03:00:00-05:00,4967.0
2013-12-08 04:00:00-05:00,4967.0
2013-12-08 05:00:00-05:00,4967.0
2013-12-08 06:00:00-05:00,4967.0
2013-12-08 07:00:00-05:00,4967.0
2013-12-08 08:00:00-05:00,4967.0
2013-12-08 09:00:00-05:00,4967.0
2013-12-08 10:00:00-05:00,4967.0
2013-12-08 11:00:00-05:00,4967.0
2013-12-08 12:00:00-05:00,4967.0
2013-12-08 13:00:00-05:00,4967.0
2013-12-08 14:00:00-05:00,4967.0
2013-12-08 15:00:00-05:00,4967.0
2013-12-08 16:00:00-05:00,4967.0
2013-12-08 17:00:00-05:00,4967.0
2013-12-08 18:00:00-05:00,4967.0
2013-12-08 19:00:00-05:00,4967.0
2013-12-08 20:00:00-05:00,4967.0
2013-12-08 21:00:00-05:00,4967.0
2013-12-08 22:00:00-05:00,4967.0
2013-12-08 23:00:00-05:00,4967.0
2013-12-09 00:00:00-05:00,4967.0
2013-12-09 01:00:00-05:00,4967.0
2013-12-09 02:00:00-05:00,4967.0
2013-12-09 03:00:00-05:00,4967.0
2013-12-09 04:00:00-05:00,4967.0
2013-12-09 05:00:00-05:00,4967.0
2013-12-09 06:00:00-05:00,4967.0
2013-12-09 07:00:00-05:00,4967.0
2013-12-09 08:00:00-05:00,4967.0
2013-12-09 09:00:00-05:00,4967.0
2013-12-09 10:00:00-05:00,4967.0
2013-12-09 11:00:00-05:00,4967.0
2013-12-09 12:00:00-05:00,4967.0
2013-12-09 13:00:00-05:00,4967.0
2013-12-09 14:00:00-05:00,4967.0
2013-12-09 15:00:00-05:00,4967.0
2013-12-09 16:00:00-05:00,4967.0
2013-12-09 17:00:00-05:00,4967.0
2013-12-09 18:00:00-05:00,4967.0
2013-12-09 19:00:00-05:00,4967.0
2013-12-09 20:00:00-05:00,4967.0
2013-12-09 21:00:00-05:00,4967.0
2013-12-09 22:00:00-05:00,4967.0
2013-12-09 23:00:00-05:00,4967.0
2013-12-10 00:00:00-05:00,4967.0
2013-12-10 01:00:00-05:00,4967.0
2013-12-10 02:00:00-05:00,4967.0
2013-12-10 03:00:00-05:00,4967.0
2013-12-10 04:00:00-05:00,4967.0
2013-12-10 05:00:00-05:00,4967.0
2013-12-10 06:00:00-05:00,4967.0
2013-12-10 07:00:00-05:00,4967.0
2013-12-10 08:00:00-05:00,4967.0
2013-12-10 09:00:00-05:00,4967.0
2013-12-10 10:00:00-05:00,4967.0
2013-12-10 11:00:00-05:00,4967.0
2013-12-10 12:00:00-05:00,4967.0
2013-12-10 13:00:00-05:00,4967.0
2013-12-10 14:00:00-05:00,4967.0
2013-12-10 15:00:00-05:00,4967.0
2013-12-10 16:00:00-05:00,4967.0
2013-12-10 17:00:00-05:00,4967.0
2013-12-10 18:00:00-05:00,4967.0
2013-12-10 19:00:00-05:00,4967.0
2013-12-10 20:00:00-05:00,4967.0
2013-12-10 21:00:00-05:00,4967.0
2013-12-10 22:00:00-05:00,4967.0
2013-12-10 23:00:00-05:00,4967.0
2013-12-11 00:00:00-05:00,4967.0
2013-12-11 01:00:00-05:00,4967.0
2013-12-11 02:00:00-05:00,4967.0
2013-12-11 03:00:00-05:00,4967.0
2013-12-11 04:00:00-05:00,4967.0
2013-12-11 05:00:00-05:00,4967.0
2013-12-11 06:00:00-05:00,4967.0
2013-12-11 07:00:00-05:00,4967.0
2013-12-11 08:00:00-05:00,4967.0
2013-12-11 09:00:00-05:00,4967.0
2013-12-11 10:00:00-05:00,4967.0
2013-12-11 11:00:00-05:00,4967.0
2013-12-11 12:00:00-05:00,4967.0
2013-12-11 13:00:00-05:00,4967.0
2013-12-11 14:00:00-05:00,4967.0
2013-12-11 15:00:00-05:00,4967.0
