,percent_open,datastream_flow,occupancy,evacuation_cfm,datastream_and_calculated_cfm_std,datastream_and_calculated_cfm_mean,fumehood
2013-10-24 17:00:00-05:00,20.279999,209.76912,False,210.0,0.163256813643026,209.88456,ottomaass-001-1__otto-36
2013-10-24 18:00:00-05:00,,,False,,,,ottomaass-001-1__otto-36
2013-10-24 19:00:00-05:00,,,True,,,,ottomaass-001-1__otto-36
2013-10-24 20:00:00-05:00,,,True,,,,ottomaass-001-1__otto-36
2013-10-24 21:00:00-05:00,,,False,,,,ottomaass-001-1__otto-36
2013-10-24 22:00:00-05:00,20.289998999999998,209.76912000000002,False,210.0,0.16325681359845842,209.88456000000002,ottomaass-001-1__otto-36
2013-10-24 23:00:00-05:00,20.279999,209.76912,False,210.0,0.163256813643026,209.88456,ottomaass-001-1__otto-36
2013-10-25 00:00:00-05:00,20.279999,209.76912,True,228.48798873333337,13.23623901748162,219.12855436666666,ottomaass-001-1__otto-36
2013-10-25 01:00:00-05:00,,,False,,,,ottomaass-001-1__otto-36
2013-10-25 02:00:00-05:00,20.279999,209.76912,False,210.0,0.163256813643026,209.88456,ottomaass-001-1__otto-36
2013-10-25 03:00:00-05:00,20.274999166666667,209.76912,False,210.0,0.163256813643026,209.88456,ottomaass-001-1__otto-36
2013-10-25 04:00:00-05:00,,,False,,,,ottomaass-001-1__otto-36
2013-10-25 05:00:00-05:00,20.279999,209.76912,False,210.0,0.163256813643026,209.88456,ottomaass-001-1__otto-36
2013-10-25 06:00:00-05:00,,,False,,,,ottomaass-001-1__otto-36
2013-10-25 07:00:00-05:00,20.279999,209.76912,False,210.0,0.163256813643026,209.88456,ottomaass-001-1__otto-36
2013-10-25 08:00:00-05:00,,,False,,,,ottomaass-001-1__otto-36
2013-10-25 09:00:00-05:00,20.279999,209.76912,False,210.0,0.163256813643026,209.88456,ottomaass-001-1__otto-36
2013-10-25 10:00:00-05:00,,,True,,,,ottomaass-001-1__otto-36
2013-10-25 11:00:00-05:00,,,True,,,,ottomaass-001-1__otto-36
2013-10-25 12:00:00-05:00,,,True,,,,ottomaass-001-1__otto-36
2013-10-25 13:00:00-05:00,38.209998999999996,313.59423999999996,True,409.80223927500003,68.02932869174244,361.6982396375,ottomaass-001-1__otto-36
2013-10-25 14:00:00-05:00,38.18083233333333,431.5452266666666,True,405.35316993888887,18.520580925433837,418.44919830277775,ottomaass-001-1__otto-36
2013-10-25 15:00:00-05:00,50.889998999999996,384.57671999999997,True,540.2821560499999,110.10036969856287,462.42943802499997,ottomaass-001-1__otto-36
2013-10-25 16:00:00-05:00,50.889998999999996,541.0206933333333,True,529.2559895999999,8.31890178848958,535.1383414666666,ottomaass-001-1__otto-36
2013-10-25 17:00:00-05:00,50.974998,383.51727999999997,False,343.2316532,28.486239894630224,363.3744666,ottomaass-001-1__otto-36
2013-10-25 18:00:00-05:00,,,False,,,,ottomaass-001-1__otto-36
2013-10-25 19:00:00-05:00,,,False,,,,ottomaass-001-1__otto-36
2013-10-25 20:00:00-05:00,,,False,,,,ottomaass-001-1__otto-36
2013-10-25 21:00:00-05:00,,,True,,,,ottomaass-001-1__otto-36
2013-10-25 22:00:00-05:00,,,False,,,,ottomaass-001-1__otto-36
2013-10-25 23:00:00-05:00,,,False,,,,ottomaass-001-1__otto-36
2013-10-26 00:00:00-05:00,,,False,,,,ottomaass-001-1__otto-36
2013-10-26 01:00:00-05:00,,,False,,,,ottomaass-001-1__otto-36
2013-10-26 02:00:00-05:00,,,False,,,,ottomaass-001-1__otto-36
2013-10-26 03:00:00-05:00,,,False,,,,ottomaass-001-1__otto-36
2013-10-26 04:00:00-05:00,,,True,,,,ottomaass-001-1__otto-36
2013-10-26 05:00:00-05:00,50.87000033333334,382.8109866666666,False,322.1766687777778,42.87493735185318,352.49382772222225,ottomaass-001-1__otto-36
2013-10-26 06:00:00-05:00,50.774998000000004,383.0758466666666,False,335.11498680000005,33.91344924325851,359.0954167333333,ottomaass-001-1__otto-36
2013-10-26 07:00:00-05:00,50.774998000000004,383.51727999999997,False,348.6549862666667,24.651364306557507,366.0861331333333,ottomaass-001-1__otto-36
2013-10-26 08:00:00-05:00,50.774998,383.51727999999997,False,321.5749873333333,43.79981518684177,352.5461336666666,ottomaass-001-1__otto-36
2013-10-26 09:00:00-05:00,,,False,,,,ottomaass-001-1__otto-36
2013-10-26 10:00:00-05:00,50.889998999999996,383.51727999999997,True,534.7690728249999,106.95116837318052,459.1431764124999,ottomaass-001-1__otto-36
2013-10-26 11:00:00-05:00,,,True,,,,ottomaass-001-1__otto-36
2013-10-26 12:00:00-05:00,,,True,,,,ottomaass-001-1__otto-36
2013-10-26 13:00:00-05:00,,,True,,,,ottomaass-001-1__otto-36
2013-10-26 14:00:00-05:00,,,True,,,,ottomaass-001-1__otto-36
2013-10-26 15:00:00-05:00,,,True,,,,ottomaass-001-1__otto-36
2013-10-26 16:00:00-05:00,,,True,,,,ottomaass-001-1__otto-36
2013-10-26 17:00:00-05:00,50.860001000000004,383.51727999999997,False,328.89467313333336,38.62401572150684,356.20597656666666,ottomaass-001-1__otto-36
2013-10-26 18:00:00-05:00,,,False,,,,ottomaass-001-1__otto-36
2013-10-26 19:00:00-05:00,,,False,,,,ottomaass-001-1__otto-36
2013-10-26 20:00:00-05:00,50.860001000000004,381.92812,False,332.2853398666667,35.1027464692326,357.1067299333333,ottomaass-001-1__otto-36
2013-10-26 21:00:00-05:00,50.860001000000004,383.3407066666666,False,322.1133396666667,43.29428639989808,352.72702316666664,ottomaass-001-1__otto-36
2013-10-26 22:00:00-05:00,50.860001000000004,383.1641333333333,False,328.89467313333336,38.37430331875276,356.02940323333337,ottomaass-001-1__otto-36
2013-10-26 23:00:00-05:00,,,False,,,,ottomaass-001-1__otto-36
2013-10-27 00:00:00-05:00,50.860001000000004,383.51727999999997,False,322.1133396666667,43.419142601273975,352.81530983333334,ottomaass-001-1__otto-36
2013-10-27 01:00:00-05:00,50.860001000000004,383.51727999999997,False,328.89467313333336,38.62401572150684,356.20597656666666,ottomaass-001-1__otto-36
2013-10-27 02:00:00-05:00,,,False,,,,ottomaass-001-1__otto-36
2013-10-27 03:00:00-05:00,,,False,,,,ottomaass-001-1__otto-36
2013-10-27 04:00:00-05:00,,,False,,,,ottomaass-001-1__otto-36
2013-10-27 05:00:00-05:00,,,False,,,,ottomaass-001-1__otto-36
2013-10-27 06:00:00-05:00,,,False,,,,ottomaass-001-1__otto-36
2013-10-27 07:00:00-05:00,,,False,,,,ottomaass-001-1__otto-36
2013-10-27 08:00:00-05:00,,,False,,,,ottomaass-001-1__otto-36
2013-10-27 09:00:00-05:00,,,False,,,,ottomaass-001-1__otto-36
2013-10-27 10:00:00-05:00,50.960831500000005,384.22357333333326,True,552.0756745833335,118.6893590302865,468.14962395833334,ottomaass-001-1__otto-36
2013-10-27 11:00:00-05:00,50.889998999999996,383.51727999999997,True,523.742906375,99.15449130589384,453.63009318749994,ottomaass-001-1__otto-36
2013-10-27 12:00:00-05:00,,,True,,,,ottomaass-001-1__otto-36
2013-10-27 13:00:00-05:00,50.889998999999996,383.51727999999997,True,523.742906375,99.15449130589384,453.63009318749994,ottomaass-001-1__otto-36
2013-10-27 14:00:00-05:00,50.889998999999996,383.51727999999997,True,523.742906375,99.15449130589384,453.63009318749994,ottomaass-001-1__otto-36
2013-10-27 15:00:00-05:00,,,True,,,,ottomaass-001-1__otto-36
2013-10-27 16:00:00-05:00,,,True,,,,ottomaass-001-1__otto-36
2013-10-27 17:00:00-05:00,,,False,,,,ottomaass-001-1__otto-36
2013-10-27 18:00:00-05:00,,,False,,,,ottomaass-001-1__otto-36
2013-10-27 19:00:00-05:00,,,True,,,,ottomaass-001-1__otto-36
2013-10-27 20:00:00-05:00,,,False,,,,ottomaass-001-1__otto-36
2013-10-27 21:00:00-05:00,,,True,,,,ottomaass-001-1__otto-36
2013-10-27 22:00:00-05:00,50.774998,381.3984,False,348.6549862666666,23.153089890036274,365.0266931333333,ottomaass-001-1__otto-36
2013-10-27 23:00:00-05:00,50.774998,381.3984,False,352.0399861333333,20.75953352999979,366.71919306666666,ottomaass-001-1__otto-36
2013-10-28 00:00:00-05:00,50.774998000000004,381.3984,True,550.0624783333334,119.26351353207907,465.73043916666666,ottomaass-001-1__otto-36
2013-10-28 01:00:00-05:00,50.774998,381.3984,True,555.5631031166666,123.15304261713685,468.4807515583333,ottomaass-001-1__otto-36
2013-10-28 02:00:00-05:00,,,False,,,,ottomaass-001-1__otto-36
2013-10-28 03:00:00-05:00,,,False,,,,ottomaass-001-1__otto-36
2013-10-28 04:00:00-05:00,,,True,,,,ottomaass-001-1__otto-36
2013-10-28 05:00:00-05:00,,,False,,,,ottomaass-001-1__otto-36
2013-10-28 06:00:00-05:00,50.774998000000004,381.3984,False,348.6549862666667,23.15308989003753,365.0266931333333,ottomaass-001-1__otto-36
2013-10-28 07:00:00-05:00,,,False,,,,ottomaass-001-1__otto-36
2013-10-28 08:00:00-05:00,,,False,,,,ottomaass-001-1__otto-36
2013-10-28 09:00:00-05:00,52.8174995,403.64664,False,355.6378299666667,33.947355131267116,379.6422349833333,ottomaass-001-1__otto-36
2013-10-28 10:00:00-05:00,54.860001000000004,425.89488,True,600.2598442750001,123.29464864020309,513.0773621375,ottomaass-001-1__otto-36
2013-10-28 11:00:00-05:00,,,True,,,,ottomaass-001-1__otto-36
2013-10-28 12:00:00-05:00,47.617498999999995,367.62568,True,531.3319263416666,115.75779691078793,449.4788031708333,ottomaass-001-1__otto-36
2013-10-28 13:00:00-05:00,25.754998999999998,205.53135999999998,True,265.06186470833336,42.09442356672045,235.29661235416665,ottomaass-001-1__otto-36
2013-10-28 14:00:00-05:00,,,True,,,,ottomaass-001-1__otto-36
2013-10-28 15:00:00-05:00,46.3816645,572.2741733333334,True,502.46803208333336,49.360395846339706,537.3711027083334,ottomaass-001-1__otto-36
2013-10-28 16:00:00-05:00,46.649998,343.25856,True,485.15997919999995,100.33945577631482,414.20926959999997,ottomaass-001-1__otto-36
2013-10-28 17:00:00-05:00,38.97124825,309.8862,False,252.01407201666663,40.92177413871088,280.9501360083333,ottomaass-001-1__otto-36
2013-10-28 18:00:00-05:00,,,False,,,,ottomaass-001-1__otto-36
2013-10-28 19:00:00-05:00,,,False,,,,ottomaass-001-1__otto-36
2013-10-28 20:00:00-05:00,,,False,,,,ottomaass-001-1__otto-36
2013-10-28 21:00:00-05:00,,,False,,,,ottomaass-001-1__otto-36
2013-10-28 22:00:00-05:00,15.927499,208.97454,False,210.0,0.7251097198387513,209.48727,ottomaass-001-1__otto-36
2013-10-28 23:00:00-05:00,15.934999,209.76912000000002,False,210.0,0.16325681359845842,209.88456000000002,ottomaass-001-1__otto-36
2013-10-29 00:00:00-05:00,,,False,,,,ottomaass-001-1__otto-36
2013-10-29 01:00:00-05:00,,207.65024,False,,,207.65024,ottomaass-001-1__otto-36
2013-10-29 02:00:00-05:00,15.934999,208.70968,False,210.0,0.9123940219036354,209.35484,ottomaass-001-1__otto-36
2013-10-29 03:00:00-05:00,15.82,209.76912,False,210.0,0.163256813643026,209.88456,ottomaass-001-1__otto-36
2013-10-29 04:00:00-05:00,,,False,,,,ottomaass-001-1__otto-36
2013-10-29 05:00:00-05:00,15.82,209.18054222222221,False,210.0,0.5794441515612232,209.59027111111112,ottomaass-001-1__otto-36
2013-10-29 06:00:00-05:00,15.82,209.06282666666667,False,210.0,0.6626816191602064,209.53141333333332,ottomaass-001-1__otto-36
2013-10-29 07:00:00-05:00,,,False,,,,ottomaass-001-1__otto-36
2013-10-29 08:00:00-05:00,,,False,,,,ottomaass-001-1__otto-36
2013-10-29 09:00:00-05:00,,,True,,,,ottomaass-001-1__otto-36
2013-10-29 10:00:00-05:00,,,True,,,,ottomaass-001-1__otto-36
2013-10-29 11:00:00-05:00,,,True,,,,ottomaass-001-1__otto-36
2013-10-29 12:00:00-05:00,25.219998999999998,205.53135999999998,True,278.68098894999997,51.724598671824616,242.106174475,ottomaass-001-1__otto-36
2013-10-29 13:00:00-05:00,30.888123999999998,305.64844,True,337.9675567666667,22.85306662766949,321.80799838333337,ottomaass-001-1__otto-36
2013-10-29 14:00:00-05:00,40.450001,472.51023999999995,True,429.4441772833333,30.452304985960875,450.9772086416666,ottomaass-001-1__otto-36
2013-10-29 15:00:00-05:00,40.5075,473.56967999999995,True,438.83125,24.563779420773855,456.200465,ottomaass-001-1__otto-36
2013-10-29 16:00:00-05:00,47.544998,351.73408,True,515.0708116666667,115.49651057834787,433.40244583333333,ottomaass-001-1__otto-36
2013-10-29 17:00:00-05:00,,,False,,,,ottomaass-001-1__otto-36
2013-10-29 18:00:00-05:00,47.544998,351.73408,False,316.96665333333334,24.584283160406144,334.3503666666667,ottomaass-001-1__otto-36
2013-10-29 19:00:00-05:00,47.544998,351.73408,True,520.2215197833334,119.13861121555553,435.9777998916667,ottomaass-001-1__otto-36
2013-10-29 20:00:00-05:00,47.544998,351.73408,False,310.6273202666667,29.066868560046633,331.18070013333335,ottomaass-001-1__otto-36
2013-10-29 21:00:00-05:00,47.544998,351.73408,False,304.2879872,33.54945395968546,328.0110336,ottomaass-001-1__otto-36
2013-10-29 22:00:00-05:00,47.544998,351.73408,True,489.3172710833334,97.28600739230959,420.5256755416667,ottomaass-001-1__otto-36
2013-10-29 23:00:00-05:00,47.544998,351.73408,False,316.96665333333334,24.584283160406144,334.3503666666667,ottomaass-001-1__otto-36
2013-10-30 00:00:00-05:00,47.544998,351.73408,False,313.7969868,26.825575860227257,332.7655334,ottomaass-001-1__otto-36
2013-10-30 01:00:00-05:00,,,False,,,,ottomaass-001-1__otto-36
2013-10-30 02:00:00-05:00,,,False,,,,ottomaass-001-1__otto-36
2013-10-30 03:00:00-05:00,47.544998,351.73408,False,313.7969868,26.825575860227257,332.7655334,ottomaass-001-1__otto-36
2013-10-30 04:00:00-05:00,47.544998,351.73408,False,304.2879872,33.54945395968546,328.0110336,ottomaass-001-1__otto-36
2013-10-30 05:00:00-05:00,47.544998,351.73408,False,307.45765373333336,31.308161259866033,329.5958668666667,ottomaass-001-1__otto-36
2013-10-30 06:00:00-05:00,47.544998,351.3809333333333,False,313.7969868,26.575863457471876,332.5889600666667,ottomaass-001-1__otto-36
2013-10-30 07:00:00-05:00,50.839997999999994,394.8179733333333,False,332.1546535999999,44.309658315100755,363.4863134666666,ottomaass-001-1__otto-36
2013-10-30 08:00:00-05:00,36.829997999999996,407.88439999999997,False,255.35465279999994,107.85481857778994,331.6195263999999,ottomaass-001-1__otto-36
2013-10-30 09:00:00-05:00,,,False,,,,ottomaass-001-1__otto-36
2013-10-30 10:00:00-05:00,51.09,622.9507199999999,True,525.8012500000001,68.69504902567903,574.375985,ottomaass-001-1__otto-36
2013-10-30 11:00:00-05:00,46.04833083333333,559.0311733333333,True,478.9026406666666,56.659428815127626,518.966907,ottomaass-001-1__otto-36
2013-10-30 12:00:00-05:00,,,True,,,,ottomaass-001-1__otto-36
2013-10-30 13:00:00-05:00,,,True,,,,ottomaass-001-1__otto-36
2013-10-30 14:00:00-05:00,,,True,,,,ottomaass-001-1__otto-36
2013-10-30 15:00:00-05:00,54.555,622.9507199999999,True,573.282125,35.121000336506604,598.1164225,ottomaass-001-1__otto-36
2013-10-30 16:00:00-05:00,29.081666833333333,346.61345333333327,True,318.20190460138895,20.089998772369842,332.4076789673611,ottomaass-001-1__otto-36
2013-10-30 17:00:00-05:00,,,True,,,,ottomaass-001-1__otto-36
2013-10-30 18:00:00-05:00,,,False,,,,ottomaass-001-1__otto-36
2013-10-30 19:00:00-05:00,16.355,209.76912,False,210.0,0.163256813643026,209.88456,ottomaass-001-1__otto-36
2013-10-30 20:00:00-05:00,16.355,209.76912,False,210.0,0.163256813643026,209.88456,ottomaass-001-1__otto-36
2013-10-30 21:00:00-05:00,,209.76912,False,,,209.76912,ottomaass-001-1__otto-36
2013-10-30 22:00:00-05:00,16.328334,209.76912000000002,False,210.0,0.16325681359845842,209.88456000000002,ottomaass-001-1__otto-36
2013-10-30 23:00:00-05:00,16.355,209.76912,False,210.0,0.163256813643026,209.88456,ottomaass-001-1__otto-36
2013-10-31 00:00:00-05:00,16.355,209.76912,False,210.0,0.163256813643026,209.88456,ottomaass-001-1__otto-36
2013-10-31 01:00:00-05:00,16.355,209.76912000000002,False,210.0,0.16325681359845842,209.88456000000002,ottomaass-001-1__otto-36
2013-10-31 02:00:00-05:00,,,False,,,,ottomaass-001-1__otto-36
2013-10-31 03:00:00-05:00,16.315001000000002,209.76912,False,210.0,0.163256813643026,209.88456,ottomaass-001-1__otto-36
2013-10-31 04:00:00-05:00,16.355,209.76912000000002,False,210.0,0.16325681359845842,209.88456000000002,ottomaass-001-1__otto-36
2013-10-31 05:00:00-05:00,,,False,,,,ottomaass-001-1__otto-36
2013-10-31 06:00:00-05:00,16.315001000000002,209.76912,False,210.0,0.163256813643026,209.88456,ottomaass-001-1__otto-36
2013-10-31 07:00:00-05:00,,,False,,,,ottomaass-001-1__otto-36
2013-10-31 08:00:00-05:00,41.489998,490.52072,False,276.59998666666667,151.26480117639923,383.5603533333333,ottomaass-001-1__otto-36
2013-10-31 09:00:00-05:00,,,False,,,,ottomaass-001-1__otto-36
2013-10-31 10:00:00-05:00,47.3449995,550.9087999999999,True,502.646078025,34.12689798704483,526.7774390124999,ottomaass-001-1__otto-36
2013-10-31 11:00:00-05:00,36.10499933333333,400.46831999999995,True,398.9602426333333,1.066371732484369,399.71428131666664,ottomaass-001-1__otto-36
2013-10-31 12:00:00-05:00,36.237222,400.46831999999995,True,372.9414097500001,19.464464902890153,386.704864875,ottomaass-001-1__otto-36
2013-10-31 13:00:00-05:00,36.25,297.3494933333333,True,384.85416666666663,61.875147899514104,341.10182999999995,ottomaass-001-1__otto-36
2013-10-31 14:00:00-05:00,49.43,621.3027022222221,True,540.8465833333332,56.89106725428558,581.0746427777776,ottomaass-001-1__otto-36
2013-10-31 15:00:00-05:00,,,True,,,,ottomaass-001-1__otto-36
2013-10-31 16:00:00-05:00,,,True,,,,ottomaass-001-1__otto-36
2013-10-31 17:00:00-05:00,52.744999,398.34943999999996,True,588.5462805083333,134.48947568369894,493.44786025416664,ottomaass-001-1__otto-36
2013-10-31 18:00:00-05:00,52.744999,396.70142222222216,False,355.1496599333333,29.381532884724567,375.9255410777777,ottomaass-001-1__otto-36
2013-10-31 19:00:00-05:00,,,False,,,,ottomaass-001-1__otto-36
2013-10-31 20:00:00-05:00,52.744999,398.34943999999996,False,365.6986597333333,23.08758813759328,382.0240498666666,ottomaass-001-1__otto-36
2013-10-31 21:00:00-05:00,,,True,,,,ottomaass-001-1__otto-36
2013-10-31 22:00:00-05:00,,,False,,,,ottomaass-001-1__otto-36
2013-10-31 23:00:00-05:00,,,False,,,,ottomaass-001-1__otto-36
2013-11-01 00:00:00-05:00,52.7824995,402.5872,False,351.88333000000006,35.85305030940083,377.235265,ottomaass-001-1__otto-36
2013-11-01 01:00:00-05:00,52.82,402.5872,False,352.1333333333334,35.67627125708199,377.3602666666667,ottomaass-001-1__otto-36
2013-11-01 02:00:00-05:00,52.82,402.5872,False,348.612,38.16622993590078,375.5996,ottomaass-001-1__otto-36
2013-11-01 03:00:00-05:00,52.82,402.5872,False,352.1333333333334,35.67627125708199,377.3602666666667,ottomaass-001-1__otto-36
2013-11-01 04:00:00-05:00,52.82,402.5872,False,362.6973333333334,28.20639522062608,382.6422666666667,ottomaass-001-1__otto-36
2013-11-01 05:00:00-05:00,,,False,,,,ottomaass-001-1__otto-36
2013-11-01 06:00:00-05:00,52.82,402.5872,False,341.56933333333336,43.14614729353716,372.07826666666665,ottomaass-001-1__otto-36
2013-11-01 07:00:00-05:00,52.82,402.5872,False,359.17600000000004,30.696353899443675,380.88160000000005,ottomaass-001-1__otto-36
2013-11-01 08:00:00-05:00,52.82,402.5872,False,345.0906666666667,40.65618861471891,373.83893333333333,ottomaass-001-1__otto-36
2013-11-01 09:00:00-05:00,52.82,567.33012,False,348.612,154.65706582037322,457.97105999999997,ottomaass-001-1__otto-36
2013-11-01 10:00:00-05:00,,,True,,,,ottomaass-001-1__otto-36
2013-11-01 11:00:00-05:00,,,True,,,,ottomaass-001-1__otto-36
2013-11-01 12:00:00-05:00,52.860001000000004,622.9507199999999,True,549.7440104000001,51.76496078651415,586.3473652,ottomaass-001-1__otto-36
2013-11-01 13:00:00-05:00,,,True,,,,ottomaass-001-1__otto-36
2013-11-01 14:00:00-05:00,52.860001000000004,620.8318399999999,True,578.3765109416668,30.020451074656858,599.6041754708333,ottomaass-001-1__otto-36
2013-11-01 15:00:00-05:00,52.860001000000004,620.8318399999999,True,584.1030110500001,25.971204015586064,602.467425525,ottomaass-001-1__otto-36
2013-11-01 16:00:00-05:00,16.049999,205.53135999999998,True,210.0,3.1598056466815234,207.76567999999997,ottomaass-001-1__otto-36
2013-11-01 17:00:00-05:00,16.049999,205.53135999999998,False,210.0,3.1598056466815234,207.76567999999997,ottomaass-001-1__otto-36
2013-11-01 18:00:00-05:00,,,False,,,,ottomaass-001-1__otto-36
2013-11-01 19:00:00-05:00,16.049999,205.53135999999998,False,210.0,3.1598056466815234,207.76567999999997,ottomaass-001-1__otto-36
2013-11-01 20:00:00-05:00,16.049999,205.53135999999998,False,210.0,3.1598056466815234,207.76567999999997,ottomaass-001-1__otto-36
2013-11-01 21:00:00-05:00,16.049999,205.53135999999998,False,210.0,3.1598056466815234,207.76567999999997,ottomaass-001-1__otto-36
2013-11-01 22:00:00-05:00,16.049999,205.53135999999998,False,210.0,3.1598056466815234,207.76567999999997,ottomaass-001-1__otto-36
2013-11-01 23:00:00-05:00,16.029999500000002,205.53135999999998,False,210.0,3.1598056466815234,207.76567999999997,ottomaass-001-1__otto-36
2013-11-02 00:00:00-05:00,,,True,,,,ottomaass-001-1__otto-36
2013-11-02 01:00:00-05:00,16.049999,205.53135999999998,False,210.0,3.1598056466815234,207.76567999999997,ottomaass-001-1__otto-36
2013-11-02 02:00:00-05:00,16.049999,205.53135999999998,False,210.0,3.1598056466815234,207.76567999999997,ottomaass-001-1__otto-36
2013-11-02 03:00:00-05:00,,,False,,,,ottomaass-001-1__otto-36
2013-11-02 04:00:00-05:00,16.049999,205.53135999999998,False,210.0,3.1598056466815234,207.76567999999997,ottomaass-001-1__otto-36
2013-11-02 05:00:00-05:00,,,False,,,,ottomaass-001-1__otto-36
2013-11-02 06:00:00-05:00,16.049999,205.53135999999998,False,210.0,3.1598056466815234,207.76567999999997,ottomaass-001-1__otto-36
2013-11-02 07:00:00-05:00,16.049999,205.53135999999998,True,210.0,3.1598056466815234,207.76567999999997,ottomaass-001-1__otto-36
2013-11-02 08:00:00-05:00,16.049999,205.53135999999998,False,210.0,3.1598056466815234,207.76567999999997,ottomaass-001-1__otto-36
2013-11-02 09:00:00-05:00,,,False,,,,ottomaass-001-1__otto-36
2013-11-02 10:00:00-05:00,,,True,,,,ottomaass-001-1__otto-36
2013-11-02 11:00:00-05:00,16.049999,205.53135999999998,True,210.0,3.1598056466815234,207.76567999999997,ottomaass-001-1__otto-36
2013-11-02 12:00:00-05:00,,,True,,,,ottomaass-001-1__otto-36
2013-11-02 13:00:00-05:00,,,True,,,,ottomaass-001-1__otto-36
2013-11-02 14:00:00-05:00,,,True,,,,ottomaass-001-1__otto-36
2013-11-02 15:00:00-05:00,16.049999,205.53135999999998,True,210.0,3.1598056466815234,207.76567999999997,ottomaass-001-1__otto-36
2013-11-02 16:00:00-05:00,,,True,,,,ottomaass-001-1__otto-36
2013-11-02 17:00:00-05:00,16.049999,205.53135999999998,True,210.0,3.1598056466815234,207.76567999999997,ottomaass-001-1__otto-36
2013-11-02 18:00:00-05:00,16.049999,205.53135999999998,False,210.0,3.1598056466815234,207.76567999999997,ottomaass-001-1__otto-36
2013-11-02 19:00:00-05:00,16.049999,205.53135999999998,False,210.0,3.1598056466815234,207.76567999999997,ottomaass-001-1__otto-36
2013-11-02 20:00:00-05:00,16.049999,205.53135999999998,False,210.0,3.1598056466815234,207.76567999999997,ottomaass-001-1__otto-36
2013-11-02 21:00:00-05:00,16.049999,205.53135999999998,False,210.0,3.1598056466815234,207.76567999999997,ottomaass-001-1__otto-36
2013-11-02 22:00:00-05:00,,,True,,,,ottomaass-001-1__otto-36
2013-11-02 23:00:00-05:00,15.934999,205.53135999999998,False,210.0,3.1598056466815234,207.76567999999997,ottomaass-001-1__otto-36
2013-11-03 00:00:00-05:00,15.934999,205.53135999999998,True,210.0,3.1598056466815234,207.76567999999997,ottomaass-001-1__otto-36
2013-11-03 01:00:00-05:00,,,False,,,,ottomaass-001-1__otto-36
2013-11-03 02:00:00-05:00,15.964998999999999,205.53135999999998,False,210.0,3.1598056466815234,207.76567999999997,ottomaass-001-1__otto-36
2013-11-03 03:00:00-05:00,,,False,,,,ottomaass-001-1__otto-36
2013-11-03 04:00:00-05:00,,,False,,,,ottomaass-001-1__otto-36
2013-11-03 05:00:00-05:00,15.934999,205.53135999999998,True,210.0,3.1598056466815234,207.76567999999997,ottomaass-001-1__otto-36
2013-11-03 06:00:00-05:00,15.934999,205.53135999999998,True,210.0,3.1598056466815234,207.76567999999997,ottomaass-001-1__otto-36
2013-11-03 07:00:00-05:00,15.934999,205.53135999999998,False,210.0,3.1598056466815234,207.76567999999997,ottomaass-001-1__otto-36
2013-11-03 08:00:00-05:00,15.934999,205.53135999999998,False,210.0,3.1598056466815234,207.76567999999997,ottomaass-001-1__otto-36
2013-11-03 09:00:00-05:00,,,False,,,,ottomaass-001-1__otto-36
2013-11-03 10:00:00-05:00,15.934999,205.53135999999998,True,210.0,3.1598056466815234,207.76567999999997,ottomaass-001-1__otto-36
2013-11-03 11:00:00-05:00,15.934999,205.53135999999998,True,210.0,3.1598056466815234,207.76567999999997,ottomaass-001-1__otto-36
2013-11-03 12:00:00-05:00,,,True,,,,ottomaass-001-1__otto-36
2013-11-03 13:00:00-05:00,15.934999,205.53135999999998,True,210.0,3.1598056466815234,207.76567999999997,ottomaass-001-1__otto-36
2013-11-03 14:00:00-05:00,,,True,,,,ottomaass-001-1__otto-36
2013-11-03 15:00:00-05:00,15.934999,205.53135999999998,True,210.0,3.1598056466815234,207.76567999999997,ottomaass-001-1__otto-36
2013-11-03 16:00:00-05:00,15.934999,205.53135999999998,True,210.0,3.1598056466815234,207.76567999999997,ottomaass-001-1__otto-36
2013-11-03 17:00:00-05:00,,,False,,,,ottomaass-001-1__otto-36
2013-11-03 18:00:00-05:00,,205.53135999999998,False,,,205.53135999999998,ottomaass-001-1__otto-36
2013-11-03 19:00:00-05:00,,,False,,,,ottomaass-001-1__otto-36
2013-11-03 20:00:00-05:00,15.934999,205.53135999999998,False,210.0,3.1598056466815234,207.76567999999997,ottomaass-001-1__otto-36
2013-11-03 21:00:00-05:00,15.934999,205.53135999999998,False,210.0,3.1598056466815234,207.76567999999997,ottomaass-001-1__otto-36
2013-11-03 22:00:00-05:00,15.934999,205.53135999999998,False,210.0,3.1598056466815234,207.76567999999997,ottomaass-001-1__otto-36
2013-11-03 23:00:00-05:00,15.934999,205.53135999999998,False,210.0,3.1598056466815234,207.76567999999997,ottomaass-001-1__otto-36
2013-11-04 00:00:00-05:00,15.934999,205.53135999999998,False,210.0,3.1598056466815234,207.76567999999997,ottomaass-001-1__otto-36
2013-11-04 01:00:00-05:00,15.892498999999999,205.53135999999998,False,210.0,3.1598056466815234,207.76567999999997,ottomaass-001-1__otto-36
2013-11-04 02:00:00-05:00,,,False,,,,ottomaass-001-1__otto-36
2013-11-04 03:00:00-05:00,15.863124625,205.53135999999998,False,210.0,3.1598056466815234,207.76567999999997,ottomaass-001-1__otto-36
2013-11-04 04:00:00-05:00,,,False,,,,ottomaass-001-1__otto-36
2013-11-04 05:00:00-05:00,15.82,205.53135999999998,False,210.0,3.1598056466815234,207.76567999999997,ottomaass-001-1__otto-36
2013-11-04 06:00:00-05:00,,,False,,,,ottomaass-001-1__otto-36
2013-11-04 07:00:00-05:00,,,False,,,,ottomaass-001-1__otto-36
2013-11-04 08:00:00-05:00,,,False,,,,ottomaass-001-1__otto-36
2013-11-04 09:00:00-05:00,15.934999,205.53135999999998,False,210.0,3.1598056466815234,207.76567999999997,ottomaass-001-1__otto-36
2013-11-04 10:00:00-05:00,15.934999,205.53135999999998,True,210.0,3.1598056466815234,207.76567999999997,ottomaass-001-1__otto-36
2013-11-04 11:00:00-05:00,15.934999,205.53135999999998,True,210.0,3.1598056466815234,207.76567999999997,ottomaass-001-1__otto-36
2013-11-04 12:00:00-05:00,,,True,,,,ottomaass-001-1__otto-36
2013-11-04 13:00:00-05:00,54.555,415.30048,True,591.0124999999999,124.24716087798623,503.15648999999996,ottomaass-001-1__otto-36
2013-11-04 14:00:00-05:00,54.555,468.6256266666667,True,567.372,69.8242302015777,517.9988133333334,ottomaass-001-1__otto-36
2013-11-04 15:00:00-05:00,54.555,576.8062222222221,True,579.19225,1.6871764217541,577.999236111111,ottomaass-001-1__otto-36
2013-11-04 16:00:00-05:00,54.555,421.65711999999996,True,614.6529999999999,136.46869548906506,518.1550599999999,ottomaass-001-1__otto-36
2013-11-04 17:00:00-05:00,17.049999,207.65024,False,210.0,1.6615312301629959,208.82512,ottomaass-001-1__otto-36
2013-11-04 18:00:00-05:00,,,False,,,,ottomaass-001-1__otto-36
2013-11-04 19:00:00-05:00,,,False,,,,ottomaass-001-1__otto-36
2013-11-04 20:00:00-05:00,,,False,,,,ottomaass-001-1__otto-36
2013-11-04 21:00:00-05:00,,,False,,,,ottomaass-001-1__otto-36
2013-11-04 22:00:00-05:00,17.01,207.65024,False,210.0,1.6615312301629959,208.82512,ottomaass-001-1__otto-36
2013-11-04 23:00:00-05:00,17.049999,207.65024,False,210.0,1.6615312301629959,208.82512,ottomaass-001-1__otto-36
2013-11-05 00:00:00-05:00,17.049999,207.65024000000003,False,210.0,1.6615312301542378,208.82512000000003,ottomaass-001-1__otto-36
2013-11-05 01:00:00-05:00,17.049999,207.65024000000003,False,210.0,1.6615312301542378,208.82512000000003,ottomaass-001-1__otto-36
2013-11-05 02:00:00-05:00,17.049999,207.65024,True,210.0,1.6615312301629959,208.82512,ottomaass-001-1__otto-36
2013-11-05 03:00:00-05:00,,,False,,,,ottomaass-001-1__otto-36
2013-11-05 04:00:00-05:00,17.049999,207.65024,False,210.0,1.6615312301629959,208.82512,ottomaass-001-1__otto-36
2013-11-05 05:00:00-05:00,17.049999,207.65024,False,210.0,1.6615312301629959,208.82512,ottomaass-001-1__otto-36
2013-11-05 06:00:00-05:00,17.049999,207.65024000000003,False,210.0,1.6615312301542378,208.82512000000003,ottomaass-001-1__otto-36
2013-11-05 07:00:00-05:00,17.049999,207.65024000000003,False,210.0,1.6615312301542378,208.82512000000003,ottomaass-001-1__otto-36
2013-11-05 08:00:00-05:00,17.049999,207.65024000000003,False,210.0,1.6615312301542378,208.82512000000003,ottomaass-001-1__otto-36
2013-11-05 09:00:00-05:00,17.049999,207.65024,False,210.0,1.6615312301629959,208.82512,ottomaass-001-1__otto-36
2013-11-05 10:00:00-05:00,,,True,,,,ottomaass-001-1__otto-36
2013-11-05 11:00:00-05:00,,,True,,,,ottomaass-001-1__otto-36
2013-11-05 12:00:00-05:00,,,True,,,,ottomaass-001-1__otto-36
2013-11-05 13:00:00-05:00,17.049999,207.65024,True,210.0,1.6615312301629959,208.82512,ottomaass-001-1__otto-36
2013-11-05 14:00:00-05:00,16.674999,206.85566,True,210.0,2.2233841363574562,208.42783,ottomaass-001-1__otto-36
2013-11-05 15:00:00-05:00,,,True,,,,ottomaass-001-1__otto-36
2013-11-05 16:00:00-05:00,,,True,,,,ottomaass-001-1__otto-36
2013-11-05 17:00:00-05:00,54.860001000000004,423.776,False,373.0480068,35.870107987704216,398.4120034,ottomaass-001-1__otto-36
2013-11-05 18:00:00-05:00,54.860001000000004,422.18684,True,564.6008436250002,100.70190769916283,493.3938418125001,ottomaass-001-1__otto-36
2013-11-05 19:00:00-05:00,54.860001000000004,421.65711999999996,False,373.0480068,34.37183357118457,397.3525634,ottomaass-001-1__otto-36
2013-11-05 20:00:00-05:00,,,False,,,,ottomaass-001-1__otto-36
2013-11-05 21:00:00-05:00,54.860001000000004,421.65712,False,369.3906734,36.957958819384366,395.5238967,ottomaass-001-1__otto-36
2013-11-05 22:00:00-05:00,54.860001000000004,421.65712,False,362.07600659999997,42.130209315784725,391.8665633,ottomaass-001-1__otto-36
2013-11-05 23:00:00-05:00,54.860001000000004,421.65711999999996,False,354.7613398,47.30245981218479,388.20922989999997,ottomaass-001-1__otto-36
2013-11-06 00:00:00-05:00,54.860001000000004,421.65711999999996,False,362.07600659999997,42.130209315785415,391.86656329999994,ottomaass-001-1__otto-36
2013-11-06 01:00:00-05:00,54.860001000000004,421.65712,False,354.7613398,47.30245981218541,388.20922989999997,ottomaass-001-1__otto-36
2013-11-06 02:00:00-05:00,,,False,,,,ottomaass-001-1__otto-36
2013-11-06 03:00:00-05:00,54.860001000000004,421.65711999999996,False,373.0480068,34.37183357118457,397.3525634,ottomaass-001-1__otto-36
2013-11-06 04:00:00-05:00,54.860001000000004,421.65711999999996,True,588.3735107250001,117.88629041659377,505.0153153625,ottomaass-001-1__otto-36
2013-11-06 05:00:00-05:00,54.860001000000004,421.65711999999996,False,380.3626736,29.199583074785068,401.0098968,ottomaass-001-1__otto-36
2013-11-06 06:00:00-05:00,,,False,,,,ottomaass-001-1__otto-36
2013-11-06 07:00:00-05:00,54.860001000000004,442.13962666666663,False,347.44667300000003,66.95802966828307,394.79314983333336,ottomaass-001-1__otto-36
2013-11-06 08:00:00-05:00,54.860001000000004,421.65711999999996,False,354.7613398,47.30245981218479,388.20922989999997,ottomaass-001-1__otto-36
2013-11-06 09:00:00-05:00,,,False,,,,ottomaass-001-1__otto-36
2013-11-06 10:00:00-05:00,,,True,,,,ottomaass-001-1__otto-36
2013-11-06 11:00:00-05:00,54.974998,420.59767999999997,True,607.4737279000001,132.14132071143294,514.03570395,ottomaass-001-1__otto-36
2013-11-06 12:00:00-05:00,,,True,,,,ottomaass-001-1__otto-36
2013-11-06 13:00:00-05:00,54.974998,555.8528533333333,True,607.4737279000001,36.50147045687018,581.6632906166667,ottomaass-001-1__otto-36
2013-11-06 14:00:00-05:00,54.974998,450.26199999999994,True,607.4737279000001,111.16547888014415,528.86786395,ottomaass-001-1__otto-36
2013-11-06 15:00:00-05:00,54.974998,620.8318399999999,True,577.6956039833334,30.501925002248885,599.2637219916667,ottomaass-001-1__otto-36
2013-11-06 16:00:00-05:00,55.003331333333335,588.6954933333333,True,589.91072855,0.859301062405165,589.3031109416667,ottomaass-001-1__otto-36
2013-11-06 17:00:00-05:00,29.053331999999997,345.2008666666666,False,210.0,95.60144964229835,277.6004333333333,ottomaass-001-1__otto-36
2013-11-06 18:00:00-05:00,,,False,,,,ottomaass-001-1__otto-36
2013-11-06 19:00:00-05:00,16.049999,207.65024000000003,False,210.0,1.6615312301542378,208.82512000000003,ottomaass-001-1__otto-36
2013-11-06 20:00:00-05:00,16.049999,207.65024000000003,False,210.0,1.6615312301542378,208.82512000000003,ottomaass-001-1__otto-36
2013-11-06 21:00:00-05:00,16.049999,207.65024000000003,False,210.0,1.6615312301542378,208.82512000000003,ottomaass-001-1__otto-36
2013-11-06 22:00:00-05:00,16.049999,207.65024,False,210.0,1.6615312301629959,208.82512,ottomaass-001-1__otto-36
2013-11-06 23:00:00-05:00,16.049999,207.65024,False,210.0,1.6615312301629959,208.82512,ottomaass-001-1__otto-36
2013-11-07 00:00:00-05:00,,,False,,,,ottomaass-001-1__otto-36
2013-11-07 01:00:00-05:00,,,False,,,,ottomaass-001-1__otto-36
2013-11-07 02:00:00-05:00,,,False,,,,ottomaass-001-1__otto-36
2013-11-07 03:00:00-05:00,,,False,,,,ottomaass-001-1__otto-36
2013-11-07 04:00:00-05:00,,,False,,,,ottomaass-001-1__otto-36
2013-11-07 05:00:00-05:00,16.049999,207.65024000000003,False,210.0,1.6615312301542378,208.82512000000003,ottomaass-001-1__otto-36
2013-11-07 06:00:00-05:00,16.049999,207.65024,False,210.0,1.6615312301629959,208.82512,ottomaass-001-1__otto-36
2013-11-07 07:00:00-05:00,16.049999,207.65024,False,210.0,1.6615312301629959,208.82512,ottomaass-001-1__otto-36
2013-11-07 08:00:00-05:00,16.049999,207.65024,False,210.0,1.6615312301629959,208.82512,ottomaass-001-1__otto-36
2013-11-07 09:00:00-05:00,38.364998,262.74111999999997,False,253.2089868,6.740236024892118,257.9750534,ottomaass-001-1__otto-36
2013-11-07 10:00:00-05:00,27.23875,323.12919999999997,True,280.3321354166667,30.262094581753693,301.7306677083333,ottomaass-001-1__otto-36
2013-11-07 11:00:00-05:00,27.455624875000005,243.49462666666665,True,294.4615767843751,36.03907604462766,268.9781017255209,ottomaass-001-1__otto-36
2013-11-07 12:00:00-05:00,35.76749975,448.4962666666666,True,402.98049718333334,32.184509252588164,425.738381925,ottomaass-001-1__otto-36
2013-11-07 13:00:00-05:00,16.199165999999998,208.17996,True,210.0,1.2869626260305087,209.08998,ottomaass-001-1__otto-36
2013-11-07 14:00:00-05:00,16.049999,207.65024,True,210.0,1.6615312301629959,208.82512,ottomaass-001-1__otto-36
