,per_hour_hood_data_count,occupancy,min_lab_cfm,min_hood_cfm,min_additional_hood_cfm,min_possible_lab_cfm,calc_hood_cfm,stream_hood_cfm,stream_and_calc_hood_cfm_std,stream_and_calc_hood_cfm_mean,calc_total_lab_cfm,stream_total_lab_cfm,calc_excess_cfm,stream_excess_cfm
2013-10-24 17:00:00-05:00,12,1.0,8751.666666666668,3150.0,0,8151.666666666668,,,,,8151.666666666668,8151.666666666668,0.0,0.0
2013-10-24 18:00:00-05:00,5,1.0,8751.666666666668,3150.0,0,8151.666666666668,,,,,8151.666666666668,8151.666666666668,0.0,0.0
2013-10-24 19:00:00-05:00,6,1.0,8751.666666666668,3150.0,0,8151.666666666668,,,,,8151.666666666668,8151.666666666668,0.0,0.0
2013-10-24 20:00:00-05:00,2,1.0,8751.666666666668,3150.0,0,8151.666666666668,,,,,8151.666666666668,8151.666666666668,0.0,0.0
2013-10-24 21:00:00-05:00,12,1.0,8751.666666666668,3150.0,0,8151.666666666668,,,,,8151.666666666668,8151.666666666668,0.0,0.0
2013-10-24 22:00:00-05:00,15,0.0,3836.6666666666665,3150.0,0,3236.6666666666665,3346.4648208666667,3267.3129599999997,55.96881756217613,3306.888890433333,3346.4648208666667,3267.3129599999997,109.79815420000023,30.646293333333233
2013-10-24 23:00:00-05:00,15,1.0,8751.666666666668,3150.0,0,8151.666666666668,3344.2794384833333,3267.3129599999997,54.423518859639444,3305.7961992416663,8151.666666666668,8151.666666666668,0.0,0.0
2013-10-25 00:00:00-05:00,15,3.0,8751.666666666668,3150.0,0,8151.666666666668,3510.903163786111,3267.3129599999997,179.87357111699762,3389.108061893055,8151.666666666668,8151.666666666668,0.0,0.0
2013-10-25 01:00:00-05:00,0,2.0,8751.666666666668,3150.0,0,8151.666666666668,,,,,8151.666666666668,8151.666666666668,0.0,0.0
2013-10-25 02:00:00-05:00,10,0.0,3836.6666666666665,3150.0,0,3236.6666666666665,,,,,3236.6666666666665,3236.6666666666665,0.0,0.0
2013-10-25 03:00:00-05:00,15,1.0,8751.666666666668,3150.0,0,8151.666666666668,3349.283086088889,3267.3129599999997,57.96163201219318,3308.298023044444,8151.666666666668,8151.666666666668,0.0,0.0
2013-10-25 04:00:00-05:00,0,1.0,8751.666666666668,3150.0,0,8151.666666666668,,,,,8151.666666666668,8151.666666666668,0.0,0.0
2013-10-25 05:00:00-05:00,15,1.0,8751.666666666668,3150.0,0,8151.666666666668,3534.891244975,3268.3723999999997,188.45728259579255,3401.6318224875,8151.666666666668,8151.666666666668,0.0,0.0
2013-10-25 06:00:00-05:00,0,1.0,8751.666666666668,3150.0,0,8151.666666666668,,,,,8151.666666666668,8151.666666666668,0.0,0.0
2013-10-25 07:00:00-05:00,12,3.0,8751.666666666668,3150.0,0,8151.666666666668,,,,,8151.666666666668,8151.666666666668,0.0,0.0
2013-10-25 08:00:00-05:00,0,2.0,8751.666666666668,3150.0,0,8151.666666666668,,,,,8151.666666666668,8151.666666666668,0.0,0.0
2013-10-25 09:00:00-05:00,15,1.0,8751.666666666668,3150.0,0,8151.666666666668,3445.6916329333335,3606.3337599999995,224.29382230956776,3526.0126964666665,8151.666666666668,8151.666666666668,0.0,0.0
2013-10-25 10:00:00-05:00,0,15.0,8751.666666666668,3150.0,0,8151.666666666668,,,,,8151.666666666668,8151.666666666668,0.0,0.0
2013-10-25 11:00:00-05:00,0,15.0,8751.666666666668,3150.0,0,8151.666666666668,,,,,8151.666666666668,8151.666666666668,0.0,0.0
2013-10-25 12:00:00-05:00,0,15.0,8751.666666666668,3150.0,0,8151.666666666668,,,,,8151.666666666668,8151.666666666668,0.0,0.0
2013-10-25 13:00:00-05:00,15,15.0,8751.666666666668,3150.0,0,8151.666666666668,5948.1416338819445,4986.077786666666,822.2063160026026,5467.109710274305,8151.666666666668,8151.666666666668,0.0,0.0
2013-10-25 14:00:00-05:00,15,15.0,8751.666666666668,3150.0,0,8151.666666666668,6094.103205933333,5456.469146666665,615.0769707309853,5775.2861763,8151.666666666668,8151.666666666668,0.0,0.0
2013-10-25 15:00:00-05:00,15,15.0,8751.666666666668,3150.0,0,8151.666666666668,4597.178235616667,4041.7635999999993,539.4863533692672,4319.470917808333,8151.666666666668,8151.666666666668,0.0,0.0
2013-10-25 16:00:00-05:00,15,15.0,8751.666666666668,3150.0,0,8151.666666666668,4371.578213991666,4091.2041333333327,325.3730680908028,4231.3911736625,8151.666666666668,8151.666666666668,0.0,0.0
2013-10-25 17:00:00-05:00,15,2.0,8751.666666666668,3150.0,0,8151.666666666668,3534.0932876666666,3500.389759999999,105.26430643913938,3517.241523833333,8151.666666666668,8151.666666666668,0.0,0.0
2013-10-25 18:00:00-05:00,13,0.0,3836.6666666666665,3150.0,0,3236.6666666666665,,,,,3236.6666666666665,3236.6666666666665,0.0,0.0
2013-10-25 19:00:00-05:00,13,1.0,8751.666666666668,3150.0,0,8151.666666666668,,,,,8151.666666666668,8151.666666666668,0.0,0.0
2013-10-25 20:00:00-05:00,0,1.0,8751.666666666668,3150.0,0,8151.666666666668,,,,,8151.666666666668,8151.666666666668,0.0,0.0
2013-10-25 21:00:00-05:00,0,3.0,8751.666666666668,3150.0,0,8151.666666666668,,,,,8151.666666666668,8151.666666666668,0.0,0.0
2013-10-25 22:00:00-05:00,0,1.0,8751.666666666668,3150.0,0,8151.666666666668,,,,,8151.666666666668,8151.666666666668,0.0,0.0
2013-10-25 23:00:00-05:00,0,2.0,8751.666666666668,3150.0,0,8151.666666666668,,,,,8151.666666666668,8151.666666666668,0.0,0.0
2013-10-26 00:00:00-05:00,2,1.0,8751.666666666668,3150.0,0,8151.666666666668,,,,,8151.666666666668,8151.666666666668,0.0,0.0
2013-10-26 01:00:00-05:00,8,2.0,8751.666666666668,3150.0,0,8151.666666666668,,,,,8151.666666666668,8151.666666666668,0.0,0.0
2013-10-26 02:00:00-05:00,0,3.0,8751.666666666668,3150.0,0,8151.666666666668,,,,,8151.666666666668,8151.666666666668,0.0,0.0
2013-10-26 03:00:00-05:00,0,0.0,3836.6666666666665,3150.0,0,3236.6666666666665,,,,,3236.6666666666665,3236.6666666666665,0.0,0.0
2013-10-26 04:00:00-05:00,0,7.0,8751.666666666668,3150.0,0,8151.666666666668,,,,,8151.666666666668,8151.666666666668,0.0,0.0
2013-10-26 05:00:00-05:00,15,1.0,8751.666666666668,3150.0,0,8151.666666666668,3442.4840021777777,3499.683466666666,83.64594120435137,3471.083734422222,8151.666666666668,8151.666666666668,0.0,0.0
2013-10-26 06:00:00-05:00,15,3.0,8751.666666666668,3150.0,0,8151.666666666668,3438.061986933333,3499.948326666666,86.96006247226718,3469.0051568,8151.666666666668,8151.666666666668,0.0,0.0
2013-10-26 07:00:00-05:00,15,2.0,8751.666666666668,3150.0,0,8151.666666666668,3443.9993197333333,3500.3897599999996,83.07387469066673,3472.1945398666667,8151.666666666668,8151.666666666668,0.0,0.0
2013-10-26 08:00:00-05:00,15,1.0,8751.666666666668,3150.0,0,8151.666666666668,3450.6915427555555,3500.742906666666,78.09204600776117,3475.7172247111107,8151.666666666668,8151.666666666668,0.0,0.0
2013-10-26 09:00:00-05:00,0,2.0,8751.666666666668,3150.0,0,8151.666666666668,,,,,8151.666666666668,8151.666666666668,0.0,0.0
2013-10-26 10:00:00-05:00,15,15.0,8751.666666666668,3150.0,0,8151.666666666668,3990.5498955416665,3500.389759999999,346.5955557088479,3745.469827770833,8151.666666666668,8151.666666666668,0.0,0.0
2013-10-26 11:00:00-05:00,3,15.0,8751.666666666668,3150.0,0,8151.666666666668,,,,,8151.666666666668,8151.666666666668,0.0,0.0
2013-10-26 12:00:00-05:00,0,15.0,8751.666666666668,3150.0,0,8151.666666666668,,,,,8151.666666666668,8151.666666666668,0.0,0.0
2013-10-26 13:00:00-05:00,4,15.0,8751.666666666668,3150.0,0,8151.666666666668,,,,,8151.666666666668,8151.666666666668,0.0,0.0
2013-10-26 14:00:00-05:00,3,15.0,8751.666666666668,3150.0,0,8151.666666666668,,,,,8151.666666666668,8151.666666666668,0.0,0.0
2013-10-26 15:00:00-05:00,0,15.0,8751.666666666668,3150.0,0,8151.666666666668,,,,,8151.666666666668,8151.666666666668,0.0,0.0
2013-10-26 16:00:00-05:00,0,15.0,8751.666666666668,3150.0,0,8151.666666666668,,,,,8151.666666666668,8151.666666666668,0.0,0.0
2013-10-26 17:00:00-05:00,11,1.0,8751.666666666668,3150.0,0,8151.666666666668,,,,,8151.666666666668,8151.666666666668,0.0,0.0
2013-10-26 18:00:00-05:00,9,1.0,8751.666666666668,3150.0,0,8151.666666666668,,,,,8151.666666666668,8151.666666666668,0.0,0.0
2013-10-26 19:00:00-05:00,3,1.0,8751.666666666668,3150.0,0,8151.666666666668,,,,,8151.666666666668,8151.666666666668,0.0,0.0
2013-10-26 20:00:00-05:00,11,1.0,8751.666666666668,3150.0,0,8151.666666666668,,,,,8151.666666666668,8151.666666666668,0.0,0.0
2013-10-26 21:00:00-05:00,15,0.0,3836.6666666666665,3150.0,0,3236.6666666666665,3427.7733387999997,3500.213186666666,94.4225196387335,3463.9932627333333,3427.7733387999997,3500.213186666666,191.10667213333318,263.5465199999994
2013-10-26 22:00:00-05:00,15,1.0,8751.666666666668,3150.0,0,8151.666666666668,3440.4613374,3500.0366133333328,85.3258935875288,3470.2489753666664,8151.666666666668,8151.666666666668,0.0,0.0
2013-10-26 23:00:00-05:00,6,1.0,8751.666666666668,3150.0,0,8151.666666666668,,,,,8151.666666666668,8151.666666666668,0.0,0.0
2013-10-27 00:00:00-05:00,15,0.0,3836.6666666666665,3150.0,0,3236.6666666666665,3451.381319466667,3500.3897599999996,77.85401262050927,3475.885539733333,3451.381319466667,3500.3897599999996,214.7146528000003,263.72309333333305
2013-10-27 01:00:00-05:00,15,1.0,8751.666666666668,3150.0,0,8151.666666666668,3428.9173204,3500.389759999999,93.73845869331231,3464.6535402,8151.666666666668,8151.666666666668,0.0,0.0
2013-10-27 02:00:00-05:00,0,2.0,8751.666666666668,3150.0,0,8151.666666666668,,,,,8151.666666666668,8151.666666666668,0.0,0.0
2013-10-27 03:00:00-05:00,0,1.0,8751.666666666668,3150.0,0,8151.666666666668,,,,,8151.666666666668,8151.666666666668,0.0,0.0
2013-10-27 04:00:00-05:00,0,1.0,8751.666666666668,3150.0,0,8151.666666666668,,,,,8151.666666666668,8151.666666666668,0.0,0.0
2013-10-27 05:00:00-05:00,0,3.0,8751.666666666668,3150.0,0,8151.666666666668,,,,,8151.666666666668,8151.666666666668,0.0,0.0
2013-10-27 06:00:00-05:00,0,0.0,3836.6666666666665,3150.0,0,3236.6666666666665,,,,,3236.6666666666665,3236.6666666666665,0.0,0.0
2013-10-27 07:00:00-05:00,0,1.0,8751.666666666668,3150.0,0,8151.666666666668,,,,,8151.666666666668,8151.666666666668,0.0,0.0
2013-10-27 08:00:00-05:00,0,0.0,3836.6666666666665,3150.0,0,3236.6666666666665,,,,,3236.6666666666665,3236.6666666666665,0.0,0.0
2013-10-27 09:00:00-05:00,0,0.0,3836.6666666666665,3150.0,0,3236.6666666666665,,,,,3236.6666666666665,3236.6666666666665,0.0,0.0
2013-10-27 10:00:00-05:00,15,15.0,8751.666666666668,3150.0,0,8151.666666666668,3971.1009513083336,3501.449199999999,332.0939381461441,3736.275075654166,8151.666666666668,8151.666666666668,0.0,0.0
2013-10-27 11:00:00-05:00,15,15.0,8751.666666666668,3150.0,0,8151.666666666668,3984.997779383334,3502.508639999999,341.17134230683183,3743.753209691666,8151.666666666668,8151.666666666668,0.0,0.0
2013-10-27 12:00:00-05:00,4,15.0,8751.666666666668,3150.0,0,8151.666666666668,,,,,8151.666666666668,8151.666666666668,0.0,0.0
2013-10-27 13:00:00-05:00,14,15.0,8751.666666666668,3150.0,0,8151.666666666668,,,,,8151.666666666668,8151.666666666668,0.0,0.0
2013-10-27 14:00:00-05:00,15,15.0,8751.666666666668,3150.0,0,8151.666666666668,3983.4627282250003,3500.3897599999996,341.58417163969307,3741.9262441124997,8151.666666666668,8151.666666666668,0.0,0.0
2013-10-27 15:00:00-05:00,5,15.0,8751.666666666668,3150.0,0,8151.666666666668,,,,,8151.666666666668,8151.666666666668,0.0,0.0
2013-10-27 16:00:00-05:00,5,15.0,8751.666666666668,3150.0,0,8151.666666666668,,,,,8151.666666666668,8151.666666666668,0.0,0.0
2013-10-27 17:00:00-05:00,5,0.0,3836.6666666666665,3150.0,0,3236.6666666666665,,,,,3236.6666666666665,3236.6666666666665,0.0,0.0
2013-10-27 18:00:00-05:00,0,2.0,8751.666666666668,3150.0,0,8151.666666666668,,,,,8151.666666666668,8151.666666666668,0.0,0.0
2013-10-27 19:00:00-05:00,14,4.0,8751.666666666668,3150.0,0,8151.666666666668,,,,,8151.666666666668,8151.666666666668,0.0,0.0
2013-10-27 20:00:00-05:00,0,0.0,3836.6666666666665,3150.0,0,3236.6666666666665,,,,,3236.6666666666665,3236.6666666666665,0.0,0.0
2013-10-27 21:00:00-05:00,11,1.0,8751.666666666668,3150.0,0,8151.666666666668,,,,,8151.666666666668,8151.666666666668,0.0,0.0
2013-10-27 22:00:00-05:00,15,1.0,8751.666666666668,3150.0,0,8151.666666666668,3463.0059864,3496.151999999999,69.6341318031009,3479.5789932,8151.666666666668,8151.666666666668,0.0,0.0
2013-10-27 23:00:00-05:00,15,2.0,8751.666666666668,3150.0,0,8151.666666666668,3441.0306533333332,3496.151999999999,85.17303883327489,3468.591326666666,8151.666666666668,8151.666666666668,0.0,0.0
2013-10-28 00:00:00-05:00,15,2.0,8751.666666666668,3150.0,0,8151.666666666668,3682.6024127796295,3496.8582933333328,200.19902249019117,3589.730353056481,8151.666666666668,8151.666666666668,0.0,0.0
2013-10-28 01:00:00-05:00,15,2.0,8751.666666666668,3150.0,0,8151.666666666668,3639.892603983333,3496.151999999999,159.74625756259235,3568.022301991666,8151.666666666668,8151.666666666668,0.0,0.0
2013-10-28 02:00:00-05:00,8,1.0,8751.666666666668,3150.0,0,8151.666666666668,,,,,8151.666666666668,8151.666666666668,0.0,0.0
2013-10-28 03:00:00-05:00,6,2.0,8751.666666666668,3150.0,0,8151.666666666668,,,,,8151.666666666668,8151.666666666668,0.0,0.0
2013-10-28 04:00:00-05:00,1,2.0,8751.666666666668,3150.0,0,8151.666666666668,,,,,8151.666666666668,8151.666666666668,0.0,0.0
2013-10-28 05:00:00-05:00,0,1.0,8751.666666666668,3150.0,0,8151.666666666668,,,,,8151.666666666668,8151.666666666668,0.0,0.0
2013-10-28 06:00:00-05:00,15,2.0,8751.666666666668,3150.0,0,8151.666666666668,3661.4370563777775,3494.033119999999,198.18842743059602,3577.7350881888883,8151.666666666668,8151.666666666668,0.0,0.0
2013-10-28 07:00:00-05:00,5,1.0,8751.666666666668,3150.0,0,8151.666666666668,,,,,8151.666666666668,8151.666666666668,0.0,0.0
2013-10-28 08:00:00-05:00,0,0.0,3836.6666666666665,3150.0,0,3236.6666666666665,,,,,3236.6666666666665,3236.6666666666665,0.0,0.0
2013-10-28 09:00:00-05:00,15,1.0,8751.666666666668,3150.0,0,8151.666666666668,3493.9543895583333,3516.6345066666663,136.5860341259673,3505.2944481124996,8151.666666666668,8151.666666666668,0.0,0.0
2013-10-28 10:00:00-05:00,13,15.0,8751.666666666668,3150.0,0,8151.666666666668,,,,,8151.666666666668,8151.666666666668,0.0,0.0
2013-10-28 11:00:00-05:00,1,15.0,8751.666666666668,3150.0,0,8151.666666666668,,,,,8151.666666666668,8151.666666666668,0.0,0.0
2013-10-28 12:00:00-05:00,15,15.0,8751.666666666668,3150.0,0,8151.666666666668,5643.410415247917,4762.006226666666,713.1128568710006,5202.708320957292,8151.666666666668,8151.666666666668,0.0,0.0
2013-10-28 13:00:00-05:00,15,15.0,8751.666666666668,3150.0,0,8151.666666666668,7310.7794533138895,5711.087893333332,1255.6807234856522,6510.9336733236105,8151.666666666668,8151.666666666668,0.0,0.0
2013-10-28 14:00:00-05:00,0,15.0,8751.666666666668,3150.0,0,8151.666666666668,,,,,8151.666666666668,8151.666666666668,0.0,0.0
2013-10-28 15:00:00-05:00,15,15.0,8751.666666666668,3150.0,0,8151.666666666668,7395.313795472222,6884.594266666666,488.2779180207542,7139.954031069446,8151.666666666668,8151.666666666668,0.0,0.0
2013-10-28 16:00:00-05:00,4,15.0,8751.666666666668,3150.0,0,8151.666666666668,,,,,8151.666666666668,8151.666666666668,0.0,0.0
2013-10-28 17:00:00-05:00,15,2.0,8751.666666666668,3150.0,0,8151.666666666668,3408.504289086111,3760.305706666667,309.89316774455165,3584.404997876388,8151.666666666668,8151.666666666668,0.0,0.0
2013-10-28 18:00:00-05:00,12,1.0,8751.666666666668,3150.0,0,8151.666666666668,,,,,8151.666666666668,8151.666666666668,0.0,0.0
2013-10-28 19:00:00-05:00,9,2.0,8751.666666666668,3150.0,0,8151.666666666668,,,,,8151.666666666668,8151.666666666668,0.0,0.0
2013-10-28 20:00:00-05:00,0,1.0,8751.666666666668,3150.0,0,8151.666666666668,,,,,8151.666666666668,8151.666666666668,0.0,0.0
2013-10-28 21:00:00-05:00,0,4.0,8751.666666666668,3150.0,0,8151.666666666668,,,,,8151.666666666668,8151.666666666668,0.0,0.0
2013-10-28 22:00:00-05:00,15,1.0,8751.666666666668,3150.0,0,8151.666666666668,3404.9125108333333,3188.237535555555,153.21234433224586,3296.5750231944444,8151.666666666668,8151.666666666668,0.0,0.0
2013-10-28 23:00:00-05:00,15,1.0,8751.666666666668,3150.0,0,8151.666666666668,3214.6560064,3189.6206933333333,21.82828752861972,3202.1383498666664,8151.666666666668,8151.666666666668,0.0,0.0
2013-10-29 00:00:00-05:00,4,1.0,8751.666666666668,3150.0,0,8151.666666666668,,,,,8151.666666666668,8151.666666666668,0.0,0.0
2013-10-29 01:00:00-05:00,11,2.0,8751.666666666668,3150.0,0,8151.666666666668,,,,,8151.666666666668,8151.666666666668,0.0,0.0
2013-10-29 02:00:00-05:00,15,1.0,8751.666666666668,3150.0,0,8151.666666666668,3211.32,3186.9132355555553,26.101662030810722,3199.116617777778,8151.666666666668,8151.666666666668,0.0,0.0
2013-10-29 03:00:00-05:00,15,1.0,8751.666666666668,3150.0,0,8151.666666666668,3228.456,3188.9143999999997,27.960133498872437,3208.6851999999994,8151.666666666668,8151.666666666668,0.0,0.0
2013-10-29 04:00:00-05:00,11,1.0,8751.666666666668,3150.0,0,8151.666666666668,,,,,8151.666666666668,8151.666666666668,0.0,0.0
2013-10-29 05:00:00-05:00,15,0.0,3836.6666666666665,3150.0,0,3236.6666666666665,3217.032,3187.266382222222,21.81295569376107,3202.1491911111107,3236.6666666666665,3236.6666666666665,0.0,0.0
2013-10-29 06:00:00-05:00,15,2.0,8751.666666666668,3150.0,0,8151.666666666668,3217.032,3187.501813333333,21.64648075879147,3202.2669066666663,8151.666666666668,8151.666666666668,0.0,0.0
2013-10-29 07:00:00-05:00,0,1.0,8751.666666666668,3150.0,0,8151.666666666668,,,,,8151.666666666668,8151.666666666668,0.0,0.0
2013-10-29 08:00:00-05:00,0,0.0,3836.6666666666665,3150.0,0,3236.6666666666665,,,,,3236.6666666666665,3236.6666666666665,0.0,0.0
2013-10-29 09:00:00-05:00,0,3.0,8751.666666666668,3150.0,0,8151.666666666668,,,,,8151.666666666668,8151.666666666668,0.0,0.0
2013-10-29 10:00:00-05:00,0,15.0,8751.666666666668,3150.0,0,8151.666666666668,,,,,8151.666666666668,8151.666666666668,0.0,0.0
2013-10-29 11:00:00-05:00,0,15.0,8751.666666666668,3150.0,0,8151.666666666668,,,,,8151.666666666668,8151.666666666668,0.0,0.0
2013-10-29 12:00:00-05:00,13,15.0,8751.666666666668,3150.0,0,8151.666666666668,,,,,8151.666666666668,8151.666666666668,0.0,0.0
2013-10-29 13:00:00-05:00,15,15.0,8751.666666666668,3150.0,0,8151.666666666668,4816.7136786399315,4671.777253333333,303.3717786754514,4744.2454659866335,8151.666666666668,8151.666666666668,0.0,0.0
2013-10-29 14:00:00-05:00,15,15.0,8751.666666666668,3150.0,0,8151.666666666668,7008.941049708334,6390.542079999998,778.8149580889402,6699.741564854167,8151.666666666668,8151.666666666668,0.0,0.0
2013-10-29 15:00:00-05:00,15,15.0,8751.666666666668,3150.0,0,8151.666666666668,6992.9341728375,6839.038346666666,568.1311791452092,6915.986259752083,8151.666666666668,8151.666666666668,0.0,0.0
2013-10-29 16:00:00-05:00,15,15.0,8751.666666666668,3150.0,0,8151.666666666668,5056.817370572222,3847.7683644444446,854.9267510197323,4452.292867508333,8151.666666666668,8151.666666666668,0.0,0.0
2013-10-29 17:00:00-05:00,12,1.0,8751.666666666668,3150.0,0,8151.666666666668,,,,,8151.666666666668,8151.666666666668,0.0,0.0
2013-10-29 18:00:00-05:00,15,1.0,8751.666666666668,3150.0,0,8151.666666666668,3738.468304533333,3813.9839999999995,92.77253700205405,3776.2261522666663,8151.666666666668,8151.666666666668,0.0,0.0
2013-10-29 19:00:00-05:00,15,1.0,8751.666666666668,3150.0,0,8151.666666666668,3942.7644054388884,3811.688546666666,185.54457904172014,3877.226476052778,8151.666666666668,8151.666666666668,0.0,0.0
2013-10-29 20:00:00-05:00,9,2.0,8751.666666666668,3150.0,0,8151.666666666668,,,,,8151.666666666668,8151.666666666668,0.0,0.0
2013-10-29 21:00:00-05:00,15,0.0,3836.6666666666665,3150.0,0,3236.6666666666665,3729.431973466666,3803.7427466666663,83.44976294467072,3766.5873600666664,3729.431973466666,3803.7427466666663,492.7653067999995,567.0760799999998
2013-10-29 22:00:00-05:00,3,3.0,8751.666666666668,3150.0,0,8151.666666666668,,,,,8151.666666666668,8151.666666666668,0.0,0.0
2013-10-29 23:00:00-05:00,15,0.0,3836.6666666666665,3150.0,0,3236.6666666666665,3742.933962,3804.8021866666663,82.72623431562229,3773.868074333333,3742.933962,3804.8021866666663,506.26729533333355,568.1355199999998
2013-10-30 00:00:00-05:00,15,0.0,3836.6666666666665,3150.0,0,3236.6666666666665,3764.6576334,3805.5084799999995,101.89288494605664,3785.0830567,3764.6576334,3805.5084799999995,527.9909667333336,568.841813333333
2013-10-30 01:00:00-05:00,0,3.0,8751.666666666668,3150.0,0,8151.666666666668,,,,,8151.666666666668,8151.666666666668,0.0,0.0
2013-10-30 02:00:00-05:00,0,1.0,8751.666666666668,3150.0,0,8151.666666666668,,,,,8151.666666666668,8151.666666666668,0.0,0.0
2013-10-30 03:00:00-05:00,13,1.0,8751.666666666668,3150.0,0,8151.666666666668,,,,,8151.666666666668,8151.666666666668,0.0,0.0
2013-10-30 04:00:00-05:00,5,2.0,8751.666666666668,3150.0,0,8151.666666666668,,,,,8151.666666666668,8151.666666666668,0.0,0.0
2013-10-30 05:00:00-05:00,15,2.0,8751.666666666668,3150.0,0,8151.666666666668,3982.6189670000003,3799.622702222222,249.90186147147782,3891.120834611111,8151.666666666668,8151.666666666668,0.0,0.0
2013-10-30 06:00:00-05:00,15,2.0,8751.666666666668,3150.0,0,8151.666666666668,3873.6881281166666,3841.5294400000002,190.56584867169607,3857.608784058333,8151.666666666668,8151.666666666668,0.0,0.0
2013-10-30 07:00:00-05:00,14,1.0,8751.666666666668,3150.0,0,8151.666666666668,,,,,8151.666666666668,8151.666666666668,0.0,0.0
2013-10-30 08:00:00-05:00,15,1.0,8751.666666666668,3150.0,0,8151.666666666668,4047.8046065333333,5120.27352,772.948345674478,4584.039063266667,8151.666666666668,8151.666666666668,0.0,0.0
2013-10-30 09:00:00-05:00,0,0.0,3836.6666666666665,3150.0,0,3236.6666666666665,,,,,3236.6666666666665,3236.6666666666665,0.0,0.0
2013-10-30 10:00:00-05:00,15,15.0,8751.666666666668,3150.0,0,8151.666666666668,6488.027923841667,6321.67848,407.79356870301376,6404.853201920834,8151.666666666668,8151.666666666668,0.0,0.0
2013-10-30 11:00:00-05:00,15,15.0,8751.666666666668,3150.0,0,8151.666666666668,6113.703360819445,5789.486453333333,412.38935131713464,5951.594907076389,8151.666666666668,8151.666666666668,0.0,0.0
2013-10-30 12:00:00-05:00,0,15.0,8751.666666666668,3150.0,0,8151.666666666668,,,,,8151.666666666668,8151.666666666668,0.0,0.0
2013-10-30 13:00:00-05:00,8,15.0,8751.666666666668,3150.0,0,8151.666666666668,,,,,8151.666666666668,8151.666666666668,0.0,0.0
2013-10-30 14:00:00-05:00,0,15.0,8751.666666666668,3150.0,0,8151.666666666668,,,,,8151.666666666668,8151.666666666668,0.0,0.0
2013-10-30 15:00:00-05:00,11,15.0,8751.666666666668,3150.0,0,8151.666666666668,,,,,8151.666666666668,8151.666666666668,0.0,0.0
2013-10-30 16:00:00-05:00,15,15.0,8751.666666666668,3150.0,0,8151.666666666668,3863.6097778041667,3574.6094177777773,235.62311289323492,3719.109597790972,8151.666666666668,8151.666666666668,0.0,0.0
2013-10-30 17:00:00-05:00,5,1.0,8751.666666666668,3150.0,0,8151.666666666668,,,,,8151.666666666668,8151.666666666668,0.0,0.0
2013-10-30 18:00:00-05:00,14,1.0,8751.666666666668,3150.0,0,8151.666666666668,,,,,8151.666666666668,8151.666666666668,0.0,0.0
2013-10-30 19:00:00-05:00,15,1.0,8751.666666666668,3150.0,0,8151.666666666668,3253.6050067333335,3229.084833333333,17.338380887046927,3241.344920033333,8151.666666666668,8151.666666666668,0.0,0.0
2013-10-30 20:00:00-05:00,15,1.0,8751.666666666668,3150.0,0,8151.666666666668,3256.7100068,3229.1731199999995,19.471519389082285,3242.9415633999997,8151.666666666668,8151.666666666668,0.0,0.0
2013-10-30 21:00:00-05:00,14,1.0,8751.666666666668,3150.0,0,8151.666666666668,,3229.8794133333326,,3244.7317700999997,8151.666666666668,8151.666666666668,0.0,0.0
2013-10-30 22:00:00-05:00,15,3.0,8751.666666666668,3150.0,0,8151.666666666668,3244.6668398666666,3229.643982222222,20.784388835874395,3237.1554110444445,8151.666666666668,8151.666666666668,0.0,0.0
2013-10-30 23:00:00-05:00,15,0.0,3836.6666666666665,3150.0,0,3236.6666666666665,3262.9200069333333,3230.0559866666663,23.238371587640984,3246.4879967999996,3262.9200069333333,3236.6666666666665,26.253340266666783,0.0
2013-10-31 00:00:00-05:00,15,3.0,8751.666666666668,3150.0,0,8151.666666666668,3238.0800064,3231.2919999999995,23.743736090021933,3234.6860031999995,8151.666666666668,8151.666666666668,0.0,0.0
2013-10-31 01:00:00-05:00,15,0.0,3836.6666666666665,3150.0,0,3236.6666666666665,3244.2900065333333,3230.9388533333326,19.60231528704153,3237.6144299333337,3244.2900065333333,3236.6666666666665,7.623339866666811,0.0
2013-10-31 02:00:00-05:00,0,2.0,8751.666666666668,3150.0,0,8151.666666666668,,,,,8151.666666666668,8151.666666666668,0.0,0.0
2013-10-31 03:00:00-05:00,15,2.0,8751.666666666668,3150.0,0,8151.666666666668,3278.2251736,3230.2325599999995,33.93590252345195,3254.2288667999997,8151.666666666668,8151.666666666668,0.0,0.0
2013-10-31 04:00:00-05:00,15,0.0,3836.6666666666665,3150.0,0,3236.6666666666665,3250.5000066666666,3231.2919999999995,14.961469678805397,3240.8960033333333,3250.5000066666666,3236.6666666666665,13.833340000000135,0.0
2013-10-31 05:00:00-05:00,4,0.0,3836.6666666666665,3150.0,0,3236.6666666666665,,,,,3236.6666666666665,3236.6666666666665,0.0,0.0
2013-10-31 06:00:00-05:00,15,0.0,3836.6666666666665,3150.0,0,3236.6666666666665,3256.7100068,3231.2919999999995,17.973244972562316,3244.0010033999997,3256.7100068,3236.6666666666665,20.04334013333346,0.0
2013-10-31 07:00:00-05:00,0,1.0,8751.666666666668,3150.0,0,8151.666666666668,,,,,8151.666666666668,8151.666666666668,0.0,0.0
2013-10-31 08:00:00-05:00,14,1.0,8751.666666666668,3150.0,0,8151.666666666668,,5928.62624,,5265.398191300001,8151.666666666668,8151.666666666668,0.0,0.0
2013-10-31 09:00:00-05:00,6,1.0,8751.666666666668,3150.0,0,8151.666666666668,,,,,8151.666666666668,8151.666666666668,0.0,0.0
2013-10-31 10:00:00-05:00,15,15.0,8751.666666666668,3150.0,0,8151.666666666668,4386.955774027777,4267.188888888888,364.7481522031662,4327.072331458334,8151.666666666668,8151.666666666668,0.0,0.0
2013-10-31 11:00:00-05:00,15,15.0,8751.666666666668,3150.0,0,8151.666666666668,5430.970523503241,5122.745546666667,358.1690213807958,5276.858035084953,8151.666666666668,8151.666666666668,0.0,0.0
2013-10-31 12:00:00-05:00,15,15.0,8751.666666666668,3150.0,0,8151.666666666668,4994.853737982638,4460.7132622222225,403.514132714244,4727.783500102431,8151.666666666668,8151.666666666668,0.0,0.0
2013-10-31 13:00:00-05:00,15,15.0,8751.666666666668,3150.0,0,8151.666666666668,5213.538480494444,4252.59216,753.770019033689,4733.065320247222,8151.666666666668,8151.666666666668,0.0,0.0
2013-10-31 14:00:00-05:00,15,15.0,8751.666666666668,3150.0,0,8151.666666666668,6682.210520213889,6319.736173333333,491.0700442101109,6500.973346773611,8151.666666666668,8151.666666666668,0.0,0.0
2013-10-31 15:00:00-05:00,0,15.0,8751.666666666668,3150.0,0,8151.666666666668,,,,,8151.666666666668,8151.666666666668,0.0,0.0
2013-10-31 16:00:00-05:00,11,15.0,8751.666666666668,3150.0,0,8151.666666666668,,,,,8151.666666666668,8151.666666666668,0.0,0.0
2013-10-31 17:00:00-05:00,15,1.0,8751.666666666668,3150.0,0,8151.666666666668,3494.2620311583332,3318.636942222222,124.18569133288587,3406.449486690278,8151.666666666668,8151.666666666668,0.0,0.0
2013-10-31 18:00:00-05:00,15,1.0,8751.666666666668,3150.0,0,8151.666666666668,3288.1169934,3316.518062222222,48.626169803064286,3302.3175278111107,8151.666666666668,8151.666666666668,0.0,0.0
2013-10-31 19:00:00-05:00,0,2.0,8751.666666666668,3150.0,0,8151.666666666668,,,,,8151.666666666668,8151.666666666668,0.0,0.0
2013-10-31 20:00:00-05:00,15,1.0,8751.666666666668,3150.0,0,8151.666666666668,3277.5679935999997,3318.166079999999,57.25076364288344,3297.8670368,8151.666666666668,8151.666666666668,0.0,0.0
2013-10-31 21:00:00-05:00,0,3.0,8751.666666666668,3150.0,0,8151.666666666668,,,,,8151.666666666668,8151.666666666668,0.0,0.0
2013-10-31 22:00:00-05:00,3,1.0,8751.666666666668,3150.0,0,8151.666666666668,,,,,8151.666666666668,8151.666666666668,0.0,0.0
2013-10-31 23:00:00-05:00,0,1.0,8751.666666666668,3150.0,0,8151.666666666668,,,,,8151.666666666668,8151.666666666668,0.0,0.0
2013-11-01 00:00:00-05:00,15,0.0,3836.6666666666665,3150.0,0,3236.6666666666665,3274.2891635,3319.5786666666663,64.56349469604145,3296.933915083333,3274.2891635,3319.5786666666663,37.62249683333357,82.91199999999981
2013-11-01 01:00:00-05:00,15,1.0,8751.666666666668,3150.0,0,8151.666666666668,3302.6973333333335,3318.8723733333327,44.97530997131421,3310.784853333333,8151.666666666668,8151.666666666668,0.0,0.0
2013-11-01 02:00:00-05:00,15,4.0,8751.666666666668,3150.0,0,8151.666666666668,3325.494333333333,3318.1660799999995,66.57456542500766,3321.8302066666665,8151.666666666668,8151.666666666668,0.0,0.0
2013-11-01 03:00:00-05:00,15,1.0,8751.666666666668,3150.0,0,8151.666666666668,3288.612,3319.578666666666,54.43571988091626,3304.095333333333,8151.666666666668,8151.666666666668,0.0,0.0
2013-11-01 04:00:00-05:00,15,2.0,8751.666666666668,3150.0,0,8151.666666666668,3302.6973333333335,3317.695217777777,45.80768464686127,3310.196275555555,8151.666666666668,8151.666666666668,0.0,0.0
2013-11-01 05:00:00-05:00,0,2.0,8751.666666666668,3150.0,0,8151.666666666668,,,,,8151.666666666668,8151.666666666668,0.0,0.0
2013-11-01 06:00:00-05:00,15,5.0,8751.666666666668,3150.0,0,8151.666666666668,3281.5693333333334,3319.814097777777,59.249162303250024,3300.691715555555,8151.666666666668,8151.666666666668,0.0,0.0
2013-11-01 07:00:00-05:00,15,1.0,8751.666666666668,3150.0,0,8151.666666666668,3292.133333333333,3320.2849599999995,51.44633639676261,3306.2091466666666,8151.666666666668,8151.666666666668,0.0,0.0
2013-11-01 08:00:00-05:00,14,2.0,8751.666666666668,3150.0,0,8151.666666666668,,,,,8151.666666666668,8151.666666666668,0.0,0.0
2013-11-01 09:00:00-05:00,14,0.0,3836.6666666666665,3150.0,0,3236.6666666666665,,,,,3236.6666666666665,3236.6666666666665,0.0,0.0
2013-11-01 10:00:00-05:00,2,15.0,8751.666666666668,3150.0,0,8151.666666666668,,,,,8151.666666666668,8151.666666666668,0.0,0.0
2013-11-01 11:00:00-05:00,0,15.0,8751.666666666668,3150.0,0,8151.666666666668,,,,,8151.666666666668,8151.666666666668,0.0,0.0
2013-11-01 12:00:00-05:00,15,15.0,8751.666666666668,3150.0,0,8151.666666666668,6292.922316883332,6216.0876266666655,266.6841965863803,6254.504971775001,8151.666666666668,8151.666666666668,0.0,0.0
2013-11-01 13:00:00-05:00,0,15.0,8751.666666666668,3150.0,0,8151.666666666668,,,,,8151.666666666668,8151.666666666668,0.0,0.0
2013-11-01 14:00:00-05:00,15,15.0,8751.666666666668,3150.0,0,8151.666666666668,5565.307065086111,5191.255999999999,479.6310917559638,5378.2815325430565,8151.666666666668,8151.666666666668,0.0,0.0
2013-11-01 15:00:00-05:00,15,15.0,8751.666666666668,3150.0,0,8151.666666666668,5578.444726899073,5260.237315555556,435.29846266588277,5419.341021227315,8151.666666666668,8151.666666666668,0.0,0.0
2013-11-01 16:00:00-05:00,15,15.0,8751.666666666668,3150.0,0,8151.666666666668,3150.0,3129.5857599999995,14.435047536382196,3139.7928799999995,8151.666666666668,8151.666666666668,0.0,0.0
2013-11-01 17:00:00-05:00,14,0.0,3836.6666666666665,3150.0,0,3236.6666666666665,,,,,3236.6666666666665,3236.6666666666665,0.0,0.0
2013-11-01 18:00:00-05:00,10,4.0,8751.666666666668,3150.0,0,8151.666666666668,,,,,8151.666666666668,8151.666666666668,0.0,0.0
2013-11-01 19:00:00-05:00,9,2.0,8751.666666666668,3150.0,0,8151.666666666668,,,,,8151.666666666668,8151.666666666668,0.0,0.0
2013-11-01 20:00:00-05:00,15,2.0,8751.666666666668,3150.0,0,8151.666666666668,3150.0,3130.6451999999995,13.685910328541569,3140.3225999999995,8151.666666666668,8151.666666666668,0.0,0.0
2013-11-01 21:00:00-05:00,15,1.0,8751.666666666668,3150.0,0,8151.666666666668,3150.0,3129.5857599999995,14.43504753680082,3139.7928799999995,8151.666666666668,8151.666666666668,0.0,0.0
2013-11-01 22:00:00-05:00,15,2.0,8751.666666666668,3150.0,0,8151.666666666668,3150.0,3129.5857599999995,14.43504753680082,3139.7928799999995,8151.666666666668,8151.666666666668,0.0,0.0
2013-11-01 23:00:00-05:00,15,0.0,3836.6666666666665,3150.0,0,3236.6666666666665,3150.0,3129.5857599999995,14.43504753680082,3139.7928799999995,3236.6666666666665,3236.6666666666665,0.0,0.0
2013-11-02 00:00:00-05:00,8,2.0,8751.666666666668,3150.0,0,8151.666666666668,,,,,8151.666666666668,8151.666666666668,0.0,0.0
2013-11-02 01:00:00-05:00,15,1.0,8751.666666666668,3150.0,0,8151.666666666668,3150.0,3129.5857599999995,14.435047536622552,3139.7928799999995,8151.666666666668,8151.666666666668,0.0,0.0
2013-11-02 02:00:00-05:00,15,1.0,8751.666666666668,3150.0,0,8151.666666666668,3150.0,3130.1154799999995,14.060478932209312,3140.0577399999993,8151.666666666668,8151.666666666668,0.0,0.0
2013-11-02 03:00:00-05:00,0,0.0,3836.6666666666665,3150.0,0,3236.6666666666665,,,,,3236.6666666666665,3236.6666666666665,0.0,0.0
2013-11-02 04:00:00-05:00,15,3.0,8751.666666666668,3150.0,0,8151.666666666668,3150.0,3129.5857599999995,14.435047536747494,3139.7928799999995,8151.666666666668,8151.666666666668,0.0,0.0
2013-11-02 05:00:00-05:00,0,2.0,8751.666666666668,3150.0,0,8151.666666666668,,,,,8151.666666666668,8151.666666666668,0.0,0.0
2013-11-02 06:00:00-05:00,15,3.0,8751.666666666668,3150.0,0,8151.666666666668,3150.0,3127.4668799999995,15.933321952893408,3138.7334399999995,8151.666666666668,8151.666666666668,0.0,0.0
2013-11-02 07:00:00-05:00,15,1.0,8751.666666666668,3150.0,0,8151.666666666668,3150.0,3127.4668799999995,15.933321952991301,3138.7334399999995,8151.666666666668,8151.666666666668,0.0,0.0
2013-11-02 08:00:00-05:00,7,0.0,3836.6666666666665,3150.0,0,3236.6666666666665,,,,,3236.6666666666665,3236.6666666666665,0.0,0.0
2013-11-02 09:00:00-05:00,7,0.0,3836.6666666666665,3150.0,0,3236.6666666666665,,,,,3236.6666666666665,3236.6666666666665,0.0,0.0
2013-11-02 10:00:00-05:00,8,15.0,8751.666666666668,3150.0,0,8151.666666666668,,,,,8151.666666666668,8151.666666666668,0.0,0.0
2013-11-02 11:00:00-05:00,15,15.0,8751.666666666668,3150.0,0,8151.666666666668,3150.0,3127.4668799999995,15.933321953089196,3138.7334399999995,8151.666666666668,8151.666666666668,0.0,0.0
2013-11-02 12:00:00-05:00,5,15.0,8751.666666666668,3150.0,0,8151.666666666668,,,,,8151.666666666668,8151.666666666668,0.0,0.0
2013-11-02 13:00:00-05:00,5,15.0,8751.666666666668,3150.0,0,8151.666666666668,,,,,8151.666666666668,8151.666666666668,0.0,0.0
2013-11-02 14:00:00-05:00,0,15.0,8751.666666666668,3150.0,0,8151.666666666668,,,,,8151.666666666668,8151.666666666668,0.0,0.0
2013-11-02 15:00:00-05:00,15,15.0,8751.666666666668,3150.0,0,8151.666666666668,3150.0,3127.4668799999995,15.933321952982542,3138.7334399999995,8151.666666666668,8151.666666666668,0.0,0.0
2013-11-02 16:00:00-05:00,5,15.0,8751.666666666668,3150.0,0,8151.666666666668,,,,,8151.666666666668,8151.666666666668,0.0,0.0
2013-11-02 17:00:00-05:00,15,3.0,8751.666666666668,3150.0,0,8151.666666666668,3150.0,3127.4668799999995,15.93332195300006,3138.7334399999995,8151.666666666668,8151.666666666668,0.0,0.0
2013-11-02 18:00:00-05:00,15,1.0,8751.666666666668,3150.0,0,8151.666666666668,3150.0,3127.4668799999995,15.933321952893408,3138.7334399999995,8151.666666666668,8151.666666666668,0.0,0.0
2013-11-02 19:00:00-05:00,15,0.0,3836.6666666666665,3150.0,0,3236.6666666666665,3150.0,3127.4668799999995,15.933321953320789,3138.7334399999995,3236.6666666666665,3236.6666666666665,0.0,0.0
2013-11-02 20:00:00-05:00,15,2.0,8751.666666666668,3150.0,0,8151.666666666668,3150.0,3127.4668799999995,15.933321952893408,3138.7334399999995,8151.666666666668,8151.666666666668,0.0,0.0
2013-11-02 21:00:00-05:00,15,0.0,3836.6666666666665,3150.0,0,3236.6666666666665,3150.0,3127.4668799999995,15.933321953320789,3138.7334399999995,3236.6666666666665,3236.6666666666665,0.0,0.0
2013-11-02 22:00:00-05:00,0,4.0,8751.666666666668,3150.0,0,8151.666666666668,,,,,8151.666666666668,8151.666666666668,0.0,0.0
2013-11-02 23:00:00-05:00,15,2.0,8751.666666666668,3150.0,0,8151.666666666668,3150.0,3127.4668799999995,15.933321953187088,3138.7334399999995,8151.666666666668,8151.666666666668,0.0,0.0
2013-11-03 00:00:00-05:00,15,2.0,8751.666666666668,3150.0,0,8151.666666666668,3150.0,3127.4668799999995,15.933321953320789,3138.7334399999995,8151.666666666668,8151.666666666668,0.0,0.0
2013-11-03 01:00:00-05:00,4,2.0,8751.666666666668,3150.0,0,8151.666666666668,,,,,8151.666666666668,8151.666666666668,0.0,0.0
2013-11-03 02:00:00-05:00,9,1.0,8751.666666666668,3150.0,0,8151.666666666668,,,,,8151.666666666668,8151.666666666668,0.0,0.0
2013-11-03 03:00:00-05:00,0,1.0,8751.666666666668,3150.0,0,8151.666666666668,,,,,8151.666666666668,8151.666666666668,0.0,0.0
2013-11-03 04:00:00-05:00,10,1.0,8751.666666666668,3150.0,0,8151.666666666668,,,,,8151.666666666668,8151.666666666668,0.0,0.0
2013-11-03 05:00:00-05:00,15,5.0,8751.666666666668,3150.0,0,8151.666666666668,3150.0,3127.4668799999995,15.933321952893408,3138.7334399999995,8151.666666666668,8151.666666666668,0.0,0.0
2013-11-03 06:00:00-05:00,15,2.0,8751.666666666668,3150.0,0,8151.666666666668,3150.0,3127.4668799999995,15.933321953320789,3138.7334399999995,8151.666666666668,8151.666666666668,0.0,0.0
2013-11-03 07:00:00-05:00,9,1.0,8751.666666666668,3150.0,0,8151.666666666668,,,,,8151.666666666668,8151.666666666668,0.0,0.0
2013-11-03 08:00:00-05:00,15,2.0,8751.666666666668,3150.0,0,8151.666666666668,3150.0,3127.4668799999995,15.933321953320789,3138.7334399999995,8151.666666666668,8151.666666666668,0.0,0.0
2013-11-03 09:00:00-05:00,11,0.0,3836.6666666666665,3150.0,0,3236.6666666666665,,,,,3236.6666666666665,3236.6666666666665,0.0,0.0
2013-11-03 10:00:00-05:00,15,15.0,8751.666666666668,3150.0,0,8151.666666666668,3150.0,3127.4668799999995,15.933321953133762,3138.7334399999995,8151.666666666668,8151.666666666668,0.0,0.0
2013-11-03 11:00:00-05:00,13,15.0,8751.666666666668,3150.0,0,8151.666666666668,,3127.4668799999995,,3138.5025599999994,8151.666666666668,8151.666666666668,0.0,0.0
2013-11-03 12:00:00-05:00,0,15.0,8751.666666666668,3150.0,0,8151.666666666668,,,,,8151.666666666668,8151.666666666668,0.0,0.0
2013-11-03 13:00:00-05:00,15,15.0,8751.666666666668,3150.0,0,8151.666666666668,3150.0,3127.4668799999995,15.933321953320789,3138.7334399999995,8151.666666666668,8151.666666666668,0.0,0.0
2013-11-03 14:00:00-05:00,5,15.0,8751.666666666668,3150.0,0,8151.666666666668,,,,,8151.666666666668,8151.666666666668,0.0,0.0
2013-11-03 15:00:00-05:00,15,15.0,8751.666666666668,3150.0,0,8151.666666666668,3150.0,3127.4668799999995,15.933321953071676,3138.7334399999995,8151.666666666668,8151.666666666668,0.0,0.0
2013-11-03 16:00:00-05:00,15,15.0,8751.666666666668,3150.0,0,8151.666666666668,3150.0,3127.4668799999995,15.933321952893408,3138.7334399999995,8151.666666666668,8151.666666666668,0.0,0.0
2013-11-03 17:00:00-05:00,0,3.0,8751.666666666668,3150.0,0,8151.666666666668,,,,,8151.666666666668,8151.666666666668,0.0,0.0
2013-11-03 18:00:00-05:00,14,2.0,8751.666666666668,3150.0,0,8151.666666666668,,3127.4668799999995,,3136.4991199999995,8151.666666666668,8151.666666666668,0.0,0.0
2013-11-03 19:00:00-05:00,2,1.0,8751.666666666668,3150.0,0,8151.666666666668,,,,,8151.666666666668,8151.666666666668,0.0,0.0
2013-11-03 20:00:00-05:00,15,1.0,8751.666666666668,3150.0,0,8151.666666666668,3150.0,3127.4668799999995,15.933321953320789,3138.7334399999995,8151.666666666668,8151.666666666668,0.0,0.0
2013-11-03 21:00:00-05:00,15,1.0,8751.666666666668,3150.0,0,8151.666666666668,3150.0,3127.4668799999995,15.933321953231655,3138.7334399999995,8151.666666666668,8151.666666666668,0.0,0.0
2013-11-03 22:00:00-05:00,15,2.0,8751.666666666668,3150.0,0,8151.666666666668,3150.0,3127.4668799999995,15.933321953231653,3138.7334399999995,8151.666666666668,8151.666666666668,0.0,0.0
2013-11-03 23:00:00-05:00,15,0.0,3836.6666666666665,3150.0,0,3236.6666666666665,3150.0,3127.4668799999995,15.933321953231653,3138.7334399999995,3236.6666666666665,3236.6666666666665,0.0,0.0
2013-11-04 00:00:00-05:00,15,2.0,8751.666666666668,3150.0,0,8151.666666666668,3150.0,3127.4668799999995,15.933321952982542,3138.7334399999995,8151.666666666668,8151.666666666668,0.0,0.0
2013-11-04 01:00:00-05:00,15,3.0,8751.666666666668,3150.0,0,8151.666666666668,3150.0,3127.4668799999995,15.93332195316081,3138.7334399999995,8151.666666666668,8151.666666666668,0.0,0.0
2013-11-04 02:00:00-05:00,13,2.0,8751.666666666668,3150.0,0,8151.666666666668,,,,,8151.666666666668,8151.666666666668,0.0,0.0
2013-11-04 03:00:00-05:00,15,2.0,8751.666666666668,3150.0,0,8151.666666666668,3150.0,3127.4668799999995,15.933321953320789,3138.7334399999995,8151.666666666668,8151.666666666668,0.0,0.0
2013-11-04 04:00:00-05:00,0,2.0,8751.666666666668,3150.0,0,8151.666666666668,,,,,8151.666666666668,8151.666666666668,0.0,0.0
2013-11-04 05:00:00-05:00,15,2.0,8751.666666666668,3150.0,0,8151.666666666668,3150.0,3127.4668799999995,15.933321953320789,3138.7334399999995,8151.666666666668,8151.666666666668,0.0,0.0
2013-11-04 06:00:00-05:00,6,0.0,3836.6666666666665,3150.0,0,3236.6666666666665,,,,,3236.6666666666665,3236.6666666666665,0.0,0.0
2013-11-04 07:00:00-05:00,5,1.0,8751.666666666668,3150.0,0,8151.666666666668,,,,,8151.666666666668,8151.666666666668,0.0,0.0
2013-11-04 08:00:00-05:00,11,2.0,8751.666666666668,3150.0,0,8151.666666666668,,,,,8151.666666666668,8151.666666666668,0.0,0.0
2013-11-04 09:00:00-05:00,15,0.0,3836.6666666666665,3150.0,0,3236.6666666666665,3150.0,3127.4668799999995,15.933321953320789,3138.7334399999995,3236.6666666666665,3236.6666666666665,0.0,0.0
2013-11-04 10:00:00-05:00,15,15.0,8751.666666666668,3150.0,0,8151.666666666668,3150.0,3127.4668799999995,15.933321953231655,3138.7334399999995,8151.666666666668,8151.666666666668,0.0,0.0
2013-11-04 11:00:00-05:00,15,15.0,8751.666666666668,3150.0,0,8151.666666666668,3150.0,3127.4668799999995,15.933321953097954,3138.7334399999995,8151.666666666668,8151.666666666668,0.0,0.0
2013-11-04 12:00:00-05:00,0,15.0,8751.666666666668,3150.0,0,8151.666666666668,,,,,8151.666666666668,8151.666666666668,0.0,0.0
2013-11-04 13:00:00-05:00,15,15.0,8751.666666666668,3150.0,0,8151.666666666668,4279.679506715278,3536.763866666666,525.3206869279309,3908.221686690972,8151.666666666668,8151.666666666668,0.0,0.0
2013-11-04 14:00:00-05:00,15,15.0,8751.666666666668,3150.0,0,8151.666666666668,4544.519665392361,3967.4262266666656,408.0666839012129,4255.972946029515,8151.666666666668,8151.666666666668,0.0,0.0
2013-11-04 15:00:00-05:00,15,15.0,8751.666666666668,3150.0,0,8151.666666666668,6561.59309202963,5972.416426666666,438.3109993423268,6267.004759348147,8151.666666666668,8151.666666666668,0.0,0.0
2013-11-04 16:00:00-05:00,15,15.0,8751.666666666668,3150.0,0,8151.666666666668,6117.705061136806,5316.79964,598.5528260341589,5717.252350568403,8151.666666666668,8151.666666666668,0.0,0.0
2013-11-04 17:00:00-05:00,6,4.0,8751.666666666668,3150.0,0,8151.666666666668,,,,,8151.666666666668,8151.666666666668,0.0,0.0
2013-11-04 18:00:00-05:00,5,1.0,8751.666666666668,3150.0,0,8151.666666666668,,,,,8151.666666666668,8151.666666666668,0.0,0.0
2013-11-04 19:00:00-05:00,0,3.0,8751.666666666668,3150.0,0,8151.666666666668,,,,,8151.666666666668,8151.666666666668,0.0,0.0
2013-11-04 20:00:00-05:00,0,2.0,8751.666666666668,3150.0,0,8151.666666666668,,,,,8151.666666666668,8151.666666666668,0.0,0.0
2013-11-04 21:00:00-05:00,0,1.0,8751.666666666668,3150.0,0,8151.666666666668,,,,,8151.666666666668,8151.666666666668,0.0,0.0
2013-11-04 22:00:00-05:00,15,1.0,8751.666666666668,3150.0,0,8151.666666666668,3179.7893264,3127.4668799999995,36.99755665774022,3153.6281032,8151.666666666668,8151.666666666668,0.0,0.0
2013-11-04 23:00:00-05:00,15,1.0,8751.666666666668,3150.0,0,8151.666666666668,3321.943233425,3127.4668799999995,137.51554828728007,3224.7050567124998,8151.666666666668,8151.666666666668,0.0,0.0
2013-11-05 00:00:00-05:00,15,2.0,8751.666666666668,3150.0,0,8151.666666666668,3161.2479912,3127.4668799999995,23.886852805328587,3144.3574356,8151.666666666668,8151.666666666668,0.0,0.0
2013-11-05 01:00:00-05:00,15,4.0,8751.666666666668,3150.0,0,8151.666666666668,3170.299986666667,3127.4668799999995,30.287580183077807,3148.8834333333334,8151.666666666668,8151.666666666668,0.0,0.0
2013-11-05 02:00:00-05:00,15,1.0,8751.666666666668,3150.0,0,8151.666666666668,3170.56666,3127.4668799999995,30.47614670567898,3149.01677,8151.666666666668,8151.666666666668,0.0,0.0
2013-11-05 03:00:00-05:00,11,3.0,8751.666666666668,3150.0,0,8151.666666666668,,,,,8151.666666666668,8151.666666666668,0.0,0.0
2013-11-05 04:00:00-05:00,15,1.0,8751.666666666668,3150.0,0,8151.666666666668,3172.797509914815,3127.4668799999995,32.053595808165184,3150.1321949574076,8151.666666666668,8151.666666666668,0.0,0.0
2013-11-05 05:00:00-05:00,15,1.0,8751.666666666668,3150.0,0,8151.666666666668,3159.038327,3127.4668799999995,22.3243842656025,3143.2526035,8151.666666666668,8151.666666666668,0.0,0.0
2013-11-05 06:00:00-05:00,15,1.0,8751.666666666668,3150.0,0,8151.666666666668,3179.7585108148146,3127.4668799999995,36.975766748160645,3153.6126954074075,8151.666666666668,8151.666666666668,0.0,0.0
2013-11-05 07:00:00-05:00,15,2.0,8751.666666666668,3150.0,0,8151.666666666668,3193.4556005555555,3125.8777199999995,47.78477759875584,3159.6666602777777,8151.666666666668,8151.666666666668,0.0,0.0
2013-11-05 08:00:00-05:00,15,0.0,3836.6666666666665,3150.0,0,3236.6666666666665,3163.520323633333,3225.4650799999995,75.34168756482018,3194.492701816667,3236.6666666666665,3236.6666666666665,0.0,0.0
2013-11-05 09:00:00-05:00,15,0.0,3836.6666666666665,3150.0,0,3236.6666666666665,3168.0409879,3125.3479999999995,30.18850125323572,3146.69449395,3236.6666666666665,3236.6666666666665,0.0,0.0
2013-11-05 10:00:00-05:00,7,15.0,8751.666666666668,3150.0,0,8151.666666666668,,,,,8151.666666666668,8151.666666666668,0.0,0.0
2013-11-05 11:00:00-05:00,0,15.0,8751.666666666668,3150.0,0,8151.666666666668,,,,,8151.666666666668,8151.666666666668,0.0,0.0
2013-11-05 12:00:00-05:00,0,15.0,8751.666666666668,3150.0,0,8151.666666666668,,,,,8151.666666666668,8151.666666666668,0.0,0.0
2013-11-05 13:00:00-05:00,15,15.0,8751.666666666668,3150.0,0,8151.666666666668,3150.0,3110.5158399999996,27.919517285477667,3130.2579199999996,8151.666666666668,8151.666666666668,0.0,0.0
2013-11-05 14:00:00-05:00,15,15.0,8751.666666666668,3150.0,0,8151.666666666668,3240.680230070139,3236.824631111111,55.75250626222751,3238.752430590625,8151.666666666668,8151.666666666668,0.0,0.0
2013-11-05 15:00:00-05:00,14,15.0,8751.666666666668,3150.0,0,8151.666666666668,,,,,8151.666666666668,8151.666666666668,0.0,0.0
2013-11-05 16:00:00-05:00,1,15.0,8751.666666666668,3150.0,0,8151.666666666668,,,,,8151.666666666668,8151.666666666668,0.0,0.0
2013-11-05 17:00:00-05:00,15,1.0,8751.666666666668,3150.0,0,8151.666666666668,3634.3039933333334,4003.9769066666668,290.16935196445985,3819.1404499999994,8151.666666666668,8151.666666666668,0.0,0.0
2013-11-05 18:00:00-05:00,15,1.0,8751.666666666668,3150.0,0,8151.666666666668,3528.373510725,3439.2953866666658,202.02006141513937,3483.8344486958335,8151.666666666668,8151.666666666668,0.0,0.0
2013-11-05 19:00:00-05:00,15,2.0,8751.666666666668,3150.0,0,8151.666666666668,3294.7613398,3339.3548799999994,63.07252495186254,3317.0581098999996,8151.666666666668,8151.666666666668,0.0,0.0
2013-11-05 20:00:00-05:00,9,0.0,3836.6666666666665,3150.0,0,3236.6666666666665,,,,,3236.6666666666665,3236.6666666666665,0.0,0.0
2013-11-05 21:00:00-05:00,15,1.0,8751.666666666668,3150.0,0,8151.666666666668,3316.7053402,3335.293693333333,50.427466094022826,3325.999516766666,8151.666666666668,8151.666666666668,0.0,0.0
2013-11-05 22:00:00-05:00,15,1.0,8751.666666666668,3150.0,0,8151.666666666668,3298.4186732,3335.8234133333326,62.98352373089011,3317.121043266666,8151.666666666668,8151.666666666668,0.0,0.0
2013-11-05 23:00:00-05:00,15,2.0,8751.666666666668,3150.0,0,8151.666666666668,3320.3626736,3335.558553333333,47.65405654406347,3327.9606134666665,8151.666666666668,8151.666666666668,0.0,0.0
2013-11-06 00:00:00-05:00,15,3.0,8751.666666666668,3150.0,0,8151.666666666668,3313.0480067999997,3336.3531333333326,52.264454133949016,3324.7005700666664,8151.666666666668,8151.666666666668,0.0,0.0
2013-11-06 01:00:00-05:00,14,0.0,3836.6666666666665,3150.0,0,3236.6666666666665,,,,,3236.6666666666665,3236.6666666666665,0.0,0.0
2013-11-06 02:00:00-05:00,4,2.0,8751.666666666668,3150.0,0,8151.666666666668,,,,,8151.666666666668,8151.666666666668,0.0,0.0
2013-11-06 03:00:00-05:00,15,1.0,8751.666666666668,3150.0,0,8151.666666666668,3316.7053402,3335.1171199999994,50.552322295701266,3325.9112300999996,8151.666666666668,8151.666666666668,0.0,0.0
2013-11-06 04:00:00-05:00,15,2.0,8751.666666666668,3150.0,0,8151.666666666668,3516.487177175,3337.2359999999994,126.74972291614097,3426.8615885874997,8151.666666666668,8151.666666666668,0.0,0.0
2013-11-06 05:00:00-05:00,15,2.0,8751.666666666668,3150.0,0,8151.666666666668,3298.4186732,3336.5297066666662,62.484098925700096,3317.474189933333,8151.666666666668,8151.666666666668,0.0,0.0
2013-11-06 06:00:00-05:00,7,2.0,8751.666666666668,3150.0,0,8151.666666666668,,,,,8151.666666666668,8151.666666666668,0.0,0.0
2013-11-06 07:00:00-05:00,15,1.0,8751.666666666668,3150.0,0,8151.666666666668,3313.0480067999997,3355.7467711111103,67.51772006889126,3334.397388955555,8151.666666666668,8151.666666666668,0.0,0.0
2013-11-06 08:00:00-05:00,15,2.0,8751.666666666668,3150.0,0,8151.666666666668,3309.3906734,3332.9982399999994,57.222847208435006,3321.1944566999996,8151.666666666668,8151.666666666668,0.0,0.0
2013-11-06 09:00:00-05:00,1,1.0,8751.666666666668,3150.0,0,8151.666666666668,,,,,8151.666666666668,8151.666666666668,0.0,0.0
2013-11-06 10:00:00-05:00,14,15.0,8751.666666666668,3150.0,0,8151.666666666668,,,,,8151.666666666668,8151.666666666668,0.0,0.0
2013-11-06 11:00:00-05:00,15,15.0,8751.666666666668,3150.0,0,8151.666666666668,5241.30516935,4732.51848,549.2124578898909,4986.911824675,8151.666666666668,8151.666666666668,0.0,0.0
2013-11-06 12:00:00-05:00,8,15.0,8751.666666666668,3150.0,0,8151.666666666668,,,,,8151.666666666668,8151.666666666668,0.0,0.0
2013-11-06 13:00:00-05:00,15,15.0,8751.666666666668,3150.0,0,8151.666666666668,7016.105835968056,6205.14008,573.4393853550428,6610.622957984027,8151.666666666668,8151.666666666668,0.0,0.0
2013-11-06 14:00:00-05:00,15,15.0,8751.666666666668,3150.0,0,8151.666666666668,6150.795386212499,5342.755919999999,590.6390313848589,5746.7756531062505,8151.666666666668,8151.666666666668,0.0,0.0
2013-11-06 15:00:00-05:00,15,15.0,8751.666666666668,3150.0,0,8151.666666666668,6262.491282862499,5902.140239999999,300.02406870137446,6082.3157614312495,8151.666666666668,8151.666666666668,0.0,0.0
2013-11-06 16:00:00-05:00,15,15.0,8751.666666666668,3150.0,0,8151.666666666668,5495.294444355555,5148.054391111111,392.9632947340397,5321.674417733333,8151.666666666668,8151.666666666668,0.0,0.0
2013-11-06 17:00:00-05:00,15,4.0,8751.666666666668,3150.0,0,8151.666666666668,3341.3379737111113,3587.852417777777,241.98662054585063,3464.5951957444445,8151.666666666668,8151.666666666668,0.0,0.0
2013-11-06 18:00:00-05:00,2,2.0,8751.666666666668,3150.0,0,8151.666666666668,,,,,8151.666666666668,8151.666666666668,0.0,0.0
2013-11-06 19:00:00-05:00,15,1.0,8751.666666666668,3150.0,0,8151.666666666668,3150.0,3115.8130399999995,24.17383124396883,3132.90652,8151.666666666668,8151.666666666668,0.0,0.0
2013-11-06 20:00:00-05:00,15,1.0,8751.666666666668,3150.0,0,8151.666666666668,3158.1291666666666,3116.401617777777,29.505832781524486,3137.265392222222,8151.666666666668,8151.666666666668,0.0,0.0
2013-11-06 21:00:00-05:00,15,3.0,8751.666666666668,3150.0,0,8151.666666666668,3163.967238733333,3115.4598933333327,34.2998728695259,3139.7135660333333,8151.666666666668,8151.666666666668,0.0,0.0
2013-11-06 22:00:00-05:00,15,2.0,8751.666666666668,3150.0,0,8151.666666666668,3150.0,3116.8724799999995,23.424694035920645,3133.43624,8151.666666666668,8151.666666666668,0.0,0.0
2013-11-06 23:00:00-05:00,14,4.0,8751.666666666668,3150.0,0,8151.666666666668,,,,,8151.666666666668,8151.666666666668,0.0,0.0
2013-11-07 00:00:00-05:00,12,2.0,8751.666666666668,3150.0,0,8151.666666666668,,,,,8151.666666666668,8151.666666666668,0.0,0.0
2013-11-07 01:00:00-05:00,7,2.0,8751.666666666668,3150.0,0,8151.666666666668,,,,,8151.666666666668,8151.666666666668,0.0,0.0
2013-11-07 02:00:00-05:00,7,1.0,8751.666666666668,3150.0,0,8151.666666666668,,,,,8151.666666666668,8151.666666666668,0.0,0.0
2013-11-07 03:00:00-05:00,0,3.0,8751.666666666668,3150.0,0,8151.666666666668,,,,,8151.666666666668,8151.666666666668,0.0,0.0
2013-11-07 04:00:00-05:00,0,2.0,8751.666666666668,3150.0,0,8151.666666666668,,,,,8151.666666666668,8151.666666666668,0.0,0.0
2013-11-07 05:00:00-05:00,15,2.0,8751.666666666668,3150.0,0,8151.666666666668,3166.7139791944446,3115.4598933333327,36.24211167581683,3141.086936263889,8151.666666666668,8151.666666666668,0.0,0.0
2013-11-07 06:00:00-05:00,15,4.0,8751.666666666668,3150.0,0,8151.666666666668,3188.292291288889,3116.1661866666664,51.00085767893502,3152.2292389777776,8151.666666666668,8151.666666666668,0.0,0.0
2013-11-07 07:00:00-05:00,15,2.0,8751.666666666668,3150.0,0,8151.666666666668,3150.0,3112.6347199999996,26.421242868905814,3131.3173599999996,8151.666666666668,8151.666666666668,0.0,0.0
2013-11-07 08:00:00-05:00,15,0.0,3836.6666666666665,3150.0,0,3236.6666666666665,3150.0,3267.3129599999997,130.9739383981175,3208.6564799999996,3236.6666666666665,3267.3129599999997,0.0,30.646293333333233
2013-11-07 09:00:00-05:00,13,2.0,8751.666666666668,3150.0,0,8151.666666666668,,,,,8151.666666666668,8151.666666666668,0.0,0.0
2013-11-07 10:00:00-05:00,15,15.0,8751.666666666668,3150.0,0,8151.666666666668,5681.6246503625,5747.4619999999995,147.98355865212378,5714.54332518125,8151.666666666668,8151.666666666668,0.0,0.0
2013-11-07 11:00:00-05:00,15,15.0,8751.666666666668,3150.0,0,8151.666666666668,4782.479894279862,4204.829073333332,449.9743486262398,4493.654483806597,8151.666666666668,8151.666666666668,0.0,0.0
2013-11-07 12:00:00-05:00,15,15.0,8751.666666666668,3150.0,0,8151.666666666668,6715.456173843751,6242.22048,415.2285022138432,6478.838326921877,8151.666666666668,8151.666666666668,0.0,0.0
2013-11-07 13:00:00-05:00,15,15.0,8751.666666666668,3150.0,0,8151.666666666668,6223.483523311458,5669.504873333332,472.2568892060016,5946.494198322395,8151.666666666668,8151.666666666668,0.0,0.0
2013-11-07 14:00:00-05:00,15,15.0,8751.666666666668,3150.0,0,8151.666666666668,5943.247905216666,5228.571831111111,723.8169193005446,5585.909868163889,8151.666666666668,8151.666666666668,0.0,0.0
