,ottomaass-230-12__mcgill-standard__otto-mass-119-230,occupancy
2013-10-24 17:30:00-05:00,200.0,False
2013-10-24 18:00:00-05:00,200.0,False
2013-10-24 18:30:00-05:00,200.0,False
2013-10-24 19:00:00-05:00,217.48610787037038,True
2013-10-24 19:30:00-05:00,216.7083236111111,True
2013-10-24 20:00:00-05:00,216.7083236111111,True
2013-10-24 20:30:00-05:00,200.0,False
2013-10-24 21:00:00-05:00,216.7083236111111,True
2013-10-24 21:30:00-05:00,200.0,False
2013-10-24 22:00:00-05:00,200.0,False
2013-10-24 22:30:00-05:00,200.0,False
2013-10-24 23:00:00-05:00,216.7083236111111,True
2013-10-24 23:30:00-05:00,200.0,False
2013-10-25 00:00:00-05:00,200.0,False
2013-10-25 00:30:00-05:00,200.0,False
2013-10-25 01:00:00-05:00,200.0,False
2013-10-25 01:30:00-05:00,200.0,False
2013-10-25 02:00:00-05:00,200.0,False
2013-10-25 02:30:00-05:00,200.0,False
2013-10-25 03:00:00-05:00,200.0,False
2013-10-25 03:30:00-05:00,200.0,False
2013-10-25 04:00:00-05:00,200.0,False
2013-10-25 04:30:00-05:00,200.0,False
2013-10-25 05:00:00-05:00,200.0,False
2013-10-25 05:30:00-05:00,200.0,False
2013-10-25 06:00:00-05:00,200.0,False
2013-10-25 06:30:00-05:00,200.0,False
2013-10-25 07:00:00-05:00,200.0,False
2013-10-25 07:30:00-05:00,200.0,False
2013-10-25 08:00:00-05:00,200.0,False
2013-10-25 08:30:00-05:00,216.7083236111111,True
2013-10-25 09:00:00-05:00,216.7083236111111,True
2013-10-25 09:30:00-05:00,243.50276416666668,False
2013-10-25 10:00:00-05:00,300.24164916666666,False
2013-10-25 10:30:00-05:00,294.4763713888889,False
2013-10-25 11:00:00-05:00,297.69443472222224,True
2013-10-25 11:30:00-05:00,200.0,False
2013-10-25 12:00:00-05:00,200.0,False
2013-10-25 12:30:00-05:00,200.0,False
2013-10-25 13:00:00-05:00,200.0,False
2013-10-25 13:30:00-05:00,200.0,False
2013-10-25 14:00:00-05:00,220.9569444444445,False
2013-10-25 14:30:00-05:00,227.26666666666668,False
2013-10-25 15:00:00-05:00,359.91666666666674,True
2013-10-25 15:30:00-05:00,204.54583138888893,False
2013-10-25 16:00:00-05:00,200.0,False
2013-10-25 16:30:00-05:00,263.6180555555555,True
2013-10-25 17:00:00-05:00,200.0,False
2013-10-25 17:30:00-05:00,200.0,False
2013-10-25 18:00:00-05:00,200.0,False
2013-10-25 18:30:00-05:00,264.087962962963,True
2013-10-25 19:00:00-05:00,200.0,False
2013-10-25 19:30:00-05:00,263.6180555555555,True
2013-10-25 20:00:00-05:00,200.0,False
2013-10-25 20:30:00-05:00,200.0,False
2013-10-25 21:00:00-05:00,200.0,False
2013-10-25 21:30:00-05:00,200.0,False
2013-10-25 22:00:00-05:00,200.0,False
2013-10-25 22:30:00-05:00,263.6180555555555,True
2013-10-25 23:00:00-05:00,200.0,False
2013-10-25 23:30:00-05:00,200.0,False
2013-10-26 00:00:00-05:00,200.0,False
2013-10-26 00:30:00-05:00,200.0,False
2013-10-26 01:00:00-05:00,200.0,False
2013-10-26 01:30:00-05:00,200.0,False
2013-10-26 02:00:00-05:00,200.0,False
2013-10-26 02:30:00-05:00,200.0,False
2013-10-26 03:00:00-05:00,200.0,False
2013-10-26 03:30:00-05:00,200.0,False
2013-10-26 04:00:00-05:00,200.0,False
2013-10-26 04:30:00-05:00,200.0,False
2013-10-26 05:00:00-05:00,200.0,False
2013-10-26 05:30:00-05:00,200.0,False
2013-10-26 06:00:00-05:00,200.0,False
2013-10-26 06:30:00-05:00,200.0,False
2013-10-26 07:00:00-05:00,200.0,False
2013-10-26 07:30:00-05:00,200.0,False
2013-10-26 08:00:00-05:00,200.0,False
2013-10-26 08:30:00-05:00,200.0,False
2013-10-26 09:00:00-05:00,200.0,False
2013-10-26 09:30:00-05:00,200.0,False
2013-10-26 10:00:00-05:00,263.6180555555555,True
2013-10-26 10:30:00-05:00,263.6180555555555,True
2013-10-26 11:00:00-05:00,200.0,False
2013-10-26 11:30:00-05:00,200.0,False
2013-10-26 12:00:00-05:00,200.0,False
2013-10-26 12:30:00-05:00,200.0,False
2013-10-26 13:00:00-05:00,200.0,False
2013-10-26 13:30:00-05:00,200.0,False
2013-10-26 14:00:00-05:00,263.90971249999996,True
2013-10-26 14:30:00-05:00,200.0,False
2013-10-26 15:00:00-05:00,200.0,False
2013-10-26 15:30:00-05:00,200.0,False
2013-10-26 16:00:00-05:00,200.0,False
2013-10-26 16:30:00-05:00,263.6180555555555,True
2013-10-26 17:00:00-05:00,200.0,False
2013-10-26 17:30:00-05:00,200.0,False
2013-10-26 18:00:00-05:00,200.0,False
2013-10-26 18:30:00-05:00,263.6180555555555,True
2013-10-26 19:00:00-05:00,263.6180555555555,True
2013-10-26 19:30:00-05:00,263.6180555555555,True
2013-10-26 20:00:00-05:00,200.0,False
2013-10-26 20:30:00-05:00,263.6180555555555,True
2013-10-26 21:00:00-05:00,200.0,False
2013-10-26 21:30:00-05:00,200.0,False
2013-10-26 22:00:00-05:00,200.0,False
2013-10-26 22:30:00-05:00,200.0,False
2013-10-26 23:00:00-05:00,200.0,False
2013-10-26 23:30:00-05:00,200.0,False
2013-10-27 00:00:00-05:00,200.0,False
2013-10-27 00:30:00-05:00,200.0,False
2013-10-27 01:00:00-05:00,200.0,False
2013-10-27 01:30:00-05:00,200.0,False
2013-10-27 02:00:00-05:00,200.0,False
2013-10-27 02:30:00-05:00,200.0,False
2013-10-27 03:00:00-05:00,200.0,False
2013-10-27 03:30:00-05:00,200.0,False
2013-10-27 04:00:00-05:00,200.0,False
2013-10-27 04:30:00-05:00,200.0,False
2013-10-27 05:00:00-05:00,200.0,False
2013-10-27 05:30:00-05:00,200.0,False
2013-10-27 06:00:00-05:00,200.0,False
2013-10-27 06:30:00-05:00,200.0,False
2013-10-27 07:00:00-05:00,200.0,False
2013-10-27 07:30:00-05:00,200.0,False
2013-10-27 08:00:00-05:00,200.0,False
2013-10-27 08:30:00-05:00,263.6180555555555,True
2013-10-27 09:00:00-05:00,200.0,False
2013-10-27 09:30:00-05:00,200.0,False
2013-10-27 10:00:00-05:00,200.0,False
2013-10-27 10:30:00-05:00,263.6180555555555,True
2013-10-27 11:00:00-05:00,200.0,False
2013-10-27 11:30:00-05:00,263.6180555555555,True
2013-10-27 12:00:00-05:00,200.0,False
2013-10-27 12:30:00-05:00,263.8124935185185,True
2013-10-27 13:00:00-05:00,263.6180555555555,True
2013-10-27 13:30:00-05:00,263.6180555555555,True
2013-10-27 14:00:00-05:00,200.0,False
2013-10-27 14:30:00-05:00,200.0,False
2013-10-27 15:00:00-05:00,200.0,False
2013-10-27 15:30:00-05:00,200.0,False
2013-10-27 16:00:00-05:00,263.6180555555555,True
2013-10-27 16:30:00-05:00,200.0,False
2013-10-27 17:00:00-05:00,200.0,False
2013-10-27 17:30:00-05:00,200.0,False
2013-10-27 18:00:00-05:00,263.6180555555555,True
2013-10-27 18:30:00-05:00,200.0,False
2013-10-27 19:00:00-05:00,200.0,False
2013-10-27 19:30:00-05:00,200.0,False
2013-10-27 20:00:00-05:00,200.0,False
2013-10-27 20:30:00-05:00,200.0,False
2013-10-27 21:00:00-05:00,200.0,False
2013-10-27 21:30:00-05:00,200.0,False
2013-10-27 22:00:00-05:00,200.0,False
2013-10-27 22:30:00-05:00,262.9293900462963,True
2013-10-27 23:00:00-05:00,200.0,False
2013-10-27 23:30:00-05:00,200.0,False
2013-10-28 00:00:00-05:00,200.0,False
2013-10-28 00:30:00-05:00,200.0,False
2013-10-28 01:00:00-05:00,200.0,False
2013-10-28 01:30:00-05:00,200.0,False
2013-10-28 02:00:00-05:00,200.0,False
2013-10-28 02:30:00-05:00,200.0,False
2013-10-28 03:00:00-05:00,200.0,False
2013-10-28 03:30:00-05:00,200.0,False
2013-10-28 04:00:00-05:00,200.0,False
2013-10-28 04:30:00-05:00,200.0,False
2013-10-28 05:00:00-05:00,200.0,False
2013-10-28 05:30:00-05:00,200.0,False
2013-10-28 06:00:00-05:00,200.0,False
2013-10-28 06:30:00-05:00,200.0,False
2013-10-28 07:00:00-05:00,200.0,False
2013-10-28 07:30:00-05:00,200.0,False
2013-10-28 08:00:00-05:00,262.7916569444444,True
2013-10-28 08:30:00-05:00,200.0,False
2013-10-28 09:00:00-05:00,200.0,False
2013-10-28 09:30:00-05:00,200.0,False
2013-10-28 10:00:00-05:00,200.0,False
2013-10-28 10:30:00-05:00,200.0,False
2013-10-28 11:00:00-05:00,200.0,False
2013-10-28 11:30:00-05:00,438.18055555555554,True
2013-10-28 12:00:00-05:00,438.18055555555554,True
2013-10-28 12:30:00-05:00,293.6597144444445,False
2013-10-28 13:00:00-05:00,268.0708216666667,False
2013-10-28 13:30:00-05:00,268.0708216666667,False
2013-10-28 14:00:00-05:00,490.964105787037,True
2013-10-28 14:30:00-05:00,547.2881895833333,True
2013-10-28 15:00:00-05:00,236.5951340277778,False
2013-10-28 15:30:00-05:00,413.21874351851847,True
2013-10-28 16:00:00-05:00,200.0,False
2013-10-28 16:30:00-05:00,234.67823263888891,True
2013-10-28 17:00:00-05:00,200.0,False
2013-10-28 17:30:00-05:00,200.0,False
2013-10-28 18:00:00-05:00,233.62499027777778,True
2013-10-28 18:30:00-05:00,200.0,False
2013-10-28 19:00:00-05:00,200.0,False
2013-10-28 19:30:00-05:00,200.0,False
2013-10-28 20:00:00-05:00,200.0,False
2013-10-28 20:30:00-05:00,200.0,False
2013-10-28 21:00:00-05:00,200.0,False
2013-10-28 21:30:00-05:00,200.0,False
2013-10-28 22:00:00-05:00,232.5069347222222,True
2013-10-28 22:30:00-05:00,200.0,False
2013-10-28 23:00:00-05:00,200.0,False
2013-10-28 23:30:00-05:00,200.0,False
2013-10-29 00:00:00-05:00,200.0,False
2013-10-29 00:30:00-05:00,200.0,False
2013-10-29 01:00:00-05:00,200.0,False
2013-10-29 01:30:00-05:00,200.0,False
2013-10-29 02:00:00-05:00,200.0,False
2013-10-29 02:30:00-05:00,200.0,False
2013-10-29 03:00:00-05:00,200.0,False
2013-10-29 03:30:00-05:00,200.0,False
2013-10-29 04:00:00-05:00,200.0,False
2013-10-29 04:30:00-05:00,200.0,False
2013-10-29 05:00:00-05:00,200.0,False
2013-10-29 05:30:00-05:00,200.0,False
2013-10-29 06:00:00-05:00,200.0,False
2013-10-29 06:30:00-05:00,200.0,False
2013-10-29 07:00:00-05:00,200.0,False
2013-10-29 07:30:00-05:00,200.0,False
2013-10-29 08:00:00-05:00,200.0,False
2013-10-29 08:30:00-05:00,232.5069347222222,True
2013-10-29 09:00:00-05:00,200.0,False
2013-10-29 09:30:00-05:00,232.5069347222222,True
2013-10-29 10:00:00-05:00,200.35554972222224,False
2013-10-29 10:30:00-05:00,536.7638791666666,True
2013-10-29 11:00:00-05:00,536.7638791666666,True
2013-10-29 11:30:00-05:00,322.05832749999996,False
2013-10-29 12:00:00-05:00,322.05832749999996,False
2013-10-29 12:30:00-05:00,536.7638791666666,True
2013-10-29 13:00:00-05:00,302.77429875,False
2013-10-29 13:30:00-05:00,327.5319366666666,False
2013-10-29 14:00:00-05:00,331.50832166666663,False
2013-10-29 14:30:00-05:00,524.2303143518518,True
2013-10-29 15:00:00-05:00,217.0388791666668,False
2013-10-29 15:30:00-05:00,200.0,False
2013-10-29 16:00:00-05:00,221.10277194444447,False
2013-10-29 16:30:00-05:00,200.0,False
2013-10-29 17:00:00-05:00,200.0,False
2013-10-29 17:30:00-05:00,200.0,False
2013-10-29 18:00:00-05:00,200.0,False
2013-10-29 18:30:00-05:00,200.0,False
2013-10-29 19:00:00-05:00,200.0,False
2013-10-29 19:30:00-05:00,200.0,False
2013-10-29 20:00:00-05:00,200.0,False
2013-10-29 20:30:00-05:00,244.85415694444444,True
2013-10-29 21:00:00-05:00,244.85415694444444,True
2013-10-29 21:30:00-05:00,200.0,False
2013-10-29 22:00:00-05:00,200.0,False
2013-10-29 22:30:00-05:00,244.85415694444444,True
2013-10-29 23:00:00-05:00,200.0,False
2013-10-29 23:30:00-05:00,244.85415694444444,True
2013-10-30 00:00:00-05:00,200.0,False
2013-10-30 00:30:00-05:00,200.0,False
2013-10-30 01:00:00-05:00,200.0,False
2013-10-30 01:30:00-05:00,200.0,False
2013-10-30 02:00:00-05:00,200.0,False
2013-10-30 02:30:00-05:00,200.0,False
2013-10-30 03:00:00-05:00,200.0,False
2013-10-30 03:30:00-05:00,200.0,False
2013-10-30 04:00:00-05:00,200.0,False
2013-10-30 04:30:00-05:00,200.0,False
2013-10-30 05:00:00-05:00,200.0,False
2013-10-30 05:30:00-05:00,200.0,False
2013-10-30 06:00:00-05:00,200.0,False
2013-10-30 06:30:00-05:00,200.0,False
2013-10-30 07:00:00-05:00,200.0,False
2013-10-30 07:30:00-05:00,200.0,False
2013-10-30 08:00:00-05:00,200.0,False
2013-10-30 08:30:00-05:00,200.0,False
2013-10-30 09:00:00-05:00,284.9097027777778,True
2013-10-30 09:30:00-05:00,200.0,False
2013-10-30 10:00:00-05:00,200.0,False
2013-10-30 10:30:00-05:00,200.0,False
2013-10-30 11:00:00-05:00,200.0,False
2013-10-30 11:30:00-05:00,200.0,False
2013-10-30 12:00:00-05:00,200.0,False
2013-10-30 12:30:00-05:00,200.0,False
2013-10-30 13:00:00-05:00,252.56875388888895,False
2013-10-30 13:30:00-05:00,443.43056527777776,True
2013-10-30 14:00:00-05:00,443.43056527777776,True
2013-10-30 14:30:00-05:00,266.05833916666666,False
2013-10-30 15:00:00-05:00,296.9555516666667,False
2013-10-30 15:30:00-05:00,305.2291491666667,False
2013-10-30 16:00:00-05:00,349.1249922222222,False
2013-10-30 16:30:00-05:00,618.706012037037,True
2013-10-30 17:00:00-05:00,293.11526513888896,False
2013-10-30 17:30:00-05:00,287.2333216666667,False
2013-10-30 18:00:00-05:00,200.0,False
2013-10-30 18:30:00-05:00,200.0,False
2013-10-30 19:00:00-05:00,200.0,False
2013-10-30 19:30:00-05:00,200.0,False
2013-10-30 20:00:00-05:00,200.0,False
2013-10-30 20:30:00-05:00,200.0,False
2013-10-30 21:00:00-05:00,212.62499027777784,True
2013-10-30 21:30:00-05:00,200.0,False
2013-10-30 22:00:00-05:00,200.0,False
2013-10-30 22:30:00-05:00,200.0,False
2013-10-30 23:00:00-05:00,200.0,False
2013-10-30 23:30:00-05:00,200.0,False
2013-10-31 00:00:00-05:00,200.0,False
2013-10-31 00:30:00-05:00,200.0,False
2013-10-31 01:00:00-05:00,200.0,False
2013-10-31 01:30:00-05:00,200.0,False
2013-10-31 02:00:00-05:00,200.0,False
2013-10-31 02:30:00-05:00,200.0,False
2013-10-31 03:00:00-05:00,200.0,False
2013-10-31 03:30:00-05:00,200.0,False
2013-10-31 04:00:00-05:00,200.0,False
2013-10-31 04:30:00-05:00,200.0,False
2013-10-31 05:00:00-05:00,200.0,False
2013-10-31 05:30:00-05:00,200.0,False
2013-10-31 06:00:00-05:00,200.0,False
2013-10-31 06:30:00-05:00,200.0,False
2013-10-31 07:00:00-05:00,200.0,False
2013-10-31 07:30:00-05:00,200.0,False
2013-10-31 08:00:00-05:00,212.62499027777784,True
2013-10-31 08:30:00-05:00,212.62499027777784,True
2013-10-31 09:00:00-05:00,200.0,False
2013-10-31 09:30:00-05:00,200.0,False
2013-10-31 10:00:00-05:00,200.0,False
2013-10-31 10:30:00-05:00,200.0,False
2013-10-31 11:00:00-05:00,200.0,False
2013-10-31 11:30:00-05:00,200.0,False
2013-10-31 12:00:00-05:00,200.0,True
2013-10-31 12:30:00-05:00,200.0,False
2013-10-31 13:00:00-05:00,200.0,False
2013-10-31 13:30:00-05:00,200.0,True
2013-10-31 14:00:00-05:00,200.0,False
2013-10-31 14:30:00-05:00,200.0,False
2013-10-31 15:00:00-05:00,200.0,False
2013-10-31 15:30:00-05:00,200.0,False
2013-10-31 16:00:00-05:00,200.0,False
2013-10-31 16:30:00-05:00,200.0,False
2013-10-31 17:00:00-05:00,200.0,False
2013-10-31 17:30:00-05:00,200.0,False
2013-10-31 18:00:00-05:00,200.0,False
2013-10-31 18:30:00-05:00,200.0,True
2013-10-31 19:00:00-05:00,200.0,False
2013-10-31 19:30:00-05:00,200.0,False
2013-10-31 20:00:00-05:00,200.0,True
2013-10-31 20:30:00-05:00,200.0,True
2013-10-31 21:00:00-05:00,200.0,True
2013-10-31 21:30:00-05:00,200.0,True
2013-10-31 22:00:00-05:00,200.0,False
2013-10-31 22:30:00-05:00,200.0,False
2013-10-31 23:00:00-05:00,200.0,False
2013-10-31 23:30:00-05:00,200.0,False
2013-11-01 00:00:00-05:00,200.0,False
2013-11-01 00:30:00-05:00,200.0,False
2013-11-01 01:00:00-05:00,200.0,False
2013-11-01 01:30:00-05:00,200.0,False
2013-11-01 02:00:00-05:00,200.0,False
2013-11-01 02:30:00-05:00,200.0,False
2013-11-01 03:00:00-05:00,200.0,False
2013-11-01 03:30:00-05:00,200.0,False
2013-11-01 04:00:00-05:00,200.0,False
2013-11-01 04:30:00-05:00,200.0,False
2013-11-01 05:00:00-05:00,200.0,False
2013-11-01 05:30:00-05:00,200.0,False
2013-11-01 06:00:00-05:00,200.0,False
2013-11-01 06:30:00-05:00,200.0,False
2013-11-01 07:00:00-05:00,200.0,False
2013-11-01 07:30:00-05:00,200.0,False
2013-11-01 08:00:00-05:00,200.0,True
2013-11-01 08:30:00-05:00,200.0,False
2013-11-01 09:00:00-05:00,200.0,False
2013-11-01 09:30:00-05:00,200.0,False
2013-11-01 10:00:00-05:00,200.0,False
2013-11-01 10:30:00-05:00,233.39165694444443,False
2013-11-01 11:00:00-05:00,298.4624825000001,False
2013-11-01 11:30:00-05:00,298.4624825000001,False
2013-11-01 12:00:00-05:00,497.43747083333335,True
2013-11-01 12:30:00-05:00,214.94860138888887,False
2013-11-01 13:00:00-05:00,200.0,False
2013-11-01 13:30:00-05:00,288.65276805555555,True
2013-11-01 14:00:00-05:00,218.92499416666666,False
2013-11-01 14:30:00-05:00,516.6631733796298,True
2013-11-01 15:00:00-05:00,309.91040694444445,False
2013-11-01 15:30:00-05:00,324.9409595833333,False
2013-11-01 16:00:00-05:00,344.07914916666664,False
2013-11-01 16:30:00-05:00,207.69582361111114,False
2013-11-01 17:00:00-05:00,232.5069347222222,True
2013-11-01 17:30:00-05:00,200.0,False
2013-11-01 18:00:00-05:00,200.0,False
2013-11-01 18:30:00-05:00,200.0,False
2013-11-01 19:00:00-05:00,232.5069347222222,True
2013-11-01 19:30:00-05:00,200.0,False
2013-11-01 20:00:00-05:00,200.0,False
2013-11-01 20:30:00-05:00,232.55554745370375,True
2013-11-01 21:00:00-05:00,200.0,False
2013-11-01 21:30:00-05:00,232.79861111111106,True
2013-11-01 22:00:00-05:00,232.79861111111106,True
2013-11-01 22:30:00-05:00,200.0,False
2013-11-01 23:00:00-05:00,232.79861111111106,True
2013-11-01 23:30:00-05:00,200.0,False
2013-11-02 00:00:00-05:00,200.0,False
2013-11-02 00:30:00-05:00,200.0,False
2013-11-02 01:00:00-05:00,200.0,False
2013-11-02 01:30:00-05:00,200.0,False
2013-11-02 02:00:00-05:00,200.0,False
2013-11-02 02:30:00-05:00,200.0,False
2013-11-02 03:00:00-05:00,200.0,False
2013-11-02 03:30:00-05:00,200.0,False
2013-11-02 04:00:00-05:00,200.0,False
2013-11-02 04:30:00-05:00,200.0,False
2013-11-02 05:00:00-05:00,200.0,False
2013-11-02 05:30:00-05:00,200.0,False
2013-11-02 06:00:00-05:00,200.0,False
2013-11-02 06:30:00-05:00,200.0,False
2013-11-02 07:00:00-05:00,200.0,False
2013-11-02 07:30:00-05:00,200.0,False
2013-11-02 08:00:00-05:00,200.0,False
2013-11-02 08:30:00-05:00,232.5069347222222,True
2013-11-02 09:00:00-05:00,200.0,False
2013-11-02 09:30:00-05:00,200.0,False
2013-11-02 10:00:00-05:00,200.0,False
2013-11-02 10:30:00-05:00,232.5069347222222,True
2013-11-02 11:00:00-05:00,200.0,False
2013-11-02 11:30:00-05:00,232.60416018518515,True
2013-11-02 12:00:00-05:00,200.0,False
2013-11-02 12:30:00-05:00,200.0,False
2013-11-02 13:00:00-05:00,200.0,False
2013-11-02 13:30:00-05:00,200.0,False
2013-11-02 14:00:00-05:00,232.5069347222222,True
2013-11-02 14:30:00-05:00,232.5069347222222,True
2013-11-02 15:00:00-05:00,200.0,False
2013-11-02 15:30:00-05:00,232.2152680555556,True
2013-11-02 16:00:00-05:00,200.0,False
2013-11-02 16:30:00-05:00,232.21526805555555,True
2013-11-02 17:00:00-05:00,232.5069395833333,True
2013-11-02 17:30:00-05:00,200.0,False
2013-11-02 18:00:00-05:00,232.74999837962957,True
2013-11-02 18:30:00-05:00,200.0,False
2013-11-02 19:00:00-05:00,200.0,False
2013-11-02 19:30:00-05:00,200.0,False
2013-11-02 20:00:00-05:00,232.65277291666663,True
2013-11-02 20:30:00-05:00,200.0,False
2013-11-02 21:00:00-05:00,200.0,False
2013-11-02 21:30:00-05:00,200.0,False
2013-11-02 22:00:00-05:00,200.0,False
2013-11-02 22:30:00-05:00,200.0,False
2013-11-02 23:00:00-05:00,200.0,False
2013-11-02 23:30:00-05:00,200.0,False
2013-11-03 00:00:00-05:00,200.0,False
2013-11-03 00:30:00-05:00,200.0,False
2013-11-03 01:00:00-05:00,200.0,False
2013-11-03 01:30:00-05:00,200.0,False
2013-11-03 02:00:00-05:00,200.0,False
2013-11-03 02:30:00-05:00,200.0,False
2013-11-03 03:00:00-05:00,200.0,False
2013-11-03 03:30:00-05:00,200.0,False
2013-11-03 04:00:00-05:00,200.0,False
2013-11-03 04:30:00-05:00,200.0,False
2013-11-03 05:00:00-05:00,200.0,False
2013-11-03 05:30:00-05:00,200.0,False
2013-11-03 06:00:00-05:00,200.0,False
2013-11-03 06:30:00-05:00,200.0,False
2013-11-03 07:00:00-05:00,200.0,False
2013-11-03 07:30:00-05:00,200.0,False
2013-11-03 08:00:00-05:00,200.0,False
2013-11-03 08:30:00-05:00,231.68055555555554,True
2013-11-03 09:00:00-05:00,200.0,False
2013-11-03 09:30:00-05:00,200.0,False
2013-11-03 10:00:00-05:00,200.0,False
2013-11-03 10:30:00-05:00,200.0,False
2013-11-03 11:00:00-05:00,231.68055555555554,True
2013-11-03 11:30:00-05:00,200.0,False
2013-11-03 12:00:00-05:00,231.68055555555554,True
2013-11-03 12:30:00-05:00,200.0,False
2013-11-03 13:00:00-05:00,231.8182854166667,True
2013-11-03 13:30:00-05:00,200.0,False
2013-11-03 14:00:00-05:00,200.0,False
2013-11-03 14:30:00-05:00,200.0,False
2013-11-03 15:00:00-05:00,200.0,False
2013-11-03 15:30:00-05:00,200.0,False
2013-11-03 16:00:00-05:00,232.60416018518515,True
2013-11-03 16:30:00-05:00,200.0,False
2013-11-03 17:00:00-05:00,200.0,False
2013-11-03 17:30:00-05:00,232.5069347222222,True
2013-11-03 18:00:00-05:00,200.0,False
2013-11-03 18:30:00-05:00,200.0,False
2013-11-03 19:00:00-05:00,200.0,False
2013-11-03 19:30:00-05:00,232.60416018518515,True
2013-11-03 20:00:00-05:00,200.0,False
2013-11-03 20:30:00-05:00,200.0,False
2013-11-03 21:00:00-05:00,232.5069347222222,True
2013-11-03 21:30:00-05:00,232.28818472222227,True
2013-11-03 22:00:00-05:00,200.0,False
2013-11-03 22:30:00-05:00,200.0,False
2013-11-03 23:00:00-05:00,200.0,False
2013-11-03 23:30:00-05:00,231.68055555555554,True
2013-11-04 00:00:00-05:00,200.0,False
2013-11-04 00:30:00-05:00,200.0,False
2013-11-04 01:00:00-05:00,200.0,False
2013-11-04 01:30:00-05:00,200.0,False
2013-11-04 02:00:00-05:00,200.0,False
2013-11-04 02:30:00-05:00,200.0,False
2013-11-04 03:00:00-05:00,200.0,False
2013-11-04 03:30:00-05:00,200.0,False
2013-11-04 04:00:00-05:00,200.0,False
2013-11-04 04:30:00-05:00,200.0,False
2013-11-04 05:00:00-05:00,200.0,False
2013-11-04 05:30:00-05:00,200.0,False
2013-11-04 06:00:00-05:00,200.0,False
2013-11-04 06:30:00-05:00,200.0,False
2013-11-04 07:00:00-05:00,200.0,False
2013-11-04 07:30:00-05:00,200.0,False
2013-11-04 08:00:00-05:00,200.0,False
2013-11-04 08:30:00-05:00,231.68055555555554,True
2013-11-04 09:00:00-05:00,200.0,False
2013-11-04 09:30:00-05:00,200.0,False
2013-11-04 10:00:00-05:00,521.9212930555556,True
2013-11-04 10:30:00-05:00,541.6736111111112,True
2013-11-04 11:00:00-05:00,590.7465131944446,True
2013-11-04 11:30:00-05:00,335.20276805555557,False
2013-11-04 12:00:00-05:00,344.3951272222222,False
2013-11-04 12:30:00-05:00,577.694425,True
2013-11-04 13:00:00-05:00,346.616655,False
2013-11-04 13:30:00-05:00,346.68471055555557,False
2013-11-04 14:00:00-05:00,346.8208216666667,False
2013-11-04 14:30:00-05:00,577.5485981481481,True
2013-11-04 15:00:00-05:00,346.70901805555553,False
2013-11-04 15:30:00-05:00,577.694425,True
2013-11-04 16:00:00-05:00,472.69443310185164,True
2013-11-04 16:30:00-05:00,200.0,False
2013-11-04 17:00:00-05:00,200.0,False
2013-11-04 17:30:00-05:00,200.0,False
2013-11-04 18:00:00-05:00,216.7083236111111,True
2013-11-04 18:30:00-05:00,207.24536712962964,True
2013-11-04 19:00:00-05:00,200.0,False
2013-11-04 19:30:00-05:00,200.0,False
2013-11-04 20:00:00-05:00,200.0,False
2013-11-04 20:30:00-05:00,202.51388888888889,True
2013-11-04 21:00:00-05:00,200.0,False
2013-11-04 21:30:00-05:00,200.0,False
2013-11-04 22:00:00-05:00,200.0,False
2013-11-04 22:30:00-05:00,202.61110787037038,True
2013-11-04 23:00:00-05:00,200.0,False
2013-11-04 23:30:00-05:00,202.56249837962957,True
2013-11-05 00:00:00-05:00,200.0,False
2013-11-05 00:30:00-05:00,200.0,False
2013-11-05 01:00:00-05:00,200.0,False
2013-11-05 01:30:00-05:00,200.0,False
2013-11-05 02:00:00-05:00,200.0,False
2013-11-05 02:30:00-05:00,200.0,False
2013-11-05 03:00:00-05:00,200.0,False
2013-11-05 03:30:00-05:00,200.0,False
2013-11-05 04:00:00-05:00,200.0,False
2013-11-05 04:30:00-05:00,200.0,False
2013-11-05 05:00:00-05:00,200.0,False
2013-11-05 05:30:00-05:00,200.0,False
2013-11-05 06:00:00-05:00,200.0,False
2013-11-05 06:30:00-05:00,200.0,False
2013-11-05 07:00:00-05:00,200.0,False
2013-11-05 07:30:00-05:00,200.0,False
2013-11-05 08:00:00-05:00,200.0,False
2013-11-05 08:30:00-05:00,200.0,False
2013-11-05 09:00:00-05:00,202.51388888888889,True
2013-11-05 09:30:00-05:00,286.5625,False
2013-11-05 10:00:00-05:00,286.5625,False
2013-11-05 10:30:00-05:00,477.6041666666667,True
2013-11-05 11:00:00-05:00,286.5625,False
2013-11-05 11:30:00-05:00,286.5625,False
2013-11-05 12:00:00-05:00,286.5625,False
2013-11-05 12:30:00-05:00,311.427081712963,True
2013-11-05 13:00:00-05:00,200.0,False
2013-11-05 13:30:00-05:00,228.21944055555554,False
2013-11-05 14:00:00-05:00,247.31874416666668,False
2013-11-05 14:30:00-05:00,412.70834305555553,True
2013-11-05 15:00:00-05:00,298.4722163888889,False
2013-11-05 15:30:00-05:00,318.8305448611111,False
2013-11-05 16:00:00-05:00,294.3986013888889,False
2013-11-05 16:30:00-05:00,294.84582166666667,False
2013-11-05 17:00:00-05:00,428.1828703703703,True
2013-11-05 17:30:00-05:00,247.4499883333333,False
2013-11-05 18:00:00-05:00,208.91110722222226,False
2013-11-05 18:30:00-05:00,335.4328525462963,True
2013-11-05 19:00:00-05:00,201.0749825,False
2013-11-05 19:30:00-05:00,201.0749825,False
2013-11-05 20:00:00-05:00,201.0749825,False
2013-11-05 20:30:00-05:00,201.0749825,False
2013-11-05 21:00:00-05:00,335.1249708333333,True
2013-11-05 21:30:00-05:00,201.1187344444444,False
2013-11-05 22:00:00-05:00,200.99721055555557,False
2013-11-05 22:30:00-05:00,201.0749825,False
2013-11-05 23:00:00-05:00,201.01665354166664,False
2013-11-05 23:30:00-05:00,201.1187344444444,False
2013-11-06 00:00:00-05:00,201.0749825,False
2013-11-06 00:30:00-05:00,201.0749825,False
2013-11-06 01:00:00-05:00,201.0749825,False
2013-11-06 01:30:00-05:00,201.0749825,False
2013-11-06 02:00:00-05:00,201.0749825,False
2013-11-06 02:30:00-05:00,201.0749825,False
2013-11-06 03:00:00-05:00,201.0749825,False
2013-11-06 03:30:00-05:00,201.0749825,False
2013-11-06 04:00:00-05:00,201.0749825,False
2013-11-06 04:30:00-05:00,201.0749825,False
2013-11-06 05:00:00-05:00,201.0749825,False
2013-11-06 05:30:00-05:00,200.84166666666664,False
2013-11-06 06:00:00-05:00,200.84166666666664,False
2013-11-06 06:30:00-05:00,201.16248638888888,False
2013-11-06 07:00:00-05:00,200.99721055555557,False
2013-11-06 07:30:00-05:00,201.05553951388887,False
2013-11-06 08:00:00-05:00,201.0749825,False
2013-11-06 08:30:00-05:00,201.0749825,False
2013-11-06 09:00:00-05:00,201.0749825,False
2013-11-06 09:30:00-05:00,207.40901416666668,False
2013-11-06 10:00:00-05:00,217.92360819444443,False
2013-11-06 10:30:00-05:00,238.2819483333334,False
2013-11-06 11:00:00-05:00,279.8979166666667,False
2013-11-06 11:30:00-05:00,323.95415694444443,False
2013-11-06 12:00:00-05:00,327.94998250000003,False
2013-11-06 12:30:00-05:00,200.0,False
2013-11-06 13:00:00-05:00,200.0,False
2013-11-06 13:30:00-05:00,200.0,False
2013-11-06 14:00:00-05:00,276.17914916666666,False
2013-11-06 14:30:00-05:00,200.0,False
2013-11-06 15:00:00-05:00,200.0,False
2013-11-06 15:30:00-05:00,200.0,False
2013-11-06 16:00:00-05:00,200.0,False
2013-11-06 16:30:00-05:00,200.0,False
2013-11-06 17:00:00-05:00,200.0,False
2013-11-06 17:30:00-05:00,200.0,False
2013-11-06 18:00:00-05:00,200.0,False
2013-11-06 18:30:00-05:00,200.0,True
2013-11-06 19:00:00-05:00,200.0,False
2013-11-06 19:30:00-05:00,200.0,False
2013-11-06 20:00:00-05:00,200.0,False
2013-11-06 20:30:00-05:00,200.0,False
2013-11-06 21:00:00-05:00,200.0,False
2013-11-06 21:30:00-05:00,200.0,True
2013-11-06 22:00:00-05:00,200.0,False
2013-11-06 22:30:00-05:00,200.0,True
2013-11-06 23:00:00-05:00,200.0,True
2013-11-06 23:30:00-05:00,200.0,False
2013-11-07 00:00:00-05:00,200.0,False
2013-11-07 00:30:00-05:00,200.0,False
2013-11-07 01:00:00-05:00,200.0,False
2013-11-07 01:30:00-05:00,200.0,False
2013-11-07 02:00:00-05:00,200.0,False
2013-11-07 02:30:00-05:00,200.0,False
2013-11-07 03:00:00-05:00,200.0,False
2013-11-07 03:30:00-05:00,200.0,False
2013-11-07 04:00:00-05:00,200.0,False
2013-11-07 04:30:00-05:00,200.0,False
2013-11-07 05:00:00-05:00,200.0,False
2013-11-07 05:30:00-05:00,200.0,False
2013-11-07 06:00:00-05:00,200.0,False
2013-11-07 06:30:00-05:00,200.0,False
2013-11-07 07:00:00-05:00,200.0,False
2013-11-07 07:30:00-05:00,200.0,False
2013-11-07 08:00:00-05:00,200.0,False
2013-11-07 08:30:00-05:00,200.0,True
2013-11-07 09:00:00-05:00,200.0,True
2013-11-07 09:30:00-05:00,200.0,False
2013-11-07 10:00:00-05:00,200.0,False
2013-11-07 10:30:00-05:00,265.6742924305556,False
2013-11-07 11:00:00-05:00,453.01502523148145,True
2013-11-07 11:30:00-05:00,200.0,False
2013-11-07 12:00:00-05:00,200.0,False
2013-11-07 12:30:00-05:00,200.0,False
2013-11-07 13:00:00-05:00,200.0,False
2013-11-07 13:30:00-05:00,352.77082847222226,False
2013-11-07 14:00:00-05:00,381.76248833333347,False
2013-11-07 14:30:00-05:00,625.1064685185186,True
2013-11-07 15:00:00-05:00,632.0416861111112,True
2013-11-07 15:30:00-05:00,336.1652680555555,False
2013-11-07 16:00:00-05:00,586.590264814815,True
2013-11-07 16:30:00-05:00,303.67846152777776,False
2013-11-07 17:00:00-05:00,272.50416861111114,False
2013-11-07 17:30:00-05:00,315.79235625,False
2013-11-07 18:00:00-05:00,317.7319405555556,False
2013-11-07 18:30:00-05:00,515.4722222222223,True
2013-11-07 19:00:00-05:00,210.11666666666667,False
2013-11-07 19:30:00-05:00,200.0,False
2013-11-07 20:00:00-05:00,200.0,False
2013-11-07 20:30:00-05:00,200.0,False
2013-11-07 21:00:00-05:00,200.0,True
2013-11-07 21:30:00-05:00,200.0,False
2013-11-07 22:00:00-05:00,200.0,False
2013-11-07 22:30:00-05:00,200.0,True
2013-11-07 23:00:00-05:00,200.0,False
2013-11-07 23:30:00-05:00,200.0,False
2013-11-08 00:00:00-05:00,200.0,False
2013-11-08 00:30:00-05:00,200.0,False
2013-11-08 01:00:00-05:00,200.0,False
2013-11-08 01:30:00-05:00,200.0,False
2013-11-08 02:00:00-05:00,200.0,False
2013-11-08 02:30:00-05:00,200.0,False
2013-11-08 03:00:00-05:00,200.0,False
2013-11-08 03:30:00-05:00,200.0,False
2013-11-08 04:00:00-05:00,200.0,False
2013-11-08 04:30:00-05:00,200.0,False
2013-11-08 05:00:00-05:00,200.0,False
2013-11-08 05:30:00-05:00,200.0,False
2013-11-08 06:00:00-05:00,200.0,False
2013-11-08 06:30:00-05:00,200.0,False
2013-11-08 07:00:00-05:00,200.0,False
2013-11-08 07:30:00-05:00,200.0,False
2013-11-08 08:00:00-05:00,200.0,False
2013-11-08 08:30:00-05:00,200.0,False
2013-11-08 09:00:00-05:00,200.0,False
2013-11-08 09:30:00-05:00,200.0,True
2013-11-08 10:00:00-05:00,200.0,True
2013-11-08 10:30:00-05:00,200.0,False
2013-11-08 11:00:00-05:00,200.0,False
2013-11-08 11:30:00-05:00,200.0,False
2013-11-08 12:00:00-05:00,200.0,False
2013-11-08 12:30:00-05:00,200.0,True
2013-11-08 13:00:00-05:00,200.0,False
2013-11-08 13:30:00-05:00,200.0,True
2013-11-08 14:00:00-05:00,200.0,False
2013-11-08 14:30:00-05:00,200.0,False
2013-11-08 15:00:00-05:00,200.0,False
2013-11-08 15:30:00-05:00,246.70138888888889,True
2013-11-08 16:00:00-05:00,200.0,False
2013-11-08 16:30:00-05:00,246.70138888888889,True
2013-11-08 17:00:00-05:00,200.0,False
2013-11-08 17:30:00-05:00,200.0,False
2013-11-08 18:00:00-05:00,200.0,False
2013-11-08 18:30:00-05:00,245.58333333333337,True
2013-11-08 19:00:00-05:00,200.0,False
2013-11-08 19:30:00-05:00,200.0,False
2013-11-08 20:00:00-05:00,245.72916666666666,True
2013-11-08 20:30:00-05:00,200.0,False
2013-11-08 21:00:00-05:00,200.0,False
2013-11-08 21:30:00-05:00,245.65625,True
2013-11-08 22:00:00-05:00,200.0,False
2013-11-08 22:30:00-05:00,200.0,False
2013-11-08 23:00:00-05:00,245.58333333333337,True
2013-11-08 23:30:00-05:00,200.0,False
2013-11-09 00:00:00-05:00,200.0,False
2013-11-09 00:30:00-05:00,200.0,False
2013-11-09 01:00:00-05:00,200.0,False
2013-11-09 01:30:00-05:00,200.0,False
2013-11-09 02:00:00-05:00,200.0,False
2013-11-09 02:30:00-05:00,200.0,False
2013-11-09 03:00:00-05:00,200.0,False
2013-11-09 03:30:00-05:00,200.0,False
2013-11-09 04:00:00-05:00,200.0,False
2013-11-09 04:30:00-05:00,200.0,False
2013-11-09 05:00:00-05:00,200.0,False
2013-11-09 05:30:00-05:00,200.0,False
2013-11-09 06:00:00-05:00,200.0,False
2013-11-09 06:30:00-05:00,200.0,False
2013-11-09 07:00:00-05:00,200.0,False
2013-11-09 07:30:00-05:00,200.0,False
2013-11-09 08:00:00-05:00,200.0,False
2013-11-09 08:30:00-05:00,200.0,False
2013-11-09 09:00:00-05:00,200.0,False
2013-11-09 09:30:00-05:00,200.0,False
2013-11-09 10:00:00-05:00,200.0,False
2013-11-09 10:30:00-05:00,245.58333333333337,True
2013-11-09 11:00:00-05:00,200.0,False
2013-11-09 11:30:00-05:00,200.0,False
2013-11-09 12:00:00-05:00,245.58333333333337,True
2013-11-09 12:30:00-05:00,245.58333333333337,True
2013-11-09 13:00:00-05:00,200.0,False
2013-11-09 13:30:00-05:00,200.0,False
2013-11-09 14:00:00-05:00,200.0,False
2013-11-09 14:30:00-05:00,245.58333333333337,True
2013-11-09 15:00:00-05:00,245.58333333333337,True
2013-11-09 15:30:00-05:00,245.58333333333337,True
2013-11-09 16:00:00-05:00,245.58333333333337,True
2013-11-09 16:30:00-05:00,200.0,False
2013-11-09 17:00:00-05:00,200.0,False
2013-11-09 17:30:00-05:00,200.0,False
2013-11-09 18:00:00-05:00,245.58333333333337,True
2013-11-09 18:30:00-05:00,245.58333333333337,True
2013-11-09 19:00:00-05:00,200.0,False
2013-11-09 19:30:00-05:00,245.58333333333337,True
2013-11-09 20:00:00-05:00,200.0,False
2013-11-09 20:30:00-05:00,200.0,False
2013-11-09 21:00:00-05:00,245.58333333333337,True
2013-11-09 21:30:00-05:00,245.55092511574074,True
2013-11-09 22:00:00-05:00,200.0,False
2013-11-09 22:30:00-05:00,200.0,False
2013-11-09 23:00:00-05:00,200.0,False
2013-11-09 23:30:00-05:00,200.0,False
2013-11-10 00:00:00-05:00,200.0,False
2013-11-10 00:30:00-05:00,200.0,False
2013-11-10 01:00:00-05:00,200.0,False
2013-11-10 01:30:00-05:00,200.0,False
2013-11-10 02:00:00-05:00,200.0,False
2013-11-10 02:30:00-05:00,200.0,False
2013-11-10 03:00:00-05:00,200.0,False
2013-11-10 03:30:00-05:00,200.0,False
2013-11-10 04:00:00-05:00,200.0,False
2013-11-10 04:30:00-05:00,200.0,False
2013-11-10 05:00:00-05:00,200.0,False
2013-11-10 05:30:00-05:00,200.0,False
2013-11-10 06:00:00-05:00,200.0,False
2013-11-10 06:30:00-05:00,200.0,False
2013-11-10 07:00:00-05:00,200.0,False
2013-11-10 07:30:00-05:00,200.0,False
2013-11-10 08:00:00-05:00,200.0,False
2013-11-10 08:30:00-05:00,200.0,False
2013-11-10 09:00:00-05:00,245.58333333333337,True
2013-11-10 09:30:00-05:00,200.0,False
2013-11-10 10:00:00-05:00,245.58333333333337,True
2013-11-10 10:30:00-05:00,200.0,False
2013-11-10 11:00:00-05:00,200.0,False
2013-11-10 11:30:00-05:00,245.58333333333337,True
2013-11-10 12:00:00-05:00,200.0,False
2013-11-10 12:30:00-05:00,200.0,False
2013-11-10 13:00:00-05:00,245.58333333333337,True
2013-11-10 13:30:00-05:00,200.0,False
2013-11-10 14:00:00-05:00,245.58333333333337,True
2013-11-10 14:30:00-05:00,200.0,False
2013-11-10 15:00:00-05:00,245.58333333333337,True
2013-11-10 15:30:00-05:00,200.0,False
2013-11-10 16:00:00-05:00,200.0,False
2013-11-10 16:30:00-05:00,245.58333333333337,True
2013-11-10 17:00:00-05:00,245.58333333333337,True
2013-11-10 17:30:00-05:00,200.0,False
2013-11-10 18:00:00-05:00,200.0,False
2013-11-10 18:30:00-05:00,200.0,False
2013-11-10 19:00:00-05:00,200.0,False
2013-11-10 19:30:00-05:00,200.0,False
2013-11-10 20:00:00-05:00,200.0,False
2013-11-10 20:30:00-05:00,200.0,False
2013-11-10 21:00:00-05:00,245.58333333333337,True
2013-11-10 21:30:00-05:00,200.0,False
2013-11-10 22:00:00-05:00,245.58333333333337,True
2013-11-10 22:30:00-05:00,200.0,False
2013-11-10 23:00:00-05:00,200.0,False
2013-11-10 23:30:00-05:00,200.0,False
2013-11-11 00:00:00-05:00,200.0,False
2013-11-11 00:30:00-05:00,200.0,False
2013-11-11 01:00:00-05:00,200.0,False
2013-11-11 01:30:00-05:00,200.0,False
2013-11-11 02:00:00-05:00,200.0,False
2013-11-11 02:30:00-05:00,200.0,False
2013-11-11 03:00:00-05:00,200.0,False
2013-11-11 03:30:00-05:00,200.0,False
2013-11-11 04:00:00-05:00,200.0,False
2013-11-11 04:30:00-05:00,200.0,False
2013-11-11 05:00:00-05:00,200.0,False
2013-11-11 05:30:00-05:00,200.0,False
2013-11-11 06:00:00-05:00,200.0,False
2013-11-11 06:30:00-05:00,200.0,False
2013-11-11 07:00:00-05:00,200.0,False
2013-11-11 07:30:00-05:00,200.0,False
2013-11-11 08:00:00-05:00,200.0,False
2013-11-11 08:30:00-05:00,245.58333333333337,True
2013-11-11 09:00:00-05:00,200.0,False
2013-11-11 09:30:00-05:00,200.0,False
2013-11-11 10:00:00-05:00,200.0,False
2013-11-11 10:30:00-05:00,200.0,False
2013-11-11 11:00:00-05:00,401.40623703703704,True
2013-11-11 11:30:00-05:00,245.61249125,False
2013-11-11 12:00:00-05:00,242.0736052777778,False
2013-11-11 12:30:00-05:00,200.0,False
2013-11-11 13:00:00-05:00,200.0,True
2013-11-11 13:30:00-05:00,260.21527194444445,False
2013-11-11 14:00:00-05:00,200.0,False
2013-11-11 14:30:00-05:00,239.94444444444449,True
2013-11-11 15:00:00-05:00,200.0,False
2013-11-11 15:30:00-05:00,200.0,True
2013-11-11 16:00:00-05:00,200.0,False
2013-11-11 16:30:00-05:00,200.0,False
2013-11-11 17:00:00-05:00,282.70277194444435,False
2013-11-11 17:30:00-05:00,341.50925601851844,True
2013-11-11 18:00:00-05:00,203.63194444444443,True
2013-11-11 18:30:00-05:00,200.0,False
2013-11-11 19:00:00-05:00,200.0,False
2013-11-11 19:30:00-05:00,202.88657407407405,True
2013-11-11 20:00:00-05:00,200.0,False
2013-11-11 20:30:00-05:00,200.0,False
2013-11-11 21:00:00-05:00,200.0,False
2013-11-11 21:30:00-05:00,200.0,False
2013-11-11 22:00:00-05:00,200.0,False
2013-11-11 22:30:00-05:00,203.30786875,True
2013-11-11 23:00:00-05:00,203.63194444444443,True
2013-11-11 23:30:00-05:00,200.0,False
2013-11-12 00:00:00-05:00,200.0,False
2013-11-12 00:30:00-05:00,200.0,False
2013-11-12 01:00:00-05:00,200.0,False
2013-11-12 01:30:00-05:00,200.0,False
2013-11-12 02:00:00-05:00,200.0,False
2013-11-12 02:30:00-05:00,200.0,False
2013-11-12 03:00:00-05:00,200.0,False
2013-11-12 03:30:00-05:00,200.0,False
2013-11-12 04:00:00-05:00,200.0,False
2013-11-12 04:30:00-05:00,200.0,False
2013-11-12 05:00:00-05:00,200.0,False
2013-11-12 05:30:00-05:00,200.0,False
2013-11-12 06:00:00-05:00,200.0,False
2013-11-12 06:30:00-05:00,200.0,False
2013-11-12 07:00:00-05:00,200.0,False
2013-11-12 07:30:00-05:00,200.0,False
2013-11-12 08:00:00-05:00,202.80554583333333,True
2013-11-12 08:30:00-05:00,200.0,False
2013-11-12 09:00:00-05:00,200.0,False
2013-11-12 09:30:00-05:00,200.0,False
2013-11-12 10:00:00-05:00,203.63194444444443,True
2013-11-12 10:30:00-05:00,200.0,False
2013-11-12 11:00:00-05:00,200.0,False
2013-11-12 11:30:00-05:00,200.0,False
2013-11-12 12:00:00-05:00,200.0,False
2013-11-12 12:30:00-05:00,200.0,True
2013-11-12 13:00:00-05:00,200.0,True
2013-11-12 13:30:00-05:00,200.0,False
2013-11-12 14:00:00-05:00,200.0,True
2013-11-12 14:30:00-05:00,200.0,False
2013-11-12 15:00:00-05:00,200.0,False
2013-11-12 15:30:00-05:00,200.0,True
2013-11-12 16:00:00-05:00,200.0,False
2013-11-12 16:30:00-05:00,200.0,True
2013-11-12 17:00:00-05:00,200.0,True
2013-11-12 17:30:00-05:00,200.0,False
2013-11-12 18:00:00-05:00,200.0,False
2013-11-12 18:30:00-05:00,200.0,True
2013-11-12 19:00:00-05:00,200.0,True
2013-11-12 19:30:00-05:00,200.0,True
2013-11-12 20:00:00-05:00,200.0,False
2013-11-12 20:30:00-05:00,200.0,False
2013-11-12 21:00:00-05:00,200.0,False
2013-11-12 21:30:00-05:00,200.0,False
2013-11-12 22:00:00-05:00,200.0,True
2013-11-12 22:30:00-05:00,200.0,True
2013-11-12 23:00:00-05:00,200.0,False
2013-11-12 23:30:00-05:00,200.0,False
2013-11-13 00:00:00-05:00,200.0,False
2013-11-13 00:30:00-05:00,200.0,False
2013-11-13 01:00:00-05:00,200.0,False
2013-11-13 01:30:00-05:00,200.0,False
2013-11-13 02:00:00-05:00,200.0,False
2013-11-13 02:30:00-05:00,200.0,False
2013-11-13 03:00:00-05:00,200.0,False
2013-11-13 03:30:00-05:00,200.0,False
2013-11-13 04:00:00-05:00,200.0,False
2013-11-13 04:30:00-05:00,200.0,False
2013-11-13 05:00:00-05:00,200.0,False
2013-11-13 05:30:00-05:00,200.0,False
2013-11-13 06:00:00-05:00,200.0,False
2013-11-13 06:30:00-05:00,200.0,False
2013-11-13 07:00:00-05:00,200.0,False
2013-11-13 07:30:00-05:00,200.0,False
2013-11-13 08:00:00-05:00,200.0,False
2013-11-13 08:30:00-05:00,200.0,True
2013-11-13 09:00:00-05:00,200.0,False
2013-11-13 09:30:00-05:00,200.0,False
2013-11-13 10:00:00-05:00,315.05346444444444,False
2013-11-13 10:30:00-05:00,504.8020703703703,True
2013-11-13 11:00:00-05:00,215.68748833333333,False
2013-11-13 11:30:00-05:00,215.68748833333333,False
2013-11-13 12:00:00-05:00,215.68748833333333,False
2013-11-13 12:30:00-05:00,359.47914722222214,True
2013-11-13 13:00:00-05:00,215.68748833333333,False
2013-11-13 13:30:00-05:00,218.31249189814818,True
2013-11-13 14:00:00-05:00,218.55555555555557,True
2013-11-13 14:30:00-05:00,200.0,False
2013-11-13 15:00:00-05:00,264.7361111111111,True
2013-11-13 15:30:00-05:00,287.7291501388889,False
2013-11-13 16:00:00-05:00,200.0,False
2013-11-13 16:30:00-05:00,200.0,False
2013-11-13 17:00:00-05:00,200.0,False
2013-11-13 17:30:00-05:00,200.0,False
2013-11-13 18:00:00-05:00,200.0,True
2013-11-13 18:30:00-05:00,200.0,False
2013-11-13 19:00:00-05:00,200.0,False
2013-11-13 19:30:00-05:00,200.0,False
2013-11-13 20:00:00-05:00,200.0,False
2013-11-13 20:30:00-05:00,200.0,True
2013-11-13 21:00:00-05:00,200.0,False
2013-11-13 21:30:00-05:00,200.0,True
2013-11-13 22:00:00-05:00,200.0,False
2013-11-13 22:30:00-05:00,200.0,False
2013-11-13 23:00:00-05:00,200.0,True
2013-11-13 23:30:00-05:00,200.0,False
2013-11-14 00:00:00-05:00,200.0,False
2013-11-14 00:30:00-05:00,200.0,False
2013-11-14 01:00:00-05:00,200.0,False
2013-11-14 01:30:00-05:00,200.0,False
2013-11-14 02:00:00-05:00,200.0,False
2013-11-14 02:30:00-05:00,200.0,False
2013-11-14 03:00:00-05:00,200.0,False
2013-11-14 03:30:00-05:00,200.0,False
2013-11-14 04:00:00-05:00,200.0,False
2013-11-14 04:30:00-05:00,200.0,False
2013-11-14 05:00:00-05:00,200.0,False
2013-11-14 05:30:00-05:00,200.0,False
2013-11-14 06:00:00-05:00,200.0,False
2013-11-14 06:30:00-05:00,200.0,False
2013-11-14 07:00:00-05:00,200.0,False
2013-11-14 07:30:00-05:00,200.0,False
2013-11-14 08:00:00-05:00,200.0,False
2013-11-14 08:30:00-05:00,200.0,False
2013-11-14 09:00:00-05:00,200.0,False
2013-11-14 09:30:00-05:00,337.21039138888887,False
2013-11-14 10:00:00-05:00,591.30553125,True
2013-11-14 10:30:00-05:00,235.78332944444446,False
2013-11-14 11:00:00-05:00,200.0,False
2013-11-14 11:30:00-05:00,200.0,False
2013-11-14 12:00:00-05:00,349.902761574074,True
2013-11-14 12:30:00-05:00,200.0,False
2013-11-14 13:00:00-05:00,447.5219761574075,True
2013-11-14 13:30:00-05:00,200.0,False
2013-11-14 14:00:00-05:00,200.0,False
2013-11-14 14:30:00-05:00,200.0,False
2013-11-14 15:00:00-05:00,204.1909706018519,True
2013-11-14 15:30:00-05:00,200.0,False
2013-11-14 16:00:00-05:00,233.62499027777778,True
2013-11-14 16:30:00-05:00,200.0,False
2013-11-14 17:00:00-05:00,200.0,False
2013-11-14 17:30:00-05:00,244.28540791666668,False
2013-11-14 18:00:00-05:00,200.0,False
2013-11-14 18:30:00-05:00,200.0,False
2013-11-14 19:00:00-05:00,200.0,False
2013-11-14 19:30:00-05:00,200.0,True
2013-11-14 20:00:00-05:00,200.0,False
2013-11-14 20:30:00-05:00,200.0,False
2013-11-14 21:00:00-05:00,200.0,False
2013-11-14 21:30:00-05:00,200.0,True
2013-11-14 22:00:00-05:00,200.0,True
2013-11-14 22:30:00-05:00,200.0,False
2013-11-14 23:00:00-05:00,200.0,False
2013-11-14 23:30:00-05:00,200.0,True
2013-11-15 00:00:00-05:00,200.0,False
2013-11-15 00:30:00-05:00,200.0,False
2013-11-15 01:00:00-05:00,200.0,False
2013-11-15 01:30:00-05:00,200.0,False
2013-11-15 02:00:00-05:00,200.0,False
2013-11-15 02:30:00-05:00,200.0,False
2013-11-15 03:00:00-05:00,200.0,False
2013-11-15 03:30:00-05:00,200.0,False
2013-11-15 04:00:00-05:00,200.0,False
2013-11-15 04:30:00-05:00,200.0,False
2013-11-15 05:00:00-05:00,200.0,False
2013-11-15 05:30:00-05:00,200.0,False
2013-11-15 06:00:00-05:00,200.0,False
2013-11-15 06:30:00-05:00,200.0,False
2013-11-15 07:00:00-05:00,200.0,False
2013-11-15 07:30:00-05:00,200.0,False
2013-11-15 08:00:00-05:00,200.0,True
2013-11-15 08:30:00-05:00,200.0,False
2013-11-15 09:00:00-05:00,200.0,False
2013-11-15 09:30:00-05:00,200.0,False
2013-11-15 10:00:00-05:00,208.27915499999997,False
2013-11-15 10:30:00-05:00,408.9895775,False
2013-11-15 11:00:00-05:00,349.34372861111115,False
2013-11-15 11:30:00-05:00,287.2138888888889,False
2013-11-15 12:00:00-05:00,284.28750583333334,False
2013-11-15 12:30:00-05:00,473.8125097222223,True
2013-11-15 13:00:00-05:00,306.8430575,False
2013-11-15 13:30:00-05:00,586.5902680555555,True
2013-11-15 14:00:00-05:00,358.7354059722222,False
2013-11-15 14:30:00-05:00,358.2833216666667,False
2013-11-15 15:00:00-05:00,596.5312224537035,True
2013-11-15 15:30:00-05:00,358.5166608333333,False
2013-11-15 16:00:00-05:00,358.36110138888887,False
2013-11-15 16:30:00-05:00,306.4492958333333,False
2013-11-15 17:00:00-05:00,223.1493006944445,False
2013-11-15 17:30:00-05:00,211.63332749999995,False
2013-11-15 18:00:00-05:00,200.0,False
2013-11-15 18:30:00-05:00,255.91319120370366,True
2013-11-15 19:00:00-05:00,200.0,False
2013-11-15 19:30:00-05:00,200.0,False
2013-11-15 20:00:00-05:00,200.0,False
2013-11-15 20:30:00-05:00,200.0,False
2013-11-15 21:00:00-05:00,200.0,False
2013-11-15 21:30:00-05:00,200.0,True
2013-11-15 22:00:00-05:00,200.0,False
2013-11-15 22:30:00-05:00,200.0,True
2013-11-15 23:00:00-05:00,200.0,False
2013-11-15 23:30:00-05:00,200.0,False
2013-11-16 00:00:00-05:00,200.0,False
2013-11-16 00:30:00-05:00,200.0,False
2013-11-16 01:00:00-05:00,200.0,False
2013-11-16 01:30:00-05:00,200.0,False
2013-11-16 02:00:00-05:00,200.0,False
2013-11-16 02:30:00-05:00,200.0,False
2013-11-16 03:00:00-05:00,200.0,False
2013-11-16 03:30:00-05:00,200.0,False
2013-11-16 04:00:00-05:00,200.0,False
2013-11-16 04:30:00-05:00,200.0,False
2013-11-16 05:00:00-05:00,200.0,False
2013-11-16 05:30:00-05:00,200.0,False
2013-11-16 06:00:00-05:00,200.0,False
2013-11-16 06:30:00-05:00,200.0,False
2013-11-16 07:00:00-05:00,200.0,False
2013-11-16 07:30:00-05:00,200.0,False
2013-11-16 08:00:00-05:00,200.0,True
2013-11-16 08:30:00-05:00,200.0,False
2013-11-16 09:00:00-05:00,200.0,True
2013-11-16 09:30:00-05:00,200.0,False
2013-11-16 10:00:00-05:00,200.0,False
2013-11-16 10:30:00-05:00,200.0,False
2013-11-16 11:00:00-05:00,200.0,False
2013-11-16 11:30:00-05:00,200.0,True
2013-11-16 12:00:00-05:00,200.0,True
2013-11-16 12:30:00-05:00,200.0,False
2013-11-16 13:00:00-05:00,200.0,False
2013-11-16 13:30:00-05:00,200.0,False
2013-11-16 14:00:00-05:00,200.0,False
2013-11-16 14:30:00-05:00,200.0,False
2013-11-16 15:00:00-05:00,200.0,False
2013-11-16 15:30:00-05:00,200.0,False
2013-11-16 16:00:00-05:00,200.0,False
2013-11-16 16:30:00-05:00,200.0,True
2013-11-16 17:00:00-05:00,200.0,True
2013-11-16 17:30:00-05:00,200.0,True
2013-11-16 18:00:00-05:00,200.0,True
2013-11-16 18:30:00-05:00,200.0,False
2013-11-16 19:00:00-05:00,200.0,False
2013-11-16 19:30:00-05:00,200.0,False
2013-11-16 20:00:00-05:00,200.0,False
2013-11-16 20:30:00-05:00,200.0,False
2013-11-16 21:00:00-05:00,200.0,True
2013-11-16 21:30:00-05:00,200.0,False
2013-11-16 22:00:00-05:00,200.0,False
2013-11-16 22:30:00-05:00,200.0,False
2013-11-16 23:00:00-05:00,200.0,True
2013-11-16 23:30:00-05:00,200.0,False
2013-11-17 00:00:00-05:00,200.0,False
2013-11-17 00:30:00-05:00,200.0,False
2013-11-17 01:00:00-05:00,200.0,False
2013-11-17 01:30:00-05:00,200.0,False
2013-11-17 02:00:00-05:00,200.0,False
2013-11-17 02:30:00-05:00,200.0,False
2013-11-17 03:00:00-05:00,200.0,False
2013-11-17 03:30:00-05:00,200.0,False
2013-11-17 04:00:00-05:00,200.0,False
2013-11-17 04:30:00-05:00,200.0,False
2013-11-17 05:00:00-05:00,200.0,False
2013-11-17 05:30:00-05:00,200.0,False
2013-11-17 06:00:00-05:00,200.0,False
2013-11-17 06:30:00-05:00,200.0,False
2013-11-17 07:00:00-05:00,200.0,False
2013-11-17 07:30:00-05:00,200.0,False
2013-11-17 08:00:00-05:00,200.0,False
2013-11-17 08:30:00-05:00,200.0,False
2013-11-17 09:00:00-05:00,200.0,False
2013-11-17 09:30:00-05:00,200.0,True
2013-11-17 10:00:00-05:00,200.0,True
2013-11-17 10:30:00-05:00,200.0,False
2013-11-17 11:00:00-05:00,200.0,True
2013-11-17 11:30:00-05:00,200.0,False
2013-11-17 12:00:00-05:00,200.0,False
2013-11-17 12:30:00-05:00,200.0,False
2013-11-17 13:00:00-05:00,200.0,False
2013-11-17 13:30:00-05:00,200.0,False
2013-11-17 14:00:00-05:00,200.0,False
2013-11-17 14:30:00-05:00,200.0,False
2013-11-17 15:00:00-05:00,200.0,False
2013-11-17 15:30:00-05:00,200.0,False
2013-11-17 16:00:00-05:00,200.0,False
2013-11-17 16:30:00-05:00,200.0,False
2013-11-17 17:00:00-05:00,200.0,False
2013-11-17 17:30:00-05:00,200.0,False
2013-11-17 18:00:00-05:00,200.0,False
2013-11-17 18:30:00-05:00,200.0,True
2013-11-17 19:00:00-05:00,200.0,True
2013-11-17 19:30:00-05:00,200.0,True
2013-11-17 20:00:00-05:00,200.0,False
2013-11-17 20:30:00-05:00,200.0,True
2013-11-17 21:00:00-05:00,200.0,False
2013-11-17 21:30:00-05:00,200.0,False
2013-11-17 22:00:00-05:00,200.0,False
2013-11-17 22:30:00-05:00,200.0,False
2013-11-17 23:00:00-05:00,200.0,False
2013-11-17 23:30:00-05:00,200.0,False
2013-11-18 00:00:00-05:00,200.0,False
2013-11-18 00:30:00-05:00,200.0,False
2013-11-18 01:00:00-05:00,200.0,False
2013-11-18 01:30:00-05:00,200.0,False
2013-11-18 02:00:00-05:00,200.0,False
2013-11-18 02:30:00-05:00,200.0,False
2013-11-18 03:00:00-05:00,200.0,False
2013-11-18 03:30:00-05:00,200.0,False
2013-11-18 04:00:00-05:00,200.0,False
2013-11-18 04:30:00-05:00,200.0,False
2013-11-18 05:00:00-05:00,200.0,False
2013-11-18 05:30:00-05:00,200.0,False
2013-11-18 06:00:00-05:00,200.0,False
2013-11-18 06:30:00-05:00,200.0,False
2013-11-18 07:00:00-05:00,200.0,False
2013-11-18 07:30:00-05:00,200.0,False
2013-11-18 08:00:00-05:00,200.0,False
2013-11-18 08:30:00-05:00,200.0,False
2013-11-18 09:00:00-05:00,200.0,False
2013-11-18 09:30:00-05:00,200.0,False
2013-11-18 10:00:00-05:00,200.0,False
2013-11-18 10:30:00-05:00,200.0,True
2013-11-18 11:00:00-05:00,200.0,False
2013-11-18 11:30:00-05:00,207.7055536111111,False
2013-11-18 12:00:00-05:00,291.8465209722223,False
2013-11-18 12:30:00-05:00,291.28748833333333,False
2013-11-18 13:00:00-05:00,291.28748833333333,False
2013-11-18 13:30:00-05:00,382.9178078703704,True
2013-11-18 14:00:00-05:00,200.0,False
2013-11-18 14:30:00-05:00,200.0,False
2013-11-18 15:00:00-05:00,200.0,False
2013-11-18 15:30:00-05:00,200.0,False
2013-11-18 16:00:00-05:00,317.6152631944444,False
2013-11-18 16:30:00-05:00,200.0,False
2013-11-18 17:00:00-05:00,200.0,False
2013-11-18 17:30:00-05:00,200.0,False
2013-11-18 18:00:00-05:00,200.0,False
2013-11-18 18:30:00-05:00,200.0,False
2013-11-18 19:00:00-05:00,200.0,False
2013-11-18 19:30:00-05:00,200.0,False
2013-11-18 20:00:00-05:00,200.0,False
2013-11-18 20:30:00-05:00,200.0,False
2013-11-18 21:00:00-05:00,220.84027777777777,True
2013-11-18 21:30:00-05:00,200.0,False
2013-11-18 22:00:00-05:00,220.84027777777777,True
2013-11-18 22:30:00-05:00,200.0,False
2013-11-18 23:00:00-05:00,200.0,False
2013-11-18 23:30:00-05:00,220.84027777777777,True
2013-11-19 00:00:00-05:00,200.0,False
2013-11-19 00:30:00-05:00,200.0,False
2013-11-19 01:00:00-05:00,200.0,False
2013-11-19 01:30:00-05:00,200.0,False
2013-11-19 02:00:00-05:00,200.0,False
2013-11-19 02:30:00-05:00,200.0,False
2013-11-19 03:00:00-05:00,200.0,False
2013-11-19 03:30:00-05:00,200.0,False
2013-11-19 04:00:00-05:00,200.0,False
2013-11-19 04:30:00-05:00,200.0,False
2013-11-19 05:00:00-05:00,200.0,False
2013-11-19 05:30:00-05:00,200.0,False
2013-11-19 06:00:00-05:00,200.0,False
2013-11-19 06:30:00-05:00,200.0,False
2013-11-19 07:00:00-05:00,200.0,False
2013-11-19 07:30:00-05:00,200.0,False
2013-11-19 08:00:00-05:00,200.0,False
2013-11-19 08:30:00-05:00,200.0,False
2013-11-19 09:00:00-05:00,200.0,False
2013-11-19 09:30:00-05:00,219.7222222222222,True
2013-11-19 10:00:00-05:00,219.7222222222222,True
2013-11-19 10:30:00-05:00,200.0,False
2013-11-19 11:00:00-05:00,219.7222222222222,True
2013-11-19 11:30:00-05:00,219.7222222222222,True
2013-11-19 12:00:00-05:00,200.0,False
2013-11-19 12:30:00-05:00,219.7222222222222,True
2013-11-19 13:00:00-05:00,200.0,False
2013-11-19 13:30:00-05:00,200.0,False
2013-11-19 14:00:00-05:00,200.0,False
2013-11-19 14:30:00-05:00,200.0,False
2013-11-19 15:00:00-05:00,200.0,False
2013-11-19 15:30:00-05:00,219.7222222222222,True
2013-11-19 16:00:00-05:00,200.0,False
2013-11-19 16:30:00-05:00,200.0,False
2013-11-19 17:00:00-05:00,200.0,False
2013-11-19 17:30:00-05:00,200.0,False
2013-11-19 18:00:00-05:00,200.0,False
2013-11-19 18:30:00-05:00,200.0,False
2013-11-19 19:00:00-05:00,200.0,False
2013-11-19 19:30:00-05:00,227.82407407407405,True
2013-11-19 20:00:00-05:00,200.0,False
2013-11-19 20:30:00-05:00,200.0,False
2013-11-19 21:00:00-05:00,200.0,False
2013-11-19 21:30:00-05:00,200.0,False
2013-11-19 22:00:00-05:00,200.0,False
2013-11-19 22:30:00-05:00,200.0,False
2013-11-19 23:00:00-05:00,200.0,False
2013-11-19 23:30:00-05:00,200.0,False
2013-11-20 00:00:00-05:00,200.0,False
2013-11-20 00:30:00-05:00,200.0,False
2013-11-20 01:00:00-05:00,200.0,False
2013-11-20 01:30:00-05:00,200.0,False
2013-11-20 02:00:00-05:00,200.0,False
2013-11-20 02:30:00-05:00,200.0,False
2013-11-20 03:00:00-05:00,200.0,False
2013-11-20 03:30:00-05:00,200.0,False
2013-11-20 04:00:00-05:00,200.0,False
2013-11-20 04:30:00-05:00,200.0,False
2013-11-20 05:00:00-05:00,200.0,False
2013-11-20 05:30:00-05:00,200.0,False
2013-11-20 06:00:00-05:00,200.0,False
2013-11-20 06:30:00-05:00,200.0,False
2013-11-20 07:00:00-05:00,200.0,False
2013-11-20 07:30:00-05:00,200.0,False
2013-11-20 08:00:00-05:00,200.0,False
2013-11-20 08:30:00-05:00,200.0,False
2013-11-20 09:00:00-05:00,200.0,False
2013-11-20 09:30:00-05:00,200.0,False
2013-11-20 10:00:00-05:00,227.59722222222223,True
2013-11-20 10:30:00-05:00,227.59722222222223,True
2013-11-20 11:00:00-05:00,200.0,False
2013-11-20 11:30:00-05:00,200.0,False
2013-11-20 12:00:00-05:00,200.0,False
2013-11-20 12:30:00-05:00,200.0,False
2013-11-20 13:00:00-05:00,200.0,False
2013-11-20 13:30:00-05:00,227.59722222222223,True
2013-11-20 14:00:00-05:00,227.59722222222223,True
2013-11-20 14:30:00-05:00,268.9847193055555,False
2013-11-20 15:00:00-05:00,275.3333391666667,False
2013-11-20 15:30:00-05:00,498.71759259259267,True
2013-11-20 16:00:00-05:00,257.0701418055556,False
2013-11-20 16:30:00-05:00,200.14652291666664,False
2013-11-20 17:00:00-05:00,200.0,False
2013-11-20 17:30:00-05:00,200.0,False
2013-11-20 18:00:00-05:00,359.9004662037037,True
2013-11-20 18:30:00-05:00,200.0,True
2013-11-20 19:00:00-05:00,200.0,False
2013-11-20 19:30:00-05:00,200.0,False
2013-11-20 20:00:00-05:00,200.0,False
2013-11-20 20:30:00-05:00,200.0,False
2013-11-20 21:00:00-05:00,200.0,False
2013-11-20 21:30:00-05:00,200.0,False
2013-11-20 22:00:00-05:00,200.0,False
2013-11-20 22:30:00-05:00,200.0,False
2013-11-20 23:00:00-05:00,200.0,True
2013-11-20 23:30:00-05:00,200.0,False
2013-11-21 00:00:00-05:00,200.0,False
2013-11-21 00:30:00-05:00,200.0,False
2013-11-21 01:00:00-05:00,200.0,False
2013-11-21 01:30:00-05:00,200.0,False
2013-11-21 02:00:00-05:00,200.0,False
2013-11-21 02:30:00-05:00,200.0,False
2013-11-21 03:00:00-05:00,200.0,False
2013-11-21 03:30:00-05:00,200.0,False
2013-11-21 04:00:00-05:00,200.0,False
2013-11-21 04:30:00-05:00,200.0,False
2013-11-21 05:00:00-05:00,200.0,False
2013-11-21 05:30:00-05:00,200.0,False
2013-11-21 06:00:00-05:00,200.0,False
2013-11-21 06:30:00-05:00,200.0,False
2013-11-21 07:00:00-05:00,200.0,False
2013-11-21 07:30:00-05:00,200.0,False
2013-11-21 08:00:00-05:00,200.0,True
2013-11-21 08:30:00-05:00,200.0,True
2013-11-21 09:00:00-05:00,200.0,False
2013-11-21 09:30:00-05:00,200.0,False
2013-11-21 10:00:00-05:00,200.0,True
2013-11-21 10:30:00-05:00,200.0,False
2013-11-21 11:00:00-05:00,200.0,False
2013-11-21 11:30:00-05:00,200.0,True
2013-11-21 12:00:00-05:00,200.0,True
2013-11-21 12:30:00-05:00,200.0,False
2013-11-21 13:00:00-05:00,200.0,False
2013-11-21 13:30:00-05:00,200.0,False
2013-11-21 14:00:00-05:00,200.0,True
2013-11-21 14:30:00-05:00,200.0,False
2013-11-21 15:00:00-05:00,200.0,False
2013-11-21 15:30:00-05:00,200.0,False
2013-11-21 16:00:00-05:00,200.0,False
2013-11-21 16:30:00-05:00,200.0,True
2013-11-21 17:00:00-05:00,200.0,False
2013-11-21 17:30:00-05:00,200.0,False
2013-11-21 18:00:00-05:00,200.0,True
2013-11-21 18:30:00-05:00,200.0,False
2013-11-21 19:00:00-05:00,200.0,True
2013-11-21 19:30:00-05:00,200.0,False
2013-11-21 20:00:00-05:00,200.0,True
2013-11-21 20:30:00-05:00,200.0,True
2013-11-21 21:00:00-05:00,200.0,True
2013-11-21 21:30:00-05:00,200.0,True
2013-11-21 22:00:00-05:00,200.0,False
2013-11-21 22:30:00-05:00,200.0,True
2013-11-21 23:00:00-05:00,200.0,False
2013-11-21 23:30:00-05:00,200.0,False
2013-11-22 00:00:00-05:00,200.0,False
2013-11-22 00:30:00-05:00,200.0,False
2013-11-22 01:00:00-05:00,200.0,False
2013-11-22 01:30:00-05:00,200.0,False
2013-11-22 02:00:00-05:00,200.0,False
2013-11-22 02:30:00-05:00,200.0,False
2013-11-22 03:00:00-05:00,200.0,False
2013-11-22 03:30:00-05:00,200.0,False
2013-11-22 04:00:00-05:00,200.0,False
2013-11-22 04:30:00-05:00,200.0,False
2013-11-22 05:00:00-05:00,200.0,False
2013-11-22 05:30:00-05:00,200.0,False
2013-11-22 06:00:00-05:00,200.0,False
2013-11-22 06:30:00-05:00,200.0,False
2013-11-22 07:00:00-05:00,200.0,False
2013-11-22 07:30:00-05:00,200.0,False
2013-11-22 08:00:00-05:00,200.0,False
2013-11-22 08:30:00-05:00,200.0,False
2013-11-22 09:00:00-05:00,200.0,False
2013-11-22 09:30:00-05:00,200.0,True
2013-11-22 10:00:00-05:00,200.0,False
2013-11-22 10:30:00-05:00,200.0,False
2013-11-22 11:00:00-05:00,200.0,False
2013-11-22 11:30:00-05:00,200.0,False
2013-11-22 12:00:00-05:00,200.0,False
2013-11-22 12:30:00-05:00,200.0,False
2013-11-22 13:00:00-05:00,200.0,False
2013-11-22 13:30:00-05:00,200.0,True
2013-11-22 14:00:00-05:00,200.0,True
2013-11-22 14:30:00-05:00,200.0,True
2013-11-22 15:00:00-05:00,200.0,False
2013-11-22 15:30:00-05:00,200.0,False
2013-11-22 16:00:00-05:00,200.0,False
2013-11-22 16:30:00-05:00,200.0,False
2013-11-22 17:00:00-05:00,200.0,False
2013-11-22 17:30:00-05:00,200.0,False
2013-11-22 18:00:00-05:00,200.0,False
2013-11-22 18:30:00-05:00,200.0,False
2013-11-22 19:00:00-05:00,200.0,False
2013-11-22 19:30:00-05:00,200.0,False
2013-11-22 20:00:00-05:00,200.0,True
2013-11-22 20:30:00-05:00,200.0,False
2013-11-22 21:00:00-05:00,200.0,False
2013-11-22 21:30:00-05:00,200.0,True
2013-11-22 22:00:00-05:00,200.0,False
2013-11-22 22:30:00-05:00,200.0,False
2013-11-22 23:00:00-05:00,200.0,False
2013-11-22 23:30:00-05:00,200.0,False
2013-11-23 00:00:00-05:00,200.0,False
2013-11-23 00:30:00-05:00,200.0,False
2013-11-23 01:00:00-05:00,200.0,False
2013-11-23 01:30:00-05:00,200.0,False
2013-11-23 02:00:00-05:00,200.0,False
2013-11-23 02:30:00-05:00,200.0,False
2013-11-23 03:00:00-05:00,200.0,False
2013-11-23 03:30:00-05:00,200.0,False
2013-11-23 04:00:00-05:00,200.0,False
2013-11-23 04:30:00-05:00,200.0,False
2013-11-23 05:00:00-05:00,200.0,False
2013-11-23 05:30:00-05:00,200.0,False
2013-11-23 06:00:00-05:00,200.0,False
2013-11-23 06:30:00-05:00,200.0,False
2013-11-23 07:00:00-05:00,200.0,False
2013-11-23 07:30:00-05:00,200.0,False
2013-11-23 08:00:00-05:00,200.0,False
2013-11-23 08:30:00-05:00,200.0,True
2013-11-23 09:00:00-05:00,200.0,False
2013-11-23 09:30:00-05:00,200.0,True
2013-11-23 10:00:00-05:00,200.0,True
2013-11-23 10:30:00-05:00,200.0,False
2013-11-23 11:00:00-05:00,200.0,False
2013-11-23 11:30:00-05:00,200.0,True
2013-11-23 12:00:00-05:00,200.0,False
2013-11-23 12:30:00-05:00,200.0,False
2013-11-23 13:00:00-05:00,200.0,False
2013-11-23 13:30:00-05:00,200.0,False
2013-11-23 14:00:00-05:00,200.0,True
2013-11-23 14:30:00-05:00,200.0,False
2013-11-23 15:00:00-05:00,200.0,False
2013-11-23 15:30:00-05:00,200.0,False
2013-11-23 16:00:00-05:00,200.0,True
2013-11-23 16:30:00-05:00,200.0,False
2013-11-23 17:00:00-05:00,200.0,True
2013-11-23 17:30:00-05:00,200.0,True
2013-11-23 18:00:00-05:00,200.0,True
2013-11-23 18:30:00-05:00,200.0,True
2013-11-23 19:00:00-05:00,200.0,False
2013-11-23 19:30:00-05:00,200.0,True
2013-11-23 20:00:00-05:00,200.0,True
2013-11-23 20:30:00-05:00,200.0,False
2013-11-23 21:00:00-05:00,200.0,False
2013-11-23 21:30:00-05:00,200.0,False
2013-11-23 22:00:00-05:00,200.0,True
2013-11-23 22:30:00-05:00,200.0,True
2013-11-23 23:00:00-05:00,200.0,False
2013-11-23 23:30:00-05:00,200.0,False
2013-11-24 00:00:00-05:00,200.0,False
2013-11-24 00:30:00-05:00,200.0,False
2013-11-24 01:00:00-05:00,200.0,False
2013-11-24 01:30:00-05:00,200.0,False
2013-11-24 02:00:00-05:00,200.0,False
2013-11-24 02:30:00-05:00,200.0,False
2013-11-24 03:00:00-05:00,200.0,False
2013-11-24 03:30:00-05:00,200.0,False
2013-11-24 04:00:00-05:00,200.0,False
2013-11-24 04:30:00-05:00,200.0,False
2013-11-24 05:00:00-05:00,200.0,False
2013-11-24 05:30:00-05:00,200.0,False
2013-11-24 06:00:00-05:00,200.0,False
2013-11-24 06:30:00-05:00,200.0,False
2013-11-24 07:00:00-05:00,200.0,False
2013-11-24 07:30:00-05:00,200.0,False
2013-11-24 08:00:00-05:00,200.0,False
2013-11-24 08:30:00-05:00,200.0,False
2013-11-24 09:00:00-05:00,200.0,False
2013-11-24 09:30:00-05:00,200.0,False
2013-11-24 10:00:00-05:00,200.0,True
2013-11-24 10:30:00-05:00,200.0,True
2013-11-24 11:00:00-05:00,200.0,True
2013-11-24 11:30:00-05:00,200.0,False
2013-11-24 12:00:00-05:00,200.0,False
2013-11-24 12:30:00-05:00,200.0,False
2013-11-24 13:00:00-05:00,200.0,False
2013-11-24 13:30:00-05:00,200.0,True
2013-11-24 14:00:00-05:00,200.0,True
2013-11-24 14:30:00-05:00,200.0,False
2013-11-24 15:00:00-05:00,200.0,False
2013-11-24 15:30:00-05:00,200.0,True
2013-11-24 16:00:00-05:00,200.0,False
2013-11-24 16:30:00-05:00,200.0,False
2013-11-24 17:00:00-05:00,200.0,True
2013-11-24 17:30:00-05:00,200.0,False
2013-11-24 18:00:00-05:00,200.0,False
2013-11-24 18:30:00-05:00,200.0,False
2013-11-24 19:00:00-05:00,200.0,False
2013-11-24 19:30:00-05:00,200.0,False
2013-11-24 20:00:00-05:00,200.0,False
2013-11-24 20:30:00-05:00,200.0,False
2013-11-24 21:00:00-05:00,200.0,False
2013-11-24 21:30:00-05:00,200.0,False
2013-11-24 22:00:00-05:00,200.0,False
2013-11-24 22:30:00-05:00,200.0,True
2013-11-24 23:00:00-05:00,200.0,False
2013-11-24 23:30:00-05:00,200.0,True
2013-11-25 00:00:00-05:00,200.0,False
2013-11-25 00:30:00-05:00,200.0,False
2013-11-25 01:00:00-05:00,200.0,False
2013-11-25 01:30:00-05:00,200.0,False
2013-11-25 02:00:00-05:00,200.0,False
2013-11-25 02:30:00-05:00,200.0,False
2013-11-25 03:00:00-05:00,200.0,False
2013-11-25 03:30:00-05:00,200.0,False
2013-11-25 04:00:00-05:00,200.0,False
2013-11-25 04:30:00-05:00,200.0,False
2013-11-25 05:00:00-05:00,200.0,False
2013-11-25 05:30:00-05:00,200.0,False
2013-11-25 06:00:00-05:00,200.0,False
2013-11-25 06:30:00-05:00,200.0,False
2013-11-25 07:00:00-05:00,200.0,False
2013-11-25 07:30:00-05:00,200.0,False
2013-11-25 08:00:00-05:00,200.0,True
2013-11-25 08:30:00-05:00,200.0,False
2013-11-25 09:00:00-05:00,200.0,False
2013-11-25 09:30:00-05:00,200.0,True
2013-11-25 10:00:00-05:00,200.0,False
2013-11-25 10:30:00-05:00,200.0,False
2013-11-25 11:00:00-05:00,200.0,True
2013-11-25 11:30:00-05:00,200.0,False
2013-11-25 12:00:00-05:00,200.0,True
2013-11-25 12:30:00-05:00,200.0,False
2013-11-25 13:00:00-05:00,200.0,False
2013-11-25 13:30:00-05:00,200.0,False
2013-11-25 14:00:00-05:00,200.0,False
2013-11-25 14:30:00-05:00,200.0,False
2013-11-25 15:00:00-05:00,200.0,False
2013-11-25 15:30:00-05:00,200.0,False
2013-11-25 16:00:00-05:00,200.0,False
2013-11-25 16:30:00-05:00,200.0,True
2013-11-25 17:00:00-05:00,200.0,False
2013-11-25 17:30:00-05:00,200.0,False
2013-11-25 18:00:00-05:00,200.0,True
2013-11-25 18:30:00-05:00,200.0,True
2013-11-25 19:00:00-05:00,200.0,True
2013-11-25 19:30:00-05:00,200.0,False
2013-11-25 20:00:00-05:00,200.0,False
2013-11-25 20:30:00-05:00,200.0,True
2013-11-25 21:00:00-05:00,200.0,False
2013-11-25 21:30:00-05:00,200.0,False
2013-11-25 22:00:00-05:00,200.0,False
2013-11-25 22:30:00-05:00,200.0,False
2013-11-25 23:00:00-05:00,200.0,False
2013-11-25 23:30:00-05:00,200.0,True
2013-11-26 00:00:00-05:00,200.0,False
2013-11-26 00:30:00-05:00,200.0,False
2013-11-26 01:00:00-05:00,200.0,False
2013-11-26 01:30:00-05:00,200.0,False
2013-11-26 02:00:00-05:00,200.0,False
2013-11-26 02:30:00-05:00,200.0,False
2013-11-26 03:00:00-05:00,200.0,False
2013-11-26 03:30:00-05:00,200.0,False
2013-11-26 04:00:00-05:00,200.0,False
2013-11-26 04:30:00-05:00,200.0,False
2013-11-26 05:00:00-05:00,200.0,False
2013-11-26 05:30:00-05:00,200.0,False
2013-11-26 06:00:00-05:00,200.0,False
2013-11-26 06:30:00-05:00,200.0,False
2013-11-26 07:00:00-05:00,200.0,False
2013-11-26 07:30:00-05:00,200.0,False
2013-11-26 08:00:00-05:00,200.0,False
2013-11-26 08:30:00-05:00,200.0,False
2013-11-26 09:00:00-05:00,200.0,False
2013-11-26 09:30:00-05:00,200.0,True
2013-11-26 10:00:00-05:00,271.2305458333333,False
2013-11-26 10:30:00-05:00,293.73749999999995,False
2013-11-26 11:00:00-05:00,200.0,False
2013-11-26 11:30:00-05:00,200.0,False
2013-11-26 12:00:00-05:00,200.0,False
2013-11-26 12:30:00-05:00,200.0,False
2013-11-26 13:00:00-05:00,334.9143291666667,True
2013-11-26 13:30:00-05:00,296.86804388888896,False
2013-11-26 14:00:00-05:00,415.3819249999999,True
2013-11-26 14:30:00-05:00,249.229155,False
2013-11-26 15:00:00-05:00,249.229155,False
2013-11-26 15:30:00-05:00,249.229155,False
2013-11-26 16:00:00-05:00,200.0,False
2013-11-26 16:30:00-05:00,231.68055555555554,True
2013-11-26 17:00:00-05:00,231.68055555555554,True
2013-11-26 17:30:00-05:00,245.60276805555552,False
2013-11-26 18:00:00-05:00,200.0,False
2013-11-26 18:30:00-05:00,200.0,False
2013-11-26 19:00:00-05:00,200.0,True
2013-11-26 19:30:00-05:00,200.0,False
2013-11-26 20:00:00-05:00,200.0,False
2013-11-26 20:30:00-05:00,200.0,False
2013-11-26 21:00:00-05:00,200.0,True
2013-11-26 21:30:00-05:00,200.0,False
2013-11-26 22:00:00-05:00,200.0,False
2013-11-26 22:30:00-05:00,200.0,False
2013-11-26 23:00:00-05:00,200.0,True
2013-11-26 23:30:00-05:00,200.0,False
2013-11-27 00:00:00-05:00,200.0,False
2013-11-27 00:30:00-05:00,200.0,False
2013-11-27 01:00:00-05:00,200.0,False
2013-11-27 01:30:00-05:00,200.0,False
2013-11-27 02:00:00-05:00,200.0,False
2013-11-27 02:30:00-05:00,200.0,False
2013-11-27 03:00:00-05:00,200.0,False
2013-11-27 03:30:00-05:00,200.0,False
2013-11-27 04:00:00-05:00,200.0,False
2013-11-27 04:30:00-05:00,200.0,False
2013-11-27 05:00:00-05:00,200.0,False
2013-11-27 05:30:00-05:00,200.0,False
2013-11-27 06:00:00-05:00,200.0,False
2013-11-27 06:30:00-05:00,200.0,False
2013-11-27 07:00:00-05:00,200.0,False
2013-11-27 07:30:00-05:00,200.0,False
2013-11-27 08:00:00-05:00,200.0,True
2013-11-27 08:30:00-05:00,200.0,False
2013-11-27 09:00:00-05:00,200.0,False
2013-11-27 09:30:00-05:00,200.0,True
2013-11-27 10:00:00-05:00,200.0,False
2013-11-27 10:30:00-05:00,200.0,True
2013-11-27 11:00:00-05:00,200.0,False
2013-11-27 11:30:00-05:00,200.0,False
2013-11-27 12:00:00-05:00,200.0,False
2013-11-27 12:30:00-05:00,200.0,False
2013-11-27 13:00:00-05:00,200.0,False
2013-11-27 13:30:00-05:00,200.0,True
2013-11-27 14:00:00-05:00,200.0,False
2013-11-27 14:30:00-05:00,200.0,False
2013-11-27 15:00:00-05:00,318.18401319444445,False
2013-11-27 15:30:00-05:00,200.0,False
2013-11-27 16:00:00-05:00,200.0,False
2013-11-27 16:30:00-05:00,200.0,True
2013-11-27 17:00:00-05:00,200.0,True
2013-11-27 17:30:00-05:00,200.0,False
2013-11-27 18:00:00-05:00,200.0,False
2013-11-27 18:30:00-05:00,218.2638791666666,True
2013-11-27 19:00:00-05:00,200.0,False
2013-11-27 19:30:00-05:00,218.31249189814818,True
2013-11-27 20:00:00-05:00,218.55555555555557,True
2013-11-27 20:30:00-05:00,218.55555555555557,True
2013-11-27 21:00:00-05:00,218.92013888888889,True
2013-11-27 21:30:00-05:00,200.0,False
2013-11-27 22:00:00-05:00,200.0,False
2013-11-27 22:30:00-05:00,218.55555555555557,True
2013-11-27 23:00:00-05:00,200.0,False
2013-11-27 23:30:00-05:00,200.0,False
2013-11-28 00:00:00-05:00,200.0,False
2013-11-28 00:30:00-05:00,200.0,False
2013-11-28 01:00:00-05:00,200.0,False
2013-11-28 01:30:00-05:00,200.0,False
2013-11-28 02:00:00-05:00,200.0,False
2013-11-28 02:30:00-05:00,200.0,False
2013-11-28 03:00:00-05:00,200.0,False
2013-11-28 03:30:00-05:00,200.0,False
2013-11-28 04:00:00-05:00,200.0,False
2013-11-28 04:30:00-05:00,200.0,False
2013-11-28 05:00:00-05:00,200.0,False
2013-11-28 05:30:00-05:00,200.0,False
2013-11-28 06:00:00-05:00,200.0,False
2013-11-28 06:30:00-05:00,200.0,False
2013-11-28 07:00:00-05:00,200.0,False
2013-11-28 07:30:00-05:00,200.0,False
2013-11-28 08:00:00-05:00,200.0,False
2013-11-28 08:30:00-05:00,217.875,True
2013-11-28 09:00:00-05:00,200.0,False
2013-11-28 09:30:00-05:00,200.0,False
2013-11-28 10:00:00-05:00,217.875,True
2013-11-28 10:30:00-05:00,200.0,False
2013-11-28 11:00:00-05:00,217.875,True
2013-11-28 11:30:00-05:00,217.875,True
2013-11-28 12:00:00-05:00,200.0,False
2013-11-28 12:30:00-05:00,200.0,False
2013-11-28 13:00:00-05:00,200.0,False
2013-11-28 13:30:00-05:00,200.0,False
2013-11-28 14:00:00-05:00,217.875,True
2013-11-28 14:30:00-05:00,200.0,False
2013-11-28 15:00:00-05:00,217.875,True
2013-11-28 15:30:00-05:00,200.0,False
2013-11-28 16:00:00-05:00,217.875,True
2013-11-28 16:30:00-05:00,200.0,False
2013-11-28 17:00:00-05:00,200.0,False
2013-11-28 17:30:00-05:00,200.0,False
2013-11-28 18:00:00-05:00,200.0,False
2013-11-28 18:30:00-05:00,200.0,False
2013-11-28 19:00:00-05:00,217.875,True
2013-11-28 19:30:00-05:00,200.0,False
2013-11-28 20:00:00-05:00,200.0,False
2013-11-28 20:30:00-05:00,217.875,True
2013-11-28 21:00:00-05:00,200.0,False
2013-11-28 21:30:00-05:00,217.875,True
2013-11-28 22:00:00-05:00,200.0,False
2013-11-28 22:30:00-05:00,200.0,False
2013-11-28 23:00:00-05:00,200.0,False
2013-11-28 23:30:00-05:00,200.0,False
2013-11-29 00:00:00-05:00,200.0,False
2013-11-29 00:30:00-05:00,200.0,False
2013-11-29 01:00:00-05:00,200.0,False
2013-11-29 01:30:00-05:00,200.0,False
2013-11-29 02:00:00-05:00,200.0,False
2013-11-29 02:30:00-05:00,200.0,False
2013-11-29 03:00:00-05:00,200.0,False
2013-11-29 03:30:00-05:00,200.0,False
2013-11-29 04:00:00-05:00,200.0,False
2013-11-29 04:30:00-05:00,200.0,False
2013-11-29 05:00:00-05:00,200.0,False
2013-11-29 05:30:00-05:00,200.0,False
2013-11-29 06:00:00-05:00,200.0,False
2013-11-29 06:30:00-05:00,200.0,False
2013-11-29 07:00:00-05:00,200.0,False
2013-11-29 07:30:00-05:00,200.0,False
2013-11-29 08:00:00-05:00,200.0,False
2013-11-29 08:30:00-05:00,200.0,False
2013-11-29 09:00:00-05:00,200.0,False
2013-11-29 09:30:00-05:00,217.875,True
2013-11-29 10:00:00-05:00,217.875,True
2013-11-29 10:30:00-05:00,200.0,False
2013-11-29 11:00:00-05:00,217.875,True
2013-11-29 11:30:00-05:00,200.0,False
2013-11-29 12:00:00-05:00,200.0,False
2013-11-29 12:30:00-05:00,217.875,True
2013-11-29 13:00:00-05:00,217.875,True
2013-11-29 13:30:00-05:00,200.0,False
2013-11-29 14:00:00-05:00,200.0,False
2013-11-29 14:30:00-05:00,200.0,False
2013-11-29 15:00:00-05:00,200.0,False
2013-11-29 15:30:00-05:00,217.875,True
2013-11-29 16:00:00-05:00,200.0,False
2013-11-29 16:30:00-05:00,217.875,True
2013-11-29 17:00:00-05:00,200.0,True
2013-11-29 17:30:00-05:00,200.0,False
2013-11-29 18:00:00-05:00,200.0,False
2013-11-29 18:30:00-05:00,200.0,True
2013-11-29 19:00:00-05:00,200.0,False
2013-11-29 19:30:00-05:00,200.0,True
2013-11-29 20:00:00-05:00,200.0,False
2013-11-29 20:30:00-05:00,200.0,True
2013-11-29 21:00:00-05:00,200.0,False
2013-11-29 21:30:00-05:00,200.0,False
2013-11-29 22:00:00-05:00,200.0,True
2013-11-29 22:30:00-05:00,200.0,False
2013-11-29 23:00:00-05:00,200.0,False
2013-11-29 23:30:00-05:00,200.0,False
2013-11-30 00:00:00-05:00,200.0,False
2013-11-30 00:30:00-05:00,200.0,False
2013-11-30 01:00:00-05:00,200.0,False
2013-11-30 01:30:00-05:00,200.0,False
2013-11-30 02:00:00-05:00,200.0,False
2013-11-30 02:30:00-05:00,200.0,False
2013-11-30 03:00:00-05:00,200.0,False
2013-11-30 03:30:00-05:00,200.0,False
2013-11-30 04:00:00-05:00,200.0,False
2013-11-30 04:30:00-05:00,200.0,False
2013-11-30 05:00:00-05:00,200.0,False
2013-11-30 05:30:00-05:00,200.0,False
2013-11-30 06:00:00-05:00,200.0,False
2013-11-30 06:30:00-05:00,200.0,False
2013-11-30 07:00:00-05:00,200.0,False
2013-11-30 07:30:00-05:00,200.0,False
2013-11-30 08:00:00-05:00,200.0,True
2013-11-30 08:30:00-05:00,200.0,False
2013-11-30 09:00:00-05:00,200.0,True
2013-11-30 09:30:00-05:00,200.0,False
2013-11-30 10:00:00-05:00,200.0,True
2013-11-30 10:30:00-05:00,200.0,False
2013-11-30 11:00:00-05:00,200.0,False
2013-11-30 11:30:00-05:00,200.0,False
2013-11-30 12:00:00-05:00,200.0,False
2013-11-30 12:30:00-05:00,200.0,False
2013-11-30 13:00:00-05:00,200.0,False
2013-11-30 13:30:00-05:00,200.0,False
2013-11-30 14:00:00-05:00,200.0,False
2013-11-30 14:30:00-05:00,200.0,False
2013-11-30 15:00:00-05:00,200.0,True
2013-11-30 15:30:00-05:00,200.0,False
2013-11-30 16:00:00-05:00,200.0,True
2013-11-30 16:30:00-05:00,200.0,False
2013-11-30 17:00:00-05:00,200.0,False
2013-11-30 17:30:00-05:00,200.0,True
2013-11-30 18:00:00-05:00,200.0,False
2013-11-30 18:30:00-05:00,200.0,True
2013-11-30 19:00:00-05:00,200.0,False
2013-11-30 19:30:00-05:00,200.0,False
2013-11-30 20:00:00-05:00,200.0,False
2013-11-30 20:30:00-05:00,200.0,True
2013-11-30 21:00:00-05:00,200.0,True
2013-11-30 21:30:00-05:00,200.0,True
2013-11-30 22:00:00-05:00,200.0,True
2013-11-30 22:30:00-05:00,200.0,False
2013-11-30 23:00:00-05:00,200.0,True
2013-11-30 23:30:00-05:00,200.0,False
2013-12-01 00:00:00-05:00,200.0,False
2013-12-01 00:30:00-05:00,200.0,False
2013-12-01 01:00:00-05:00,200.0,False
2013-12-01 01:30:00-05:00,200.0,False
2013-12-01 02:00:00-05:00,200.0,False
2013-12-01 02:30:00-05:00,200.0,False
2013-12-01 03:00:00-05:00,200.0,False
2013-12-01 03:30:00-05:00,200.0,False
2013-12-01 04:00:00-05:00,200.0,False
2013-12-01 04:30:00-05:00,200.0,False
2013-12-01 05:00:00-05:00,200.0,False
2013-12-01 05:30:00-05:00,200.0,False
2013-12-01 06:00:00-05:00,200.0,False
2013-12-01 06:30:00-05:00,200.0,False
2013-12-01 07:00:00-05:00,200.0,False
2013-12-01 07:30:00-05:00,200.0,False
2013-12-01 08:00:00-05:00,200.0,False
2013-12-01 08:30:00-05:00,200.0,False
2013-12-01 09:00:00-05:00,200.0,False
2013-12-01 09:30:00-05:00,200.0,False
2013-12-01 10:00:00-05:00,200.0,False
2013-12-01 10:30:00-05:00,200.0,True
2013-12-01 11:00:00-05:00,200.0,False
2013-12-01 11:30:00-05:00,200.0,False
2013-12-01 12:00:00-05:00,200.0,False
2013-12-01 12:30:00-05:00,200.0,True
2013-12-01 13:00:00-05:00,200.0,False
2013-12-01 13:30:00-05:00,200.0,True
2013-12-01 14:00:00-05:00,200.0,False
2013-12-01 14:30:00-05:00,200.0,False
2013-12-01 15:00:00-05:00,200.0,True
2013-12-01 15:30:00-05:00,200.0,False
2013-12-01 16:00:00-05:00,200.0,False
2013-12-01 16:30:00-05:00,200.0,False
2013-12-01 17:00:00-05:00,200.0,False
2013-12-01 17:30:00-05:00,200.0,False
2013-12-01 18:00:00-05:00,200.0,False
2013-12-01 18:30:00-05:00,200.0,True
2013-12-01 19:00:00-05:00,200.0,False
2013-12-01 19:30:00-05:00,200.0,False
2013-12-01 20:00:00-05:00,200.0,False
2013-12-01 20:30:00-05:00,200.0,False
2013-12-01 21:00:00-05:00,200.0,True
2013-12-01 21:30:00-05:00,200.0,False
2013-12-01 22:00:00-05:00,200.0,True
2013-12-01 22:30:00-05:00,200.0,False
2013-12-01 23:00:00-05:00,200.0,True
2013-12-01 23:30:00-05:00,200.0,True
2013-12-02 00:00:00-05:00,200.0,False
2013-12-02 00:30:00-05:00,200.0,False
2013-12-02 01:00:00-05:00,200.0,False
2013-12-02 01:30:00-05:00,200.0,False
2013-12-02 02:00:00-05:00,200.0,False
2013-12-02 02:30:00-05:00,200.0,False
2013-12-02 03:00:00-05:00,200.0,False
2013-12-02 03:30:00-05:00,200.0,False
2013-12-02 04:00:00-05:00,200.0,False
2013-12-02 04:30:00-05:00,200.0,False
2013-12-02 05:00:00-05:00,200.0,False
2013-12-02 05:30:00-05:00,200.0,False
2013-12-02 06:00:00-05:00,200.0,False
2013-12-02 06:30:00-05:00,200.0,False
2013-12-02 07:00:00-05:00,200.0,False
2013-12-02 07:30:00-05:00,200.0,False
2013-12-02 08:00:00-05:00,200.0,False
2013-12-02 08:30:00-05:00,200.0,False
2013-12-02 09:00:00-05:00,200.0,True
2013-12-02 09:30:00-05:00,200.0,True
2013-12-02 10:00:00-05:00,200.0,False
2013-12-02 10:30:00-05:00,200.0,True
2013-12-02 11:00:00-05:00,200.0,True
2013-12-02 11:30:00-05:00,200.0,False
2013-12-02 12:00:00-05:00,200.0,False
2013-12-02 12:30:00-05:00,200.0,True
2013-12-02 13:00:00-05:00,200.0,False
2013-12-02 13:30:00-05:00,200.0,True
2013-12-02 14:00:00-05:00,200.0,False
2013-12-02 14:30:00-05:00,239.73377847222218,True
2013-12-02 15:00:00-05:00,250.1041472222222,True
2013-12-02 15:30:00-05:00,200.0,False
2013-12-02 16:00:00-05:00,200.0,False
2013-12-02 16:30:00-05:00,325.6749883333334,False
2013-12-02 17:00:00-05:00,238.97708236111112,False
2013-12-02 17:30:00-05:00,200.0,False
2013-12-02 18:00:00-05:00,200.0,False
2013-12-02 18:30:00-05:00,200.0,False
2013-12-02 19:00:00-05:00,200.0,False
2013-12-02 19:30:00-05:00,200.0,False
2013-12-02 20:00:00-05:00,200.0,False
2013-12-02 20:30:00-05:00,200.0,False
2013-12-02 21:00:00-05:00,200.0,False
2013-12-02 21:30:00-05:00,215.9629532407407,True
2013-12-02 22:00:00-05:00,200.0,False
2013-12-02 22:30:00-05:00,200.0,False
2013-12-02 23:00:00-05:00,200.0,False
2013-12-02 23:30:00-05:00,200.0,False
2013-12-03 00:00:00-05:00,200.0,False
2013-12-03 00:30:00-05:00,200.0,False
2013-12-03 01:00:00-05:00,200.0,False
2013-12-03 01:30:00-05:00,200.0,False
2013-12-03 02:00:00-05:00,200.0,False
2013-12-03 02:30:00-05:00,200.0,False
2013-12-03 03:00:00-05:00,200.0,False
2013-12-03 03:30:00-05:00,200.0,False
2013-12-03 04:00:00-05:00,200.0,False
2013-12-03 04:30:00-05:00,200.0,False
2013-12-03 05:00:00-05:00,200.0,False
2013-12-03 05:30:00-05:00,200.0,False
2013-12-03 06:00:00-05:00,200.0,False
2013-12-03 06:30:00-05:00,200.0,False
2013-12-03 07:00:00-05:00,200.0,False
2013-12-03 07:30:00-05:00,200.0,False
2013-12-03 08:00:00-05:00,200.0,False
2013-12-03 08:30:00-05:00,215.26620208333335,True
2013-12-03 09:00:00-05:00,200.0,False
2013-12-03 09:30:00-05:00,200.0,False
2013-12-03 10:00:00-05:00,215.59026805555553,True
2013-12-03 10:30:00-05:00,232.19582750000004,False
2013-12-03 11:00:00-05:00,283.0576233333333,False
2013-12-03 11:30:00-05:00,282.9458158333333,False
2013-12-03 12:00:00-05:00,282.9458158333333,False
2013-12-03 12:30:00-05:00,291.03957166666663,False
2013-12-03 13:00:00-05:00,498.5555458333334,True
2013-12-03 13:30:00-05:00,484.1990627314815,True
2013-12-03 14:00:00-05:00,412.4166472222222,True
2013-12-03 14:30:00-05:00,247.4499883333333,False
2013-12-03 15:00:00-05:00,286.5625,False
2013-12-03 15:30:00-05:00,287.67082750000003,False
2013-12-03 16:00:00-05:00,287.67082750000003,False
2013-12-03 16:30:00-05:00,287.67082750000003,False
2013-12-03 17:00:00-05:00,349.89303416666667,False
2013-12-03 17:30:00-05:00,381.00413749999996,False
2013-12-03 18:00:00-05:00,635.0068958333333,True
2013-12-03 18:30:00-05:00,346.52914527777773,False
2013-12-03 19:00:00-05:00,266.4472202777779,False
2013-12-03 19:30:00-05:00,200.0,False
2013-12-03 20:00:00-05:00,200.5694347222222,True
2013-12-03 20:30:00-05:00,200.01040694444447,True
2013-12-03 21:00:00-05:00,200.0,False
2013-12-03 21:30:00-05:00,200.0,True
2013-12-03 22:00:00-05:00,200.0,False
2013-12-03 22:30:00-05:00,200.0,False
2013-12-03 23:00:00-05:00,200.0,False
2013-12-03 23:30:00-05:00,200.0,False
2013-12-04 00:00:00-05:00,200.0,False
2013-12-04 00:30:00-05:00,200.0,False
2013-12-04 01:00:00-05:00,200.0,False
2013-12-04 01:30:00-05:00,200.0,False
2013-12-04 02:00:00-05:00,200.0,False
2013-12-04 02:30:00-05:00,200.0,False
2013-12-04 03:00:00-05:00,200.0,False
2013-12-04 03:30:00-05:00,200.0,False
2013-12-04 04:00:00-05:00,200.0,False
2013-12-04 04:30:00-05:00,200.0,False
2013-12-04 05:00:00-05:00,200.0,False
2013-12-04 05:30:00-05:00,200.0,False
2013-12-04 06:00:00-05:00,200.0,False
2013-12-04 06:30:00-05:00,200.0,False
2013-12-04 07:00:00-05:00,200.0,False
2013-12-04 07:30:00-05:00,200.0,False
2013-12-04 08:00:00-05:00,200.0,True
2013-12-04 08:30:00-05:00,200.0,True
2013-12-04 09:00:00-05:00,200.0,False
2013-12-04 09:30:00-05:00,200.0,False
2013-12-04 10:00:00-05:00,200.0,False
2013-12-04 10:30:00-05:00,200.0,True
2013-12-04 11:00:00-05:00,200.0,False
2013-12-04 11:30:00-05:00,200.0,False
2013-12-04 12:00:00-05:00,200.0,False
2013-12-04 12:30:00-05:00,253.6284673611111,True
2013-12-04 13:00:00-05:00,200.0,False
2013-12-04 13:30:00-05:00,430.0138824074074,True
2013-12-04 14:00:00-05:00,295.5652719444444,False
2013-12-04 14:30:00-05:00,296.01249416666667,False
2013-12-04 15:00:00-05:00,296.01249416666667,False
2013-12-04 15:30:00-05:00,296.01249416666667,False
2013-12-04 16:00:00-05:00,493.3541569444444,True
2013-12-04 16:30:00-05:00,296.01249416666667,False
2013-12-04 17:00:00-05:00,200.0,False
2013-12-04 17:30:00-05:00,200.0,False
2013-12-04 18:00:00-05:00,200.0,True
2013-12-04 18:30:00-05:00,200.0,False
2013-12-04 19:00:00-05:00,200.0,False
2013-12-04 19:30:00-05:00,200.0,False
2013-12-04 20:00:00-05:00,200.0,True
2013-12-04 20:30:00-05:00,200.0,True
2013-12-04 21:00:00-05:00,200.0,False
2013-12-04 21:30:00-05:00,200.0,False
2013-12-04 22:00:00-05:00,200.0,False
2013-12-04 22:30:00-05:00,200.0,False
2013-12-04 23:00:00-05:00,200.0,False
2013-12-04 23:30:00-05:00,200.0,True
2013-12-05 00:00:00-05:00,200.0,False
2013-12-05 00:30:00-05:00,200.0,False
2013-12-05 01:00:00-05:00,200.0,False
2013-12-05 01:30:00-05:00,200.0,False
2013-12-05 02:00:00-05:00,200.0,False
2013-12-05 02:30:00-05:00,200.0,False
2013-12-05 03:00:00-05:00,200.0,False
2013-12-05 03:30:00-05:00,200.0,False
2013-12-05 04:00:00-05:00,200.0,False
2013-12-05 04:30:00-05:00,200.0,False
2013-12-05 05:00:00-05:00,200.0,False
2013-12-05 05:30:00-05:00,200.0,False
2013-12-05 06:00:00-05:00,200.0,False
2013-12-05 06:30:00-05:00,200.0,False
2013-12-05 07:00:00-05:00,200.0,False
2013-12-05 07:30:00-05:00,200.0,False
2013-12-05 08:00:00-05:00,200.0,False
2013-12-05 08:30:00-05:00,200.0,True
2013-12-05 09:00:00-05:00,200.0,False
2013-12-05 09:30:00-05:00,200.0,False
2013-12-05 10:00:00-05:00,200.0,False
2013-12-05 10:30:00-05:00,200.0,False
2013-12-05 11:00:00-05:00,200.0,False
2013-12-05 11:30:00-05:00,200.0,True
2013-12-05 12:00:00-05:00,200.0,False
2013-12-05 12:30:00-05:00,200.0,True
2013-12-05 13:00:00-05:00,200.0,True
2013-12-05 13:30:00-05:00,200.0,True
2013-12-05 14:00:00-05:00,200.0,False
2013-12-05 14:30:00-05:00,200.0,False
2013-12-05 15:00:00-05:00,200.0,False
2013-12-05 15:30:00-05:00,200.0,False
2013-12-05 16:00:00-05:00,216.31944444444446,True
2013-12-05 16:30:00-05:00,200.0,False
2013-12-05 17:00:00-05:00,200.0,False
2013-12-05 17:30:00-05:00,200.0,False
2013-12-05 18:00:00-05:00,216.7083236111111,True
2013-12-05 18:30:00-05:00,200.0,False
2013-12-05 19:00:00-05:00,200.0,False
2013-12-05 19:30:00-05:00,200.0,False
2013-12-05 20:00:00-05:00,200.0,False
2013-12-05 20:30:00-05:00,215.73610138888887,True
2013-12-05 21:00:00-05:00,200.0,False
2013-12-05 21:30:00-05:00,200.0,False
2013-12-05 22:00:00-05:00,200.0,False
2013-12-05 22:30:00-05:00,200.0,False
2013-12-05 23:00:00-05:00,200.0,False
2013-12-05 23:30:00-05:00,216.14929583333335,True
2013-12-06 00:00:00-05:00,200.0,False
2013-12-06 00:30:00-05:00,200.0,False
2013-12-06 01:00:00-05:00,200.0,False
2013-12-06 01:30:00-05:00,200.0,False
2013-12-06 02:00:00-05:00,200.0,False
2013-12-06 02:30:00-05:00,200.0,False
2013-12-06 03:00:00-05:00,200.0,False
2013-12-06 03:30:00-05:00,200.0,False
2013-12-06 04:00:00-05:00,200.0,False
2013-12-06 04:30:00-05:00,200.0,False
2013-12-06 05:00:00-05:00,200.0,False
2013-12-06 05:30:00-05:00,200.0,False
2013-12-06 06:00:00-05:00,200.0,False
2013-12-06 06:30:00-05:00,200.0,False
2013-12-06 07:00:00-05:00,200.0,False
2013-12-06 07:30:00-05:00,200.0,False
2013-12-06 08:00:00-05:00,200.0,False
2013-12-06 08:30:00-05:00,200.0,False
2013-12-06 09:00:00-05:00,215.59026805555553,True
2013-12-06 09:30:00-05:00,200.0,False
2013-12-06 10:00:00-05:00,215.59026805555553,True
2013-12-06 10:30:00-05:00,215.59026805555553,True
2013-12-06 11:00:00-05:00,200.0,False
2013-12-06 11:30:00-05:00,374.3298465277777,True
2013-12-06 12:00:00-05:00,319.84165499999995,False
2013-12-06 12:30:00-05:00,319.4284654166667,False
2013-12-06 13:00:00-05:00,319.0201291666667,False
2013-12-06 13:30:00-05:00,319.57916666666665,False
2013-12-06 14:00:00-05:00,326.054155,False
2013-12-06 14:30:00-05:00,200.0,False
2013-12-06 15:00:00-05:00,257.0555536111111,False
2013-12-06 15:30:00-05:00,301.34999999999997,False
2013-12-06 16:00:00-05:00,502.2499999999999,True
2013-12-06 16:30:00-05:00,301.34999999999997,False
2013-12-06 17:00:00-05:00,502.2499999999999,True
2013-12-06 17:30:00-05:00,301.34999999999997,False
2013-12-06 18:00:00-05:00,301.34999999999997,False
2013-12-06 18:30:00-05:00,301.34999999999997,False
2013-12-06 19:00:00-05:00,502.2499999999999,True
2013-12-06 19:30:00-05:00,502.2499999999999,True
2013-12-06 20:00:00-05:00,502.2499999999999,True
2013-12-06 20:30:00-05:00,459.35069282407403,True
2013-12-06 21:00:00-05:00,200.0,False
2013-12-06 21:30:00-05:00,200.0,False
2013-12-06 22:00:00-05:00,200.0,False
2013-12-06 22:30:00-05:00,200.0,False
2013-12-06 23:00:00-05:00,200.0,False
2013-12-06 23:30:00-05:00,200.0,False
2013-12-07 00:00:00-05:00,200.0,False
2013-12-07 00:30:00-05:00,200.0,False
2013-12-07 01:00:00-05:00,200.0,False
2013-12-07 01:30:00-05:00,200.0,False
2013-12-07 02:00:00-05:00,200.0,False
2013-12-07 02:30:00-05:00,200.0,False
2013-12-07 03:00:00-05:00,200.0,False
2013-12-07 03:30:00-05:00,200.0,False
2013-12-07 04:00:00-05:00,200.0,False
2013-12-07 04:30:00-05:00,200.0,False
2013-12-07 05:00:00-05:00,200.0,False
2013-12-07 05:30:00-05:00,200.0,False
2013-12-07 06:00:00-05:00,200.0,False
2013-12-07 06:30:00-05:00,200.0,False
2013-12-07 07:00:00-05:00,200.0,False
2013-12-07 07:30:00-05:00,200.0,False
2013-12-07 08:00:00-05:00,200.0,False
2013-12-07 08:30:00-05:00,200.0,False
2013-12-07 09:00:00-05:00,200.0,False
2013-12-07 09:30:00-05:00,200.0,False
2013-12-07 10:00:00-05:00,200.0,False
2013-12-07 10:30:00-05:00,200.0,False
2013-12-07 11:00:00-05:00,200.0,False
2013-12-07 11:30:00-05:00,243.73611111111106,True
2013-12-07 12:00:00-05:00,200.0,False
2013-12-07 12:30:00-05:00,200.0,False
2013-12-07 13:00:00-05:00,200.0,False
2013-12-07 13:30:00-05:00,200.0,False
2013-12-07 14:00:00-05:00,200.0,False
2013-12-07 14:30:00-05:00,200.0,False
2013-12-07 15:00:00-05:00,200.0,False
2013-12-07 15:30:00-05:00,200.0,False
2013-12-07 16:00:00-05:00,243.73611111111106,True
2013-12-07 16:30:00-05:00,243.73611111111106,True
2013-12-07 17:00:00-05:00,200.0,False
2013-12-07 17:30:00-05:00,243.73611111111106,True
2013-12-07 18:00:00-05:00,200.0,False
2013-12-07 18:30:00-05:00,200.0,False
2013-12-07 19:00:00-05:00,243.73611111111106,True
2013-12-07 19:30:00-05:00,243.73611111111106,True
2013-12-07 20:00:00-05:00,200.0,False
2013-12-07 20:30:00-05:00,200.0,False
2013-12-07 21:00:00-05:00,200.0,False
2013-12-07 21:30:00-05:00,200.0,False
2013-12-07 22:00:00-05:00,200.0,False
2013-12-07 22:30:00-05:00,200.0,False
2013-12-07 23:00:00-05:00,243.73611111111106,True
2013-12-07 23:30:00-05:00,200.0,False
2013-12-08 00:00:00-05:00,200.0,False
2013-12-08 00:30:00-05:00,200.0,False
2013-12-08 01:00:00-05:00,200.0,False
2013-12-08 01:30:00-05:00,200.0,False
2013-12-08 02:00:00-05:00,200.0,False
2013-12-08 02:30:00-05:00,200.0,False
2013-12-08 03:00:00-05:00,200.0,False
2013-12-08 03:30:00-05:00,200.0,False
2013-12-08 04:00:00-05:00,200.0,False
2013-12-08 04:30:00-05:00,200.0,False
2013-12-08 05:00:00-05:00,200.0,False
2013-12-08 05:30:00-05:00,200.0,False
2013-12-08 06:00:00-05:00,200.0,False
2013-12-08 06:30:00-05:00,200.0,False
2013-12-08 07:00:00-05:00,200.0,False
2013-12-08 07:30:00-05:00,200.0,False
2013-12-08 08:00:00-05:00,200.0,False
2013-12-08 08:30:00-05:00,200.0,False
2013-12-08 09:00:00-05:00,200.0,False
2013-12-08 09:30:00-05:00,200.0,False
2013-12-08 10:00:00-05:00,200.0,False
2013-12-08 10:30:00-05:00,200.0,False
2013-12-08 11:00:00-05:00,200.0,False
2013-12-08 11:30:00-05:00,200.0,False
2013-12-08 12:00:00-05:00,200.0,False
2013-12-08 12:30:00-05:00,200.0,False
2013-12-08 13:00:00-05:00,243.849537037037,True
2013-12-08 13:30:00-05:00,200.0,False
2013-12-08 14:00:00-05:00,200.0,False
2013-12-08 14:30:00-05:00,243.73611111111106,True
2013-12-08 15:00:00-05:00,243.73611111111106,True
2013-12-08 15:30:00-05:00,243.73611111111106,True
2013-12-08 16:00:00-05:00,200.0,False
2013-12-08 16:30:00-05:00,200.0,False
2013-12-08 17:00:00-05:00,200.0,False
2013-12-08 17:30:00-05:00,200.0,False
2013-12-08 18:00:00-05:00,200.0,False
2013-12-08 18:30:00-05:00,243.73611111111106,True
2013-12-08 19:00:00-05:00,200.0,False
2013-12-08 19:30:00-05:00,200.0,False
2013-12-08 20:00:00-05:00,200.0,False
2013-12-08 20:30:00-05:00,243.90625,True
2013-12-08 21:00:00-05:00,200.0,False
2013-12-08 21:30:00-05:00,200.0,False
2013-12-08 22:00:00-05:00,200.0,False
2013-12-08 22:30:00-05:00,243.73611111111106,True
2013-12-08 23:00:00-05:00,200.0,False
2013-12-08 23:30:00-05:00,200.0,False
2013-12-09 00:00:00-05:00,200.0,False
2013-12-09 00:30:00-05:00,200.0,False
2013-12-09 01:00:00-05:00,200.0,False
2013-12-09 01:30:00-05:00,200.0,False
2013-12-09 02:00:00-05:00,200.0,False
2013-12-09 02:30:00-05:00,200.0,False
2013-12-09 03:00:00-05:00,200.0,False
2013-12-09 03:30:00-05:00,200.0,False
2013-12-09 04:00:00-05:00,200.0,False
2013-12-09 04:30:00-05:00,200.0,False
2013-12-09 05:00:00-05:00,200.0,False
2013-12-09 05:30:00-05:00,200.0,False
2013-12-09 06:00:00-05:00,200.0,False
2013-12-09 06:30:00-05:00,200.0,False
2013-12-09 07:00:00-05:00,200.0,False
2013-12-09 07:30:00-05:00,200.0,False
2013-12-09 08:00:00-05:00,200.0,False
2013-12-09 08:30:00-05:00,200.0,False
2013-12-09 09:00:00-05:00,200.0,False
2013-12-09 09:30:00-05:00,200.0,False
2013-12-09 10:00:00-05:00,200.0,False
2013-12-09 10:30:00-05:00,200.0,False
2013-12-09 11:00:00-05:00,243.73611111111106,True
2013-12-09 11:30:00-05:00,243.73611111111106,True
2013-12-09 12:00:00-05:00,200.0,False
2013-12-09 12:30:00-05:00,243.849537037037,True
2013-12-09 13:00:00-05:00,243.73611111111106,True
2013-12-09 13:30:00-05:00,200.0,False
2013-12-09 14:00:00-05:00,243.73611111111106,True
2013-12-09 14:30:00-05:00,200.0,False
2013-12-09 15:00:00-05:00,243.73611111111106,True
2013-12-09 15:30:00-05:00,200.0,False
2013-12-09 16:00:00-05:00,243.73611111111106,True
2013-12-09 16:30:00-05:00,200.0,False
2013-12-09 17:00:00-05:00,200.0,False
2013-12-09 17:30:00-05:00,200.0,False
2013-12-09 18:00:00-05:00,200.0,False
2013-12-09 18:30:00-05:00,243.73611111111106,True
2013-12-09 19:00:00-05:00,200.0,False
2013-12-09 19:30:00-05:00,243.73611111111106,True
2013-12-09 20:00:00-05:00,200.0,False
2013-12-09 20:30:00-05:00,243.73611111111106,True
2013-12-09 21:00:00-05:00,243.73611111111106,True
2013-12-09 21:30:00-05:00,200.0,False
2013-12-09 22:00:00-05:00,200.0,False
2013-12-09 22:30:00-05:00,200.0,False
2013-12-09 23:00:00-05:00,243.73611111111106,True
2013-12-09 23:30:00-05:00,200.0,False
2013-12-10 00:00:00-05:00,200.0,False
2013-12-10 00:30:00-05:00,200.0,False
2013-12-10 01:00:00-05:00,200.0,False
2013-12-10 01:30:00-05:00,200.0,False
2013-12-10 02:00:00-05:00,200.0,False
2013-12-10 02:30:00-05:00,200.0,False
2013-12-10 03:00:00-05:00,200.0,False
2013-12-10 03:30:00-05:00,200.0,False
2013-12-10 04:00:00-05:00,200.0,False
2013-12-10 04:30:00-05:00,200.0,False
2013-12-10 05:00:00-05:00,200.0,False
2013-12-10 05:30:00-05:00,200.0,False
2013-12-10 06:00:00-05:00,200.0,False
2013-12-10 06:30:00-05:00,200.0,False
2013-12-10 07:00:00-05:00,200.0,False
2013-12-10 07:30:00-05:00,200.0,False
2013-12-10 08:00:00-05:00,200.0,False
2013-12-10 08:30:00-05:00,243.73611111111106,True
2013-12-10 09:00:00-05:00,200.0,False
2013-12-10 09:30:00-05:00,244.07638888888889,True
2013-12-10 10:00:00-05:00,200.0,False
2013-12-10 10:30:00-05:00,200.0,False
2013-12-10 11:00:00-05:00,243.73611111111106,True
2013-12-10 11:30:00-05:00,200.0,False
2013-12-10 12:00:00-05:00,200.0,False
2013-12-10 12:30:00-05:00,243.73611111111106,True
2013-12-10 13:00:00-05:00,200.0,False
2013-12-10 13:30:00-05:00,200.0,False
2013-12-10 14:00:00-05:00,200.0,False
2013-12-10 14:30:00-05:00,200.0,True
2013-12-10 15:00:00-05:00,200.0,True
2013-12-10 15:30:00-05:00,200.0,False
2013-12-10 16:00:00-05:00,200.0,True
2013-12-10 16:30:00-05:00,200.0,False
2013-12-10 17:00:00-05:00,200.0,False
2013-12-10 17:30:00-05:00,200.0,False
2013-12-10 18:00:00-05:00,200.0,False
2013-12-10 18:30:00-05:00,200.0,True
2013-12-10 19:00:00-05:00,200.0,False
2013-12-10 19:30:00-05:00,200.0,False
2013-12-10 20:00:00-05:00,200.0,False
2013-12-10 20:30:00-05:00,200.0,True
2013-12-10 21:00:00-05:00,200.0,True
2013-12-10 21:30:00-05:00,200.0,False
2013-12-10 22:00:00-05:00,200.0,False
2013-12-10 22:30:00-05:00,200.0,True
2013-12-10 23:00:00-05:00,200.0,False
2013-12-10 23:30:00-05:00,200.0,False
2013-12-11 00:00:00-05:00,200.0,False
2013-12-11 00:30:00-05:00,200.0,False
2013-12-11 01:00:00-05:00,200.0,False
2013-12-11 01:30:00-05:00,200.0,False
2013-12-11 02:00:00-05:00,200.0,False
2013-12-11 02:30:00-05:00,200.0,False
2013-12-11 03:00:00-05:00,200.0,False
2013-12-11 03:30:00-05:00,200.0,False
2013-12-11 04:00:00-05:00,200.0,False
2013-12-11 04:30:00-05:00,200.0,False
2013-12-11 05:00:00-05:00,200.0,False
2013-12-11 05:30:00-05:00,200.0,False
2013-12-11 06:00:00-05:00,200.0,False
2013-12-11 06:30:00-05:00,200.0,False
2013-12-11 07:00:00-05:00,200.0,False
2013-12-11 07:30:00-05:00,200.0,False
2013-12-11 08:00:00-05:00,200.0,False
2013-12-11 08:30:00-05:00,200.0,True
2013-12-11 09:00:00-05:00,200.0,False
2013-12-11 09:30:00-05:00,200.0,False
2013-12-11 10:00:00-05:00,200.0,False
2013-12-11 10:30:00-05:00,200.0,False
2013-12-11 11:00:00-05:00,200.0,False
2013-12-11 11:30:00-05:00,200.0,False
2013-12-11 12:00:00-05:00,271.8333313888889,False
2013-12-11 12:30:00-05:00,394.1874999999999,True
2013-12-11 13:00:00-05:00,200.0,False
2013-12-11 13:30:00-05:00,207.71527777777774,True
2013-12-11 14:00:00-05:00,200.0,False
2013-12-11 14:30:00-05:00,207.71527777777774,True
2013-12-11 15:00:00-05:00,207.71527777777774,True
2013-12-11 15:30:00-05:00,200.0,False
