,ottomaass-230-12__mcgill-standard__otto-mass-119-230,ottomaass-230-4__mcgill-standard__otto-mass-119-230,ottomaass-230-17__mcgill-standard__otto-mass-119-230,ottomaass-230-12__mcgill-standard__otto-mass-119-230,ottomaass-230-1__mcgill-standard__otto-mass-119-230,ottomaass-230-7__mcgill-standard__otto-mass-119-230,ottomaass-230-14__mcgill-standard__otto-mass-119-230,ottomaass-230-6__mcgill-standard__otto-mass-119-230,ottomaass-230-12__mcgill-standard__otto-mass-119-230,ottomaass-230-18__mcgill-standard__otto-mass-119-230,ottomaass-230-18__mcgill-standard__otto-mass-119-230,ottomaass-230-4__mcgill-standard__otto-mass-119-230,ottomaass-230-1__mcgill-standard__otto-mass-119-230,ottomaass-230-12__mcgill-standard__otto-mass-119-230,ottomaass-230-1__mcgill-standard__otto-mass-119-230
2013-10-24 17:30:00-05:00,200.0,200.0,200.0,200.0,200.0,200.0,200.0,200.0,200.0,,,200.0,200.0,200.0,200.0
2013-10-24 18:00:00-05:00,200.0,200.0,200.0,200.0,200.0,200.0,200.0,200.0,200.0,,,200.0,200.0,200.0,200.0
2013-10-24 18:30:00-05:00,200.0,200.0,200.0,200.0,200.0,200.0,200.0,200.0,200.0,,,200.0,200.0,200.0,200.0
2013-10-24 19:00:00-05:00,200.0,200.0,200.0,200.0,200.0,200.0,200.0,200.0,200.0,,,200.0,200.0,200.0,200.0
2013-10-24 19:30:00-05:00,200.0,200.0,200.0,200.0,200.0,200.0,200.0,200.0,200.0,,,200.0,200.0,200.0,200.0
2013-10-24 20:00:00-05:00,200.0,200.0,200.0,200.0,200.0,200.0,200.0,200.0,200.0,,,200.0,200.0,200.0,200.0
2013-10-24 20:30:00-05:00,200.0,200.0,200.0,200.0,200.0,200.0,200.0,200.0,200.0,,,200.0,200.0,200.0,200.0
2013-10-24 21:00:00-05:00,200.0,200.0,200.0,200.0,200.0,200.0,200.0,200.0,200.0,,,200.0,200.0,200.0,200.0
2013-10-24 21:30:00-05:00,200.0,200.0,200.0,200.0,200.0,200.0,200.0,200.0,200.0,,,200.0,200.0,200.0,200.0
2013-10-24 22:00:00-05:00,200.0,200.0,200.0,200.0,200.0,200.0,200.0,200.0,200.0,,,200.0,200.0,200.0,200.0
2013-10-24 22:30:00-05:00,200.0,200.0,200.0,200.0,200.0,200.0,200.0,200.0,200.0,,,200.0,200.0,200.0,200.0
2013-10-24 23:00:00-05:00,200.0,200.0,200.0,200.0,200.0,200.0,200.0,200.0,200.0,,,200.0,200.0,200.0,200.0
2013-10-24 23:30:00-05:00,200.0,200.0,200.0,200.0,200.0,200.0,200.0,200.0,200.0,,,200.0,200.0,200.0,200.0
2013-10-25 00:00:00-05:00,200.0,200.0,200.0,200.0,200.0,200.0,200.0,200.0,200.0,,,200.0,200.0,200.0,200.0
2013-10-25 00:30:00-05:00,200.0,200.0,200.0,200.0,200.0,200.0,200.0,200.0,200.0,,,200.0,200.0,200.0,200.0
2013-10-25 01:00:00-05:00,200.0,200.0,200.0,200.0,200.0,200.0,200.0,200.0,200.0,,,200.0,200.0,200.0,200.0
2013-10-25 01:30:00-05:00,200.0,200.0,200.0,200.0,200.0,200.0,200.0,200.0,200.0,,,200.0,200.0,200.0,200.0
2013-10-25 02:00:00-05:00,200.0,200.0,200.0,200.0,200.0,200.0,200.0,200.0,200.0,,,200.0,200.0,200.0,200.0
2013-10-25 02:30:00-05:00,200.0,200.0,200.0,200.0,200.0,200.0,200.0,200.0,200.0,,,200.0,200.0,200.0,200.0
2013-10-25 03:00:00-05:00,200.0,200.0,200.0,200.0,200.0,200.0,200.0,200.0,200.0,,,200.0,200.0,200.0,200.0
2013-10-25 03:30:00-05:00,200.0,200.0,200.0,200.0,200.0,200.0,200.0,200.0,200.0,,,200.0,200.0,200.0,200.0
2013-10-25 04:00:00-05:00,200.0,200.0,200.0,200.0,200.0,200.0,200.0,200.0,200.0,,,200.0,200.0,200.0,200.0
2013-10-25 04:30:00-05:00,200.0,200.0,200.0,200.0,200.0,200.0,200.0,200.0,200.0,,,200.0,200.0,200.0,200.0
2013-10-25 05:00:00-05:00,200.0,200.0,200.0,200.0,200.0,200.0,200.0,200.0,200.0,,,200.0,200.0,200.0,200.0
2013-10-25 05:30:00-05:00,200.0,200.0,200.0,200.0,200.0,200.0,200.0,200.0,200.0,,,200.0,200.0,200.0,200.0
2013-10-25 06:00:00-05:00,200.0,200.0,200.0,200.0,200.0,200.0,200.0,200.0,200.0,,,200.0,200.0,200.0,200.0
2013-10-25 06:30:00-05:00,200.0,200.0,200.0,200.0,200.0,200.0,200.0,200.0,200.0,,,200.0,200.0,200.0,200.0
2013-10-25 07:00:00-05:00,200.0,200.0,200.0,200.0,200.0,200.0,200.0,200.0,200.0,,,200.0,200.0,200.0,200.0
2013-10-25 07:30:00-05:00,200.0,200.0,200.0,200.0,200.0,200.0,200.0,200.0,200.0,,,200.0,200.0,200.0,200.0
2013-10-25 08:00:00-05:00,200.0,200.0,200.0,200.0,200.0,200.0,200.0,200.0,200.0,,,200.0,200.0,200.0,200.0
2013-10-25 08:30:00-05:00,200.0,200.0,200.0,200.0,200.0,200.0,200.0,200.0,200.0,,,200.0,200.0,200.0,200.0
2013-10-25 09:00:00-05:00,200.0,200.0,200.0,200.0,200.0,200.0,200.0,200.0,200.0,,,200.0,200.0,200.0,200.0
2013-10-25 09:30:00-05:00,200.0,200.0,200.0,200.0,200.0,200.0,200.0,200.0,200.0,,,200.0,200.0,200.0,200.0
2013-10-25 10:00:00-05:00,321.68748125,200.0,200.0,200.0,200.0,200.0,200.0,200.0,321.68748125,,,200.0,200.0,200.0,205.8437375
2013-10-25 10:30:00-05:00,200.0,200.0,200.0,200.0,205.8437375,238.59374375000004,214.24999375,294.9479125,315.51039791666665,,,200.0,200.0,200.0,200.0
2013-10-25 11:00:00-05:00,200.0,200.0,200.0,200.0,200.0,200.0,200.0,200.0,200.0,,,200.0,205.8437375,200.0,200.0
2013-10-25 11:30:00-05:00,200.0,200.0,229.1874875,200.0,205.8437375,238.59374375000004,200.0,200.0,200.0,,,200.0,200.0,200.0,205.8437375
2013-10-25 12:00:00-05:00,200.0,200.0,229.1874875,200.0,205.8437375,200.0,200.0,200.0,200.0,,,200.0,200.0,200.0,200.0
2013-10-25 12:30:00-05:00,200.0,200.0,229.1874875,200.0,205.8437375,200.0,214.24999375,200.0,200.0,,,200.0,200.0,200.0,200.0
2013-10-25 13:00:00-05:00,200.0,200.0,200.0,200.0,200.0,200.0,214.24999375,200.0,200.0,,,200.0,200.0,200.0,200.0
2013-10-25 13:30:00-05:00,200.0,200.0,229.1874875,200.0,200.0,200.0,200.0,200.0,200.0,,,200.0,205.8437375,200.0,200.0
2013-10-25 14:00:00-05:00,200.0,200.0,200.0,200.0,205.8437375,200.0,200.0,295.90623125,200.0,,,200.0,200.0,200.0,200.0
2013-10-25 14:30:00-05:00,200.0,200.0,229.1874875,200.0,200.0,238.18748541666662,200.0,200.0,200.0,,,200.0,200.0,200.0,200.0
2013-10-25 15:00:00-05:00,200.0,200.0,200.0,200.0,200.0,200.0,200.0,200.0,200.0,,,200.0,205.8437375,200.0,200.0
2013-10-25 15:30:00-05:00,200.0,200.0,200.0,200.0,200.0,200.0,214.24999375,200.0,200.0,,,200.0,200.0,219.1562479166667,200.0
2013-10-25 16:00:00-05:00,200.0,200.0,200.0,200.0,200.0,200.0,200.0,200.0,200.0,,,200.0,200.0,200.0,200.0
2013-10-25 16:30:00-05:00,200.0,200.0,200.0,200.0,200.0,200.0,200.0,200.0,200.0,,,200.0,200.0,200.0,200.0
2013-10-25 17:00:00-05:00,200.0,200.0,200.0,200.0,200.0,200.0,200.0,200.0,200.0,,,200.0,200.0,200.0,200.0
2013-10-25 17:30:00-05:00,200.0,200.0,200.0,200.0,200.0,200.0,200.0,200.0,200.0,,,200.0,200.0,200.0,200.0
2013-10-25 18:00:00-05:00,200.0,200.0,200.0,200.0,200.0,200.0,200.0,200.0,200.0,,,200.0,200.0,200.0,200.0
2013-10-25 18:30:00-05:00,200.0,200.0,200.0,200.0,200.0,200.0,200.0,200.0,200.0,,,200.0,200.0,200.0,200.0
2013-10-25 19:00:00-05:00,200.0,200.0,200.0,200.0,200.0,200.0,200.0,200.0,200.0,,,200.0,200.0,200.0,200.0
2013-10-25 19:30:00-05:00,200.0,200.0,200.0,200.0,200.0,200.0,200.0,200.0,200.0,,,200.0,200.0,200.0,200.0
2013-10-25 20:00:00-05:00,200.0,200.0,200.0,200.0,200.0,200.0,200.0,200.0,200.0,,,200.0,200.0,200.0,200.0
2013-10-25 20:30:00-05:00,200.0,200.0,200.0,200.0,200.0,200.0,200.0,200.0,200.0,,,200.0,200.0,200.0,200.0
2013-10-25 21:00:00-05:00,200.0,200.0,200.0,200.0,200.0,200.0,200.0,200.0,200.0,,,200.0,200.0,200.0,200.0
2013-10-25 21:30:00-05:00,200.0,200.0,200.0,200.0,200.0,200.0,200.0,200.0,200.0,,,200.0,200.0,200.0,200.0
2013-10-25 22:00:00-05:00,200.0,200.0,200.0,200.0,200.0,200.0,200.0,200.0,200.0,,,200.0,200.0,200.0,200.0
2013-10-25 22:30:00-05:00,200.0,200.0,200.0,200.0,200.0,200.0,200.0,200.0,200.0,,,200.0,200.0,200.0,200.0
2013-10-25 23:00:00-05:00,200.0,200.0,200.0,200.0,200.0,200.0,200.0,200.0,200.0,,,200.0,200.0,200.0,200.0
2013-10-25 23:30:00-05:00,200.0,200.0,200.0,200.0,200.0,200.0,200.0,200.0,200.0,,,200.0,200.0,200.0,200.0
2013-10-26 00:00:00-05:00,200.0,200.0,200.0,200.0,200.0,200.0,200.0,200.0,200.0,,,200.0,200.0,200.0,200.0
2013-10-26 00:30:00-05:00,200.0,200.0,200.0,200.0,200.0,200.0,200.0,200.0,200.0,,,200.0,200.0,200.0,200.0
2013-10-26 01:00:00-05:00,200.0,200.0,200.0,200.0,200.0,200.0,200.0,200.0,200.0,,,200.0,200.0,200.0,200.0
2013-10-26 01:30:00-05:00,200.0,200.0,200.0,200.0,200.0,200.0,200.0,200.0,200.0,,,200.0,200.0,200.0,200.0
2013-10-26 02:00:00-05:00,200.0,200.0,200.0,200.0,200.0,200.0,200.0,200.0,200.0,,,200.0,200.0,200.0,200.0
2013-10-26 02:30:00-05:00,200.0,200.0,200.0,200.0,200.0,200.0,200.0,200.0,200.0,,,200.0,200.0,200.0,200.0
2013-10-26 03:00:00-05:00,200.0,200.0,200.0,200.0,200.0,200.0,200.0,200.0,200.0,,,200.0,200.0,200.0,200.0
2013-10-26 03:30:00-05:00,200.0,200.0,200.0,200.0,200.0,200.0,200.0,200.0,200.0,,,200.0,200.0,200.0,200.0
2013-10-26 04:00:00-05:00,200.0,200.0,200.0,200.0,200.0,200.0,200.0,200.0,200.0,,,200.0,200.0,200.0,200.0
2013-10-26 04:30:00-05:00,200.0,200.0,200.0,200.0,200.0,200.0,200.0,200.0,200.0,,,200.0,200.0,200.0,200.0
2013-10-26 05:00:00-05:00,200.0,200.0,200.0,200.0,200.0,200.0,200.0,200.0,200.0,,,200.0,200.0,200.0,200.0
2013-10-26 05:30:00-05:00,200.0,200.0,200.0,200.0,200.0,200.0,200.0,200.0,200.0,,,200.0,200.0,200.0,200.0
2013-10-26 06:00:00-05:00,200.0,200.0,200.0,200.0,200.0,200.0,200.0,200.0,200.0,,,200.0,200.0,200.0,200.0
2013-10-26 06:30:00-05:00,200.0,200.0,200.0,200.0,200.0,200.0,200.0,200.0,200.0,,,200.0,200.0,200.0,200.0
2013-10-26 07:00:00-05:00,200.0,200.0,200.0,200.0,200.0,200.0,200.0,200.0,200.0,,,200.0,200.0,200.0,200.0
2013-10-26 07:30:00-05:00,200.0,200.0,200.0,200.0,200.0,200.0,200.0,200.0,200.0,,,200.0,200.0,200.0,200.0
2013-10-26 08:00:00-05:00,200.0,200.0,200.0,200.0,200.0,200.0,200.0,200.0,200.0,,,200.0,200.0,200.0,200.0
2013-10-26 08:30:00-05:00,200.0,200.0,200.0,200.0,200.0,200.0,200.0,200.0,200.0,,,200.0,200.0,200.0,200.0
2013-10-26 09:00:00-05:00,200.0,200.0,200.0,200.0,200.0,200.0,200.0,200.0,200.0,,,200.0,200.0,200.0,200.0
2013-10-26 09:30:00-05:00,200.0,200.0,200.0,200.0,200.0,200.0,200.0,200.0,200.0,,,200.0,200.0,200.0,200.0
2013-10-26 10:00:00-05:00,200.0,200.0,200.0,200.0,200.0,200.0,200.0,200.0,200.0,,,200.0,200.0,200.0,206.03125000000003
2013-10-26 10:30:00-05:00,200.0,200.0,229.1874875,200.0,200.0,200.0,200.0,200.0,200.0,,,200.0,200.0,200.0,200.0
2013-10-26 11:00:00-05:00,200.0,200.0,200.0,200.0,200.0,200.0,214.24999375,200.0,200.0,,,200.0,200.0,200.0,205.93749375000004
2013-10-26 11:30:00-05:00,200.0,200.0,200.0,200.0,200.0,200.0,200.0,200.0,200.0,,,200.0,200.0,200.0,200.0
2013-10-26 12:00:00-05:00,200.0,200.0,229.10416041666662,200.0,200.0,200.0,200.0,200.0,200.0,,,200.0,200.0,200.0,200.0
2013-10-26 12:30:00-05:00,200.0,200.0,229.1874875,200.0,200.0,200.0,200.0,200.0,200.0,,,200.0,205.8437375,200.0,205.8437375
2013-10-26 13:00:00-05:00,200.0,200.0,200.0,200.0,200.0,200.0,200.0,200.0,200.0,,,200.0,200.0,200.0,205.8437375
2013-10-26 13:30:00-05:00,200.0,200.0,229.1874875,200.0,205.8437375,200.0,214.24999375,200.0,200.0,,,200.0,205.8437375,200.0,200.0
2013-10-26 14:00:00-05:00,200.0,200.0,229.1874875,200.0,200.0,200.0,214.24999375,200.0,200.0,,,200.0,200.0,200.0,205.8437375
2013-10-26 14:30:00-05:00,200.0,200.0,200.0,200.0,200.0,200.0,200.0,295.90623125,200.0,,,200.0,200.0,200.0,200.0
2013-10-26 15:00:00-05:00,200.0,200.0,229.1874875,200.0,200.0,200.0,200.0,200.0,200.0,,,200.0,205.8437375,200.0,200.0
2013-10-26 15:30:00-05:00,200.0,200.0,200.0,200.0,200.0,200.0,200.0,200.0,200.0,,,200.0,200.0,200.0,200.0
2013-10-26 16:00:00-05:00,200.0,200.0,200.0,200.0,200.0,200.0,200.0,200.0,200.0,,,200.0,200.0,200.0,200.0
2013-10-26 16:30:00-05:00,200.0,200.0,200.0,200.0,200.0,200.0,200.0,200.0,200.0,,,200.0,200.0,200.0,200.0
2013-10-26 17:00:00-05:00,200.0,200.0,200.0,200.0,200.0,200.0,200.0,200.0,200.0,,,200.0,200.0,200.0,200.0
2013-10-26 17:30:00-05:00,200.0,200.0,200.0,200.0,200.0,200.0,200.0,200.0,200.0,,,200.0,200.0,200.0,200.0
2013-10-26 18:00:00-05:00,200.0,200.0,200.0,200.0,200.0,200.0,200.0,200.0,200.0,,,200.0,200.0,200.0,200.0
2013-10-26 18:30:00-05:00,200.0,200.0,200.0,200.0,200.0,200.0,200.0,200.0,200.0,,,200.0,200.0,200.0,200.0
2013-10-26 19:00:00-05:00,200.0,200.0,200.0,200.0,200.0,200.0,200.0,200.0,200.0,,,200.0,200.0,200.0,200.0
2013-10-26 19:30:00-05:00,200.0,200.0,200.0,200.0,200.0,200.0,200.0,200.0,200.0,,,200.0,200.0,200.0,200.0
2013-10-26 20:00:00-05:00,200.0,200.0,200.0,200.0,200.0,200.0,200.0,200.0,200.0,,,200.0,200.0,200.0,200.0
2013-10-26 20:30:00-05:00,200.0,200.0,200.0,200.0,200.0,200.0,200.0,200.0,200.0,,,200.0,200.0,200.0,200.0
2013-10-26 21:00:00-05:00,200.0,200.0,200.0,200.0,200.0,200.0,200.0,200.0,200.0,,,200.0,200.0,200.0,200.0
2013-10-26 21:30:00-05:00,200.0,200.0,200.0,200.0,200.0,200.0,200.0,200.0,200.0,,,200.0,200.0,200.0,200.0
2013-10-26 22:00:00-05:00,200.0,200.0,200.0,200.0,200.0,200.0,200.0,200.0,200.0,,,200.0,200.0,200.0,200.0
2013-10-26 22:30:00-05:00,200.0,200.0,200.0,200.0,200.0,200.0,200.0,200.0,200.0,,,200.0,200.0,200.0,200.0
2013-10-26 23:00:00-05:00,200.0,200.0,200.0,200.0,200.0,200.0,200.0,200.0,200.0,,,200.0,200.0,200.0,200.0
2013-10-26 23:30:00-05:00,200.0,200.0,200.0,200.0,200.0,200.0,200.0,200.0,200.0,,,200.0,200.0,200.0,200.0
2013-10-27 00:00:00-05:00,200.0,200.0,200.0,200.0,200.0,200.0,200.0,200.0,200.0,,,200.0,200.0,200.0,200.0
2013-10-27 00:30:00-05:00,200.0,200.0,200.0,200.0,200.0,200.0,200.0,200.0,200.0,,,200.0,200.0,200.0,200.0
2013-10-27 01:00:00-05:00,200.0,200.0,200.0,200.0,200.0,200.0,200.0,200.0,200.0,,,200.0,200.0,200.0,200.0
2013-10-27 01:30:00-05:00,200.0,200.0,200.0,200.0,200.0,200.0,200.0,200.0,200.0,,,200.0,200.0,200.0,200.0
2013-10-27 02:00:00-05:00,200.0,200.0,200.0,200.0,200.0,200.0,200.0,200.0,200.0,,,200.0,200.0,200.0,200.0
2013-10-27 02:30:00-05:00,200.0,200.0,200.0,200.0,200.0,200.0,200.0,200.0,200.0,,,200.0,200.0,200.0,200.0
2013-10-27 03:00:00-05:00,200.0,200.0,200.0,200.0,200.0,200.0,200.0,200.0,200.0,,,200.0,200.0,200.0,200.0
2013-10-27 03:30:00-05:00,200.0,200.0,200.0,200.0,200.0,200.0,200.0,200.0,200.0,,,200.0,200.0,200.0,200.0
2013-10-27 04:00:00-05:00,200.0,200.0,200.0,200.0,200.0,200.0,200.0,200.0,200.0,,,200.0,200.0,200.0,200.0
2013-10-27 04:30:00-05:00,200.0,200.0,200.0,200.0,200.0,200.0,200.0,200.0,200.0,,,200.0,200.0,200.0,200.0
2013-10-27 05:00:00-05:00,200.0,200.0,200.0,200.0,200.0,200.0,200.0,200.0,200.0,,,200.0,200.0,200.0,200.0
2013-10-27 05:30:00-05:00,200.0,200.0,200.0,200.0,200.0,200.0,200.0,200.0,200.0,,,200.0,200.0,200.0,200.0
2013-10-27 06:00:00-05:00,200.0,200.0,200.0,200.0,200.0,200.0,200.0,200.0,200.0,,,200.0,200.0,200.0,200.0
2013-10-27 06:30:00-05:00,200.0,200.0,200.0,200.0,200.0,200.0,200.0,200.0,200.0,,,200.0,200.0,200.0,200.0
2013-10-27 07:00:00-05:00,200.0,200.0,200.0,200.0,200.0,200.0,200.0,200.0,200.0,,,200.0,200.0,200.0,200.0
2013-10-27 07:30:00-05:00,200.0,200.0,200.0,200.0,200.0,200.0,200.0,200.0,200.0,,,200.0,200.0,200.0,200.0
2013-10-27 08:00:00-05:00,200.0,200.0,200.0,200.0,200.0,200.0,200.0,200.0,200.0,,,200.0,200.0,200.0,200.0
2013-10-27 08:30:00-05:00,200.0,200.0,200.0,200.0,200.0,200.0,200.0,200.0,200.0,,,200.0,200.0,200.0,200.0
2013-10-27 09:00:00-05:00,200.0,200.0,200.0,200.0,200.0,200.0,200.0,200.0,200.0,,,200.0,200.0,200.0,200.0
2013-10-27 09:30:00-05:00,200.0,200.0,200.0,200.0,200.0,200.0,200.0,200.0,200.0,,,200.0,200.0,200.0,200.0
2013-10-27 10:00:00-05:00,200.0,200.0,229.1874875,200.0,205.87498958333333,200.0,200.0,200.0,200.0,,,200.0,200.0,200.0,200.0
2013-10-27 10:30:00-05:00,200.0,200.0,200.0,200.0,206.03125000000003,200.0,200.0,200.0,200.0,,,200.0,200.0,200.0,206.03125000000003
2013-10-27 11:00:00-05:00,200.0,200.0,229.1874875,200.0,200.0,200.0,200.0,200.0,200.0,,,200.0,200.0,200.0,200.0
2013-10-27 11:30:00-05:00,200.0,200.0,229.1874875,200.0,206.03125000000003,200.0,200.0,200.0,200.0,,,200.0,200.0,200.0,206.03125000000003
2013-10-27 12:00:00-05:00,200.0,200.0,229.1874875,200.0,200.0,200.0,200.0,200.0,200.0,,,200.0,200.0,200.0,200.0
2013-10-27 12:30:00-05:00,200.0,200.0,229.1874875,200.0,200.0,200.0,214.24999375,200.0,200.0,,,200.0,200.0,200.0,200.0
2013-10-27 13:00:00-05:00,200.0,200.0,200.0,200.0,200.0,200.0,214.24999375,200.0,200.0,,,200.0,205.8749895833334,200.0,200.0
2013-10-27 13:30:00-05:00,200.0,200.0,200.0,200.0,200.0,200.0,200.0,295.90623125,200.0,,,200.0,200.0,200.0,200.0
2013-10-27 14:00:00-05:00,200.0,200.0,200.0,200.0,205.8437375,200.0,214.24999375,200.0,200.0,,,200.0,205.8437375,200.0,205.8437375
2013-10-27 14:30:00-05:00,200.0,200.0,200.0,200.0,205.8437375,200.0,200.0,200.0,200.0,,,200.0,205.8437375,200.0,200.0
2013-10-27 15:00:00-05:00,200.0,200.0,200.0,200.0,205.8437375,200.0,200.0,200.0,200.0,,,200.0,200.0,200.0,200.0
2013-10-27 15:30:00-05:00,200.0,200.0,200.0,200.0,205.8437375,200.0,200.0,200.0,200.0,,,200.0,200.0,200.0,200.0
2013-10-27 16:00:00-05:00,200.0,200.0,200.0,200.0,200.0,200.0,200.0,200.0,200.0,,,200.0,200.0,200.0,200.0
2013-10-27 16:30:00-05:00,200.0,200.0,200.0,200.0,200.0,200.0,200.0,200.0,200.0,,,200.0,200.0,200.0,200.0
2013-10-27 17:00:00-05:00,200.0,200.0,200.0,200.0,200.0,200.0,200.0,200.0,200.0,,,200.0,200.0,200.0,200.0
2013-10-27 17:30:00-05:00,200.0,200.0,200.0,200.0,200.0,200.0,200.0,200.0,200.0,,,200.0,200.0,200.0,200.0
2013-10-27 18:00:00-05:00,200.0,200.0,200.0,200.0,200.0,200.0,200.0,200.0,200.0,,,200.0,200.0,200.0,200.0
2013-10-27 18:30:00-05:00,200.0,200.0,200.0,200.0,200.0,200.0,200.0,200.0,200.0,,,200.0,200.0,200.0,200.0
2013-10-27 19:00:00-05:00,200.0,200.0,200.0,200.0,200.0,200.0,200.0,200.0,200.0,,,200.0,200.0,200.0,200.0
2013-10-27 19:30:00-05:00,200.0,200.0,200.0,200.0,200.0,200.0,200.0,200.0,200.0,,,200.0,200.0,200.0,200.0
2013-10-27 20:00:00-05:00,200.0,200.0,200.0,200.0,200.0,200.0,200.0,200.0,200.0,,,200.0,200.0,200.0,200.0
2013-10-27 20:30:00-05:00,200.0,200.0,200.0,200.0,200.0,200.0,200.0,200.0,200.0,,,200.0,200.0,200.0,200.0
2013-10-27 21:00:00-05:00,200.0,200.0,200.0,200.0,200.0,200.0,200.0,200.0,200.0,,,200.0,200.0,200.0,200.0
2013-10-27 21:30:00-05:00,200.0,200.0,200.0,200.0,200.0,200.0,200.0,200.0,200.0,,,200.0,200.0,200.0,200.0
2013-10-27 22:00:00-05:00,200.0,200.0,200.0,200.0,200.0,200.0,200.0,200.0,200.0,,,200.0,200.0,200.0,200.0
2013-10-27 22:30:00-05:00,200.0,200.0,200.0,200.0,200.0,200.0,200.0,200.0,200.0,,,200.0,200.0,200.0,200.0
2013-10-27 23:00:00-05:00,200.0,200.0,200.0,200.0,200.0,200.0,200.0,200.0,200.0,,,200.0,200.0,200.0,200.0
2013-10-27 23:30:00-05:00,200.0,200.0,200.0,200.0,200.0,200.0,200.0,200.0,200.0,,,200.0,200.0,200.0,200.0
2013-10-28 00:00:00-05:00,200.0,200.0,200.0,200.0,200.0,200.0,200.0,200.0,200.0,,,200.0,200.0,200.0,200.0
2013-10-28 00:30:00-05:00,200.0,200.0,200.0,200.0,200.0,200.0,200.0,200.0,200.0,,,200.0,200.0,200.0,200.0
2013-10-28 01:00:00-05:00,200.0,200.0,200.0,200.0,200.0,200.0,200.0,200.0,200.0,,,200.0,200.0,200.0,200.0
2013-10-28 01:30:00-05:00,200.0,200.0,200.0,200.0,200.0,200.0,200.0,200.0,200.0,,,200.0,200.0,200.0,200.0
2013-10-28 02:00:00-05:00,200.0,200.0,200.0,200.0,200.0,200.0,200.0,200.0,200.0,,,200.0,200.0,200.0,200.0
2013-10-28 02:30:00-05:00,200.0,200.0,200.0,200.0,200.0,200.0,200.0,200.0,200.0,,,200.0,200.0,200.0,200.0
2013-10-28 03:00:00-05:00,200.0,200.0,200.0,200.0,200.0,200.0,200.0,200.0,200.0,,,200.0,200.0,200.0,200.0
2013-10-28 03:30:00-05:00,200.0,200.0,200.0,200.0,200.0,200.0,200.0,200.0,200.0,,,200.0,200.0,200.0,200.0
2013-10-28 04:00:00-05:00,200.0,200.0,200.0,200.0,200.0,200.0,200.0,200.0,200.0,,,200.0,200.0,200.0,200.0
2013-10-28 04:30:00-05:00,200.0,200.0,200.0,200.0,200.0,200.0,200.0,200.0,200.0,,,200.0,200.0,200.0,200.0
2013-10-28 05:00:00-05:00,200.0,200.0,200.0,200.0,200.0,200.0,200.0,200.0,200.0,,,200.0,200.0,200.0,200.0
2013-10-28 05:30:00-05:00,200.0,200.0,200.0,200.0,200.0,200.0,200.0,200.0,200.0,,,200.0,200.0,200.0,200.0
2013-10-28 06:00:00-05:00,200.0,200.0,200.0,200.0,200.0,200.0,200.0,200.0,200.0,,,200.0,200.0,200.0,200.0
2013-10-28 06:30:00-05:00,200.0,200.0,200.0,200.0,200.0,200.0,200.0,200.0,200.0,,,200.0,200.0,200.0,200.0
2013-10-28 07:00:00-05:00,200.0,200.0,200.0,200.0,200.0,200.0,200.0,200.0,200.0,,,200.0,200.0,200.0,200.0
2013-10-28 07:30:00-05:00,200.0,200.0,200.0,200.0,200.0,200.0,200.0,200.0,200.0,,,200.0,200.0,200.0,200.0
2013-10-28 08:00:00-05:00,200.0,200.0,200.0,200.0,200.0,200.0,200.0,200.0,200.0,,,200.0,200.0,200.0,200.0
2013-10-28 08:30:00-05:00,200.0,200.0,200.0,200.0,200.0,200.0,200.0,200.0,200.0,,,200.0,200.0,200.0,200.0
2013-10-28 09:00:00-05:00,200.0,200.0,200.0,200.0,200.0,200.0,200.0,200.0,200.0,,,200.0,200.0,200.0,200.0
2013-10-28 09:30:00-05:00,200.0,200.0,200.0,200.0,200.0,200.0,200.0,200.0,200.0,,,200.0,200.0,200.0,200.0
2013-10-28 10:00:00-05:00,200.0,200.0,200.0,200.0,200.0,200.0,214.24999375,200.0,200.0,,,200.0,200.0,200.0,200.0
2013-10-28 10:30:00-05:00,200.0,200.0,200.0,200.0,200.0,200.0,200.0,200.0,200.0,,,200.0,200.0,200.0,205.96874583333337
2013-10-28 11:00:00-05:00,200.0,200.0,200.0,204.27083333333331,200.0,200.0,214.24999375,200.0,200.0,,,200.0,200.0,200.0,200.0
2013-10-28 11:30:00-05:00,200.0,200.0,229.46875000000006,200.0,200.0,200.0,200.0,200.0,281.6875,,,200.0,200.0,281.6875,205.8437375
2013-10-28 12:00:00-05:00,281.6875,200.0,200.0,200.0,205.8437375,200.0,200.0,200.0,281.6875,,,200.0,205.8437375,200.0,200.0
2013-10-28 12:30:00-05:00,200.0,200.0,200.0,200.0,205.8437375,200.0,214.124990625,200.0,200.0,,,200.0,200.0,200.0,205.8437375
2013-10-28 13:00:00-05:00,200.0,200.0,200.0,287.2187375,200.0,200.0,200.0,295.1875,200.0,,,200.0,205.99999791666667,287.2187375,200.0
2013-10-28 13:30:00-05:00,200.0,200.0,200.0,200.0,200.0,200.0,200.0,295.1875,200.0,,,200.0,200.0,200.0,200.0
2013-10-28 14:00:00-05:00,315.61978229166664,200.0,229.1874875,200.0,200.0,200.0,214.24999375,200.0,200.0,,,200.0,206.03125000000003,200.0,206.03125000000003
2013-10-28 14:30:00-05:00,351.82812187499997,200.0,229.1874875,211.096873125,200.0,200.0,200.0,200.0,211.096873125,,,200.0,200.0,211.096873125,200.0
2013-10-28 15:00:00-05:00,200.0,200.0,229.1874875,200.0,200.0,200.0,214.24999375,295.1875,200.0,,,200.0,200.0,200.0,205.9062416666667
2013-10-28 15:30:00-05:00,200.0,237.3437375,200.0,200.0,200.0,200.0,214.24999375,200.0,265.6406208333333,,,237.3437375,200.0,200.0,200.0
2013-10-28 16:00:00-05:00,200.0,200.0,200.0,200.0,200.0,200.0,200.0,200.0,200.0,,,200.0,200.0,200.0,200.0
2013-10-28 16:30:00-05:00,200.0,200.0,200.0,200.0,200.0,200.0,200.0,200.0,200.0,,,200.0,200.0,200.0,200.0
2013-10-28 17:00:00-05:00,200.0,200.0,200.0,200.0,200.0,200.0,200.0,200.0,200.0,,,200.0,200.0,200.0,200.0
2013-10-28 17:30:00-05:00,200.0,200.0,200.0,200.0,200.0,200.0,200.0,200.0,200.0,,,200.0,200.0,200.0,200.0
2013-10-28 18:00:00-05:00,200.0,200.0,200.0,200.0,200.0,200.0,200.0,200.0,200.0,,,200.0,200.0,200.0,200.0
2013-10-28 18:30:00-05:00,200.0,200.0,200.0,200.0,200.0,200.0,200.0,200.0,200.0,,,200.0,200.0,200.0,200.0
2013-10-28 19:00:00-05:00,200.0,200.0,200.0,200.0,200.0,200.0,200.0,200.0,200.0,,,200.0,200.0,200.0,200.0
2013-10-28 19:30:00-05:00,200.0,200.0,200.0,200.0,200.0,200.0,200.0,200.0,200.0,,,200.0,200.0,200.0,200.0
2013-10-28 20:00:00-05:00,200.0,200.0,200.0,200.0,200.0,200.0,200.0,200.0,200.0,,,200.0,200.0,200.0,200.0
2013-10-28 20:30:00-05:00,200.0,200.0,200.0,200.0,200.0,200.0,200.0,200.0,200.0,,,200.0,200.0,200.0,200.0
2013-10-28 21:00:00-05:00,200.0,200.0,200.0,200.0,200.0,200.0,200.0,200.0,200.0,,,200.0,200.0,200.0,200.0
2013-10-28 21:30:00-05:00,200.0,200.0,200.0,200.0,200.0,200.0,200.0,200.0,200.0,,,200.0,200.0,200.0,200.0
2013-10-28 22:00:00-05:00,200.0,200.0,200.0,200.0,200.0,200.0,200.0,200.0,200.0,,,200.0,200.0,200.0,200.0
2013-10-28 22:30:00-05:00,200.0,200.0,200.0,200.0,200.0,200.0,200.0,200.0,200.0,,,200.0,200.0,200.0,200.0
2013-10-28 23:00:00-05:00,200.0,200.0,200.0,200.0,200.0,200.0,200.0,200.0,200.0,,,200.0,200.0,200.0,200.0
2013-10-28 23:30:00-05:00,200.0,200.0,200.0,200.0,200.0,200.0,200.0,200.0,200.0,,,200.0,200.0,200.0,200.0
2013-10-29 00:00:00-05:00,200.0,200.0,200.0,200.0,200.0,200.0,200.0,200.0,200.0,,,200.0,200.0,200.0,200.0
2013-10-29 00:30:00-05:00,200.0,200.0,200.0,200.0,200.0,200.0,200.0,200.0,200.0,,,200.0,200.0,200.0,200.0
2013-10-29 01:00:00-05:00,200.0,200.0,200.0,200.0,200.0,200.0,200.0,200.0,200.0,,,200.0,200.0,200.0,200.0
2013-10-29 01:30:00-05:00,200.0,200.0,200.0,200.0,200.0,200.0,200.0,200.0,200.0,,,200.0,200.0,200.0,200.0
2013-10-29 02:00:00-05:00,200.0,200.0,200.0,200.0,200.0,200.0,200.0,200.0,200.0,,,200.0,200.0,200.0,200.0
2013-10-29 02:30:00-05:00,200.0,200.0,200.0,200.0,200.0,200.0,200.0,200.0,200.0,,,200.0,200.0,200.0,200.0
2013-10-29 03:00:00-05:00,200.0,200.0,200.0,200.0,200.0,200.0,200.0,200.0,200.0,,,200.0,200.0,200.0,200.0
2013-10-29 03:30:00-05:00,200.0,200.0,200.0,200.0,200.0,200.0,200.0,200.0,200.0,,,200.0,200.0,200.0,200.0
2013-10-29 04:00:00-05:00,200.0,200.0,200.0,200.0,200.0,200.0,200.0,200.0,200.0,,,200.0,200.0,200.0,200.0
2013-10-29 04:30:00-05:00,200.0,200.0,200.0,200.0,200.0,200.0,200.0,200.0,200.0,,,200.0,200.0,200.0,200.0
2013-10-29 05:00:00-05:00,200.0,200.0,200.0,200.0,200.0,200.0,200.0,200.0,200.0,,,200.0,200.0,200.0,200.0
2013-10-29 05:30:00-05:00,200.0,200.0,200.0,200.0,200.0,200.0,200.0,200.0,200.0,,,200.0,200.0,200.0,200.0
2013-10-29 06:00:00-05:00,200.0,200.0,200.0,200.0,200.0,200.0,200.0,200.0,200.0,,,200.0,200.0,200.0,200.0
2013-10-29 06:30:00-05:00,200.0,200.0,200.0,200.0,200.0,200.0,200.0,200.0,200.0,,,200.0,200.0,200.0,200.0
2013-10-29 07:00:00-05:00,200.0,200.0,200.0,200.0,200.0,200.0,200.0,200.0,200.0,,,200.0,200.0,200.0,200.0
2013-10-29 07:30:00-05:00,200.0,200.0,200.0,200.0,200.0,200.0,200.0,200.0,200.0,,,200.0,200.0,200.0,200.0
2013-10-29 08:00:00-05:00,200.0,200.0,200.0,200.0,200.0,200.0,200.0,200.0,200.0,,,200.0,200.0,200.0,200.0
2013-10-29 08:30:00-05:00,200.0,200.0,200.0,200.0,200.0,200.0,200.0,200.0,200.0,,,200.0,200.0,200.0,200.0
2013-10-29 09:00:00-05:00,200.0,200.0,200.0,200.0,200.0,200.0,200.0,200.0,200.0,,,200.0,200.0,200.0,200.0
2013-10-29 09:30:00-05:00,200.0,200.0,200.0,200.0,200.0,200.0,200.0,200.0,200.0,,,200.0,200.0,200.0,200.0
2013-10-29 10:00:00-05:00,200.0,236.62500624999998,200.0,200.0,200.0,200.0,214.24999375,200.0,200.0,,,200.0,205.8437375,200.0,205.8437375
2013-10-29 10:30:00-05:00,207.03749624999995,200.0,200.0,207.03749624999995,200.0,200.0,200.0,295.1875,207.03749624999995,,,200.0,200.0,207.03749624999995,200.0
2013-10-29 11:00:00-05:00,207.03749624999995,200.0,200.0,207.03749624999995,205.8437375,200.0,200.0,200.0,207.03749624999995,,,200.0,200.0,345.06249374999993,200.0
2013-10-29 11:30:00-05:00,207.03749624999995,236.62500624999998,200.0,345.06249374999993,200.0,200.0,200.0,200.0,207.03749624999995,,,236.62500624999998,200.0,207.03749624999995,200.0
2013-10-29 12:00:00-05:00,207.03749624999995,236.62500624999998,200.0,207.03749624999995,205.8437375,200.0,200.0,200.0,345.06249374999993,,,200.0,205.8437375,207.03749624999995,205.8437375
2013-10-29 12:30:00-05:00,345.06249374999993,200.0,200.0,207.03749624999995,205.8437375,200.0,200.0,200.0,345.06249374999993,,,200.0,200.0,345.06249374999993,200.0
2013-10-29 13:00:00-05:00,200.0,200.0,200.0,200.0,205.99999791666667,200.0,200.0,200.0,200.0,,,200.0,205.99999791666667,324.401034375,205.99999791666667
2013-10-29 13:30:00-05:00,350.92707499999995,200.0,200.0,210.55624499999996,200.0,200.0,200.0,200.0,350.92707499999995,,,200.0,200.0,210.55624499999996,200.0
2013-10-29 14:00:00-05:00,213.11249249999997,200.0,219.53125,355.1874875,200.0,200.0,200.0,200.0,213.11249249999997,,,200.0,200.0,213.11249249999997,200.0
2013-10-29 14:30:00-05:00,202.20312124999998,200.0,200.0,202.20312124999998,200.0,200.0,200.0,200.0,202.20312124999998,,,200.0,200.0,337.0052020833333,200.0
2013-10-29 15:00:00-05:00,232.54165625000007,200.0,200.0,200.0,200.0,200.0,200.0,200.0,200.0,,,200.0,200.0,200.0,205.8437375
2013-10-29 15:30:00-05:00,204.59374583333337,200.0,200.0,200.0,200.0,200.0,200.0,200.0,204.59374583333337,,,200.0,200.0,200.0,200.0
2013-10-29 16:00:00-05:00,200.0,200.0,200.0,200.0,200.0,200.0,200.0,200.0,200.0,,,200.0,200.0,200.0,200.0
2013-10-29 16:30:00-05:00,200.0,200.0,200.0,200.0,200.0,200.0,200.0,200.0,200.0,,,200.0,200.0,200.0,200.0
2013-10-29 17:00:00-05:00,200.0,200.0,200.0,200.0,200.0,200.0,200.0,200.0,200.0,,,200.0,200.0,200.0,200.0
2013-10-29 17:30:00-05:00,200.0,200.0,200.0,200.0,200.0,200.0,200.0,200.0,200.0,,,200.0,200.0,200.0,200.0
2013-10-29 18:00:00-05:00,200.0,200.0,200.0,200.0,200.0,200.0,200.0,200.0,200.0,,,200.0,200.0,200.0,200.0
2013-10-29 18:30:00-05:00,200.0,200.0,200.0,200.0,200.0,200.0,200.0,200.0,200.0,,,200.0,200.0,200.0,200.0
2013-10-29 19:00:00-05:00,200.0,200.0,200.0,200.0,200.0,200.0,200.0,200.0,200.0,,,200.0,200.0,200.0,200.0
2013-10-29 19:30:00-05:00,200.0,200.0,200.0,200.0,200.0,200.0,200.0,200.0,200.0,,,200.0,200.0,200.0,200.0
2013-10-29 20:00:00-05:00,200.0,200.0,200.0,200.0,200.0,200.0,200.0,200.0,200.0,,,200.0,200.0,200.0,200.0
2013-10-29 20:30:00-05:00,200.0,200.0,200.0,200.0,200.0,200.0,200.0,200.0,200.0,,,200.0,200.0,200.0,200.0
2013-10-29 21:00:00-05:00,200.0,200.0,200.0,200.0,200.0,200.0,200.0,200.0,200.0,,,200.0,200.0,200.0,200.0
2013-10-29 21:30:00-05:00,200.0,200.0,200.0,200.0,200.0,200.0,200.0,200.0,200.0,,,200.0,200.0,200.0,200.0
2013-10-29 22:00:00-05:00,200.0,200.0,200.0,200.0,200.0,200.0,200.0,200.0,200.0,,,200.0,200.0,200.0,200.0
2013-10-29 22:30:00-05:00,200.0,200.0,200.0,200.0,200.0,200.0,200.0,200.0,200.0,,,200.0,200.0,200.0,200.0
2013-10-29 23:00:00-05:00,200.0,200.0,200.0,200.0,200.0,200.0,200.0,200.0,200.0,,,200.0,200.0,200.0,200.0
2013-10-29 23:30:00-05:00,200.0,200.0,200.0,200.0,200.0,200.0,200.0,200.0,200.0,,,200.0,200.0,200.0,200.0
2013-10-30 00:00:00-05:00,200.0,200.0,200.0,200.0,200.0,200.0,200.0,200.0,200.0,,,200.0,200.0,200.0,200.0
2013-10-30 00:30:00-05:00,200.0,200.0,200.0,200.0,200.0,200.0,200.0,200.0,200.0,,,200.0,200.0,200.0,200.0
2013-10-30 01:00:00-05:00,200.0,200.0,200.0,200.0,200.0,200.0,200.0,200.0,200.0,,,200.0,200.0,200.0,200.0
2013-10-30 01:30:00-05:00,200.0,200.0,200.0,200.0,200.0,200.0,200.0,200.0,200.0,,,200.0,200.0,200.0,200.0
2013-10-30 02:00:00-05:00,200.0,200.0,200.0,200.0,200.0,200.0,200.0,200.0,200.0,,,200.0,200.0,200.0,200.0
2013-10-30 02:30:00-05:00,200.0,200.0,200.0,200.0,200.0,200.0,200.0,200.0,200.0,,,200.0,200.0,200.0,200.0
2013-10-30 03:00:00-05:00,200.0,200.0,200.0,200.0,200.0,200.0,200.0,200.0,200.0,,,200.0,200.0,200.0,200.0
2013-10-30 03:30:00-05:00,200.0,200.0,200.0,200.0,200.0,200.0,200.0,200.0,200.0,,,200.0,200.0,200.0,200.0
2013-10-30 04:00:00-05:00,200.0,200.0,200.0,200.0,200.0,200.0,200.0,200.0,200.0,,,200.0,200.0,200.0,200.0
2013-10-30 04:30:00-05:00,200.0,200.0,200.0,200.0,200.0,200.0,200.0,200.0,200.0,,,200.0,200.0,200.0,200.0
2013-10-30 05:00:00-05:00,200.0,200.0,200.0,200.0,200.0,200.0,200.0,200.0,200.0,,,200.0,200.0,200.0,200.0
2013-10-30 05:30:00-05:00,200.0,200.0,200.0,200.0,200.0,200.0,200.0,200.0,200.0,,,200.0,200.0,200.0,200.0
2013-10-30 06:00:00-05:00,200.0,200.0,200.0,200.0,200.0,200.0,200.0,200.0,200.0,,,200.0,200.0,200.0,200.0
2013-10-30 06:30:00-05:00,200.0,200.0,200.0,200.0,200.0,200.0,200.0,200.0,200.0,,,200.0,200.0,200.0,200.0
2013-10-30 07:00:00-05:00,200.0,200.0,200.0,200.0,200.0,200.0,200.0,200.0,200.0,,,200.0,200.0,200.0,200.0
2013-10-30 07:30:00-05:00,200.0,200.0,200.0,200.0,200.0,200.0,200.0,200.0,200.0,,,200.0,200.0,200.0,200.0
2013-10-30 08:00:00-05:00,200.0,200.0,200.0,200.0,200.0,200.0,200.0,200.0,200.0,,,200.0,200.0,200.0,200.0
2013-10-30 08:30:00-05:00,200.0,200.0,200.0,200.0,200.0,200.0,200.0,200.0,200.0,,,200.0,200.0,200.0,200.0
2013-10-30 09:00:00-05:00,200.0,200.0,200.0,200.0,200.0,200.0,200.0,200.0,200.0,,,200.0,200.0,200.0,200.0
2013-10-30 09:30:00-05:00,200.0,200.0,200.0,200.0,200.0,200.0,200.0,200.0,200.0,,,200.0,200.0,200.0,200.0
2013-10-30 10:00:00-05:00,200.0,200.0,200.0,200.0,205.8437375,200.0,200.0,200.0,200.0,,,200.0,205.8437375,200.0,200.0
2013-10-30 10:30:00-05:00,200.0,200.0,200.0,206.42707499999995,200.0,200.0,200.0,200.0,200.0,,,200.0,205.8437375,200.0,200.0
2013-10-30 11:00:00-05:00,204.91666041666662,200.0,200.0,200.0,200.0,200.0,200.0,200.0,200.0,,,200.0,200.0,200.0,205.87498958333333
2013-10-30 11:30:00-05:00,200.0,200.0,200.0,200.0,206.03125000000003,200.0,200.0,200.0,200.0,,,200.0,200.0,200.0,206.03125000000003
2013-10-30 12:00:00-05:00,200.0,200.0,200.0,200.0,200.0,200.0,200.0,200.0,200.0,,,200.0,200.0,200.0,206.03125000000003
2013-10-30 12:30:00-05:00,200.0,200.0,200.0,200.0,206.03125000000003,200.0,200.0,200.0,200.0,,,200.0,200.0,200.0,200.0
2013-10-30 13:00:00-05:00,200.0,200.0,200.0,270.6093791666667,200.0,200.0,200.0,200.0,270.6093791666667,,,200.0,200.0,270.6093791666667,206.03125000000003
2013-10-30 13:30:00-05:00,200.0,200.0,200.0,200.0,200.0,200.0,200.0,200.0,200.0,,,200.0,200.0,200.0,200.0
2013-10-30 14:00:00-05:00,200.0,200.0,200.0,200.0,200.0,200.0,200.0,200.0,285.06250625,,,200.0,200.0,285.06250625,200.0
2013-10-30 14:30:00-05:00,285.06250625,200.0,200.0,200.0,206.03125000000003,200.0,200.0,200.0,200.0,,,200.0,206.03125000000003,200.0,200.0
2013-10-30 15:00:00-05:00,318.1666625,200.0,200.0,200.0,200.0,200.0,200.0,200.0,200.0,,,200.0,205.96874583333337,200.0,205.96874583333337
2013-10-30 15:30:00-05:00,327.03123124999996,200.0,200.0,327.03123124999996,205.8437375,200.0,200.0,200.0,200.0,,,200.0,200.0,200.0,200.0
2013-10-30 16:00:00-05:00,224.43749499999998,200.0,200.0,224.43749499999998,200.0,200.0,200.0,200.0,224.43749499999998,,,200.0,200.0,224.43749499999998,200.0
2013-10-30 16:30:00-05:00,238.6437475,200.0,200.0,238.6437475,200.0,200.0,200.0,200.0,238.6437475,,,200.0,200.0,238.6437475,200.0
2013-10-30 17:00:00-05:00,200.0,200.0,200.0,200.0,200.0,200.0,200.0,200.0,200.0,,,200.0,200.0,200.0,200.0
2013-10-30 17:30:00-05:00,200.0,200.0,200.0,200.0,200.0,200.0,200.0,200.0,200.0,,,200.0,200.0,200.0,200.0
2013-10-30 18:00:00-05:00,200.0,200.0,200.0,200.0,200.0,200.0,200.0,200.0,200.0,,,200.0,200.0,200.0,200.0
2013-10-30 18:30:00-05:00,200.0,200.0,200.0,200.0,200.0,200.0,200.0,200.0,200.0,,,200.0,200.0,200.0,200.0
2013-10-30 19:00:00-05:00,200.0,200.0,200.0,200.0,200.0,200.0,200.0,200.0,200.0,,,200.0,200.0,200.0,200.0
2013-10-30 19:30:00-05:00,200.0,200.0,200.0,200.0,200.0,200.0,200.0,200.0,200.0,,,200.0,200.0,200.0,200.0
2013-10-30 20:00:00-05:00,200.0,200.0,200.0,200.0,200.0,200.0,200.0,200.0,200.0,,,200.0,200.0,200.0,200.0
2013-10-30 20:30:00-05:00,200.0,200.0,200.0,200.0,200.0,200.0,200.0,200.0,200.0,,,200.0,200.0,200.0,200.0
2013-10-30 21:00:00-05:00,200.0,200.0,200.0,200.0,200.0,200.0,200.0,200.0,200.0,,,200.0,200.0,200.0,200.0
2013-10-30 21:30:00-05:00,200.0,200.0,200.0,200.0,200.0,200.0,200.0,200.0,200.0,,,200.0,200.0,200.0,200.0
2013-10-30 22:00:00-05:00,200.0,200.0,200.0,200.0,200.0,200.0,200.0,200.0,200.0,,,200.0,200.0,200.0,200.0
2013-10-30 22:30:00-05:00,200.0,200.0,200.0,200.0,200.0,200.0,200.0,200.0,200.0,,,200.0,200.0,200.0,200.0
2013-10-30 23:00:00-05:00,200.0,200.0,200.0,200.0,200.0,200.0,200.0,200.0,200.0,,,200.0,200.0,200.0,200.0
2013-10-30 23:30:00-05:00,200.0,200.0,200.0,200.0,200.0,200.0,200.0,200.0,200.0,,,200.0,200.0,200.0,200.0
2013-10-31 00:00:00-05:00,200.0,200.0,200.0,200.0,200.0,200.0,200.0,200.0,200.0,,,200.0,200.0,200.0,200.0
2013-10-31 00:30:00-05:00,200.0,200.0,200.0,200.0,200.0,200.0,200.0,200.0,200.0,,,200.0,200.0,200.0,200.0
2013-10-31 01:00:00-05:00,200.0,200.0,200.0,200.0,200.0,200.0,200.0,200.0,200.0,,,200.0,200.0,200.0,200.0
2013-10-31 01:30:00-05:00,200.0,200.0,200.0,200.0,200.0,200.0,200.0,200.0,200.0,,,200.0,200.0,200.0,200.0
2013-10-31 02:00:00-05:00,200.0,200.0,200.0,200.0,200.0,200.0,200.0,200.0,200.0,,,200.0,200.0,200.0,200.0
2013-10-31 02:30:00-05:00,200.0,200.0,200.0,200.0,200.0,200.0,200.0,200.0,200.0,,,200.0,200.0,200.0,200.0
2013-10-31 03:00:00-05:00,200.0,200.0,200.0,200.0,200.0,200.0,200.0,200.0,200.0,,,200.0,200.0,200.0,200.0
2013-10-31 03:30:00-05:00,200.0,200.0,200.0,200.0,200.0,200.0,200.0,200.0,200.0,,,200.0,200.0,200.0,200.0
2013-10-31 04:00:00-05:00,200.0,200.0,200.0,200.0,200.0,200.0,200.0,200.0,200.0,,,200.0,200.0,200.0,200.0
2013-10-31 04:30:00-05:00,200.0,200.0,200.0,200.0,200.0,200.0,200.0,200.0,200.0,,,200.0,200.0,200.0,200.0
2013-10-31 05:00:00-05:00,200.0,200.0,200.0,200.0,200.0,200.0,200.0,200.0,200.0,,,200.0,200.0,200.0,200.0
2013-10-31 05:30:00-05:00,200.0,200.0,200.0,200.0,200.0,200.0,200.0,200.0,200.0,,,200.0,200.0,200.0,200.0
2013-10-31 06:00:00-05:00,200.0,200.0,200.0,200.0,200.0,200.0,200.0,200.0,200.0,,,200.0,200.0,200.0,200.0
2013-10-31 06:30:00-05:00,200.0,200.0,200.0,200.0,200.0,200.0,200.0,200.0,200.0,,,200.0,200.0,200.0,200.0
2013-10-31 07:00:00-05:00,200.0,200.0,200.0,200.0,200.0,200.0,200.0,200.0,200.0,,,200.0,200.0,200.0,200.0
2013-10-31 07:30:00-05:00,200.0,200.0,200.0,200.0,200.0,200.0,200.0,200.0,200.0,,,200.0,200.0,200.0,200.0
2013-10-31 08:00:00-05:00,200.0,200.0,200.0,200.0,200.0,200.0,200.0,200.0,200.0,,,200.0,200.0,200.0,200.0
2013-10-31 08:30:00-05:00,200.0,200.0,200.0,200.0,200.0,200.0,200.0,200.0,200.0,,,200.0,200.0,200.0,200.0
2013-10-31 09:00:00-05:00,200.0,200.0,200.0,200.0,200.0,200.0,200.0,200.0,200.0,,,200.0,200.0,200.0,200.0
2013-10-31 09:30:00-05:00,200.0,200.0,200.0,200.0,200.0,200.0,200.0,200.0,200.0,,,200.0,200.0,200.0,200.0
2013-10-31 10:00:00-05:00,200.0,200.0,200.0,200.0,200.0,200.0,200.0,200.0,200.0,,,200.0,200.0,200.0,229.421878125
2013-10-31 10:30:00-05:00,200.0,200.0,200.0,200.0,200.0,200.0,200.0,200.0,200.0,,,200.0,200.0,200.0,252.81250624999996
2013-10-31 11:00:00-05:00,200.0,200.0,200.0,200.0,252.81250624999996,200.0,200.0,200.0,200.0,,,200.0,200.0,200.0,200.0
2013-10-31 11:30:00-05:00,200.0,200.0,200.0,200.0,200.0,200.0,200.0,200.0,200.0,,,200.0,200.0,200.0,200.0
2013-10-31 12:00:00-05:00,200.0,200.0,200.0,200.0,252.81250624999996,200.0,200.0,200.0,200.0,,,259.79165624999996,252.81250624999996,200.0,252.81250624999996
2013-10-31 12:30:00-05:00,200.0,200.0,200.0,200.0,200.0,200.0,200.0,312.81249375000004,200.0,,,200.0,200.0,200.0,252.81250624999996
2013-10-31 13:00:00-05:00,200.0,200.0,200.0,200.0,200.0,200.0,200.0,312.33332916666666,200.0,,,200.0,200.0,200.0,200.0
2013-10-31 13:30:00-05:00,200.0,200.0,200.0,200.0,252.81250624999996,200.0,200.0,200.0,200.0,,,200.0,200.0,200.0,252.81250624999996
2013-10-31 14:00:00-05:00,200.0,200.0,200.0,200.0,252.81250624999996,200.0,200.0,200.0,200.0,,,200.0,252.81250624999996,200.0,252.81250624999996
2013-10-31 14:30:00-05:00,200.0,200.0,200.0,200.0,200.0,200.0,200.0,200.0,200.0,,,200.0,200.0,200.0,290.9947916666667
2013-10-31 15:00:00-05:00,200.0,200.0,200.0,200.0,200.0,200.0,200.0,312.5624875,200.0,,,200.0,298.34375625,200.0,200.0
2013-10-31 15:30:00-05:00,200.0,275.18749375,200.0,200.0,298.34375625,200.0,200.0,200.0,200.0,,,200.0,298.34375625,200.0,200.0
2013-10-31 16:00:00-05:00,200.0,200.0,200.0,200.0,200.0,200.0,200.0,200.0,200.0,,,200.0,200.0,200.0,200.0
2013-10-31 16:30:00-05:00,200.0,200.0,200.0,200.0,200.0,200.0,200.0,200.0,200.0,,,200.0,200.0,200.0,200.0
2013-10-31 17:00:00-05:00,200.0,200.0,200.0,200.0,200.0,200.0,200.0,200.0,200.0,,,200.0,200.0,200.0,200.0
2013-10-31 17:30:00-05:00,200.0,200.0,200.0,200.0,200.0,200.0,200.0,200.0,200.0,,,200.0,200.0,200.0,200.0
2013-10-31 18:00:00-05:00,200.0,200.0,200.0,200.0,200.0,200.0,200.0,200.0,200.0,,,200.0,200.0,200.0,200.0
2013-10-31 18:30:00-05:00,200.0,200.0,200.0,200.0,200.0,200.0,200.0,200.0,200.0,,,200.0,200.0,200.0,200.0
2013-10-31 19:00:00-05:00,200.0,200.0,200.0,200.0,200.0,200.0,200.0,200.0,200.0,,,200.0,200.0,200.0,200.0
2013-10-31 19:30:00-05:00,200.0,200.0,200.0,200.0,200.0,200.0,200.0,200.0,200.0,,,200.0,200.0,200.0,200.0
2013-10-31 20:00:00-05:00,200.0,200.0,200.0,200.0,200.0,200.0,200.0,200.0,200.0,,,200.0,200.0,200.0,200.0
2013-10-31 20:30:00-05:00,200.0,200.0,200.0,200.0,200.0,200.0,200.0,200.0,200.0,,,200.0,200.0,200.0,200.0
2013-10-31 21:00:00-05:00,200.0,200.0,200.0,200.0,200.0,200.0,200.0,200.0,200.0,,,200.0,200.0,200.0,200.0
2013-10-31 21:30:00-05:00,200.0,200.0,200.0,200.0,200.0,200.0,200.0,200.0,200.0,,,200.0,200.0,200.0,200.0
2013-10-31 22:00:00-05:00,200.0,200.0,200.0,200.0,200.0,200.0,200.0,200.0,200.0,,,200.0,200.0,200.0,200.0
2013-10-31 22:30:00-05:00,200.0,200.0,200.0,200.0,200.0,200.0,200.0,200.0,200.0,,,200.0,200.0,200.0,200.0
2013-10-31 23:00:00-05:00,200.0,200.0,200.0,200.0,200.0,200.0,200.0,200.0,200.0,,,200.0,200.0,200.0,200.0
2013-10-31 23:30:00-05:00,200.0,200.0,200.0,200.0,200.0,200.0,200.0,200.0,200.0,,,200.0,200.0,200.0,200.0
2013-11-01 00:00:00-05:00,200.0,200.0,200.0,200.0,200.0,200.0,200.0,200.0,200.0,,,200.0,200.0,200.0,200.0
2013-11-01 00:30:00-05:00,200.0,200.0,200.0,200.0,200.0,200.0,200.0,200.0,200.0,,,200.0,200.0,200.0,200.0
2013-11-01 01:00:00-05:00,200.0,200.0,200.0,200.0,200.0,200.0,200.0,200.0,200.0,,,200.0,200.0,200.0,200.0
2013-11-01 01:30:00-05:00,200.0,200.0,200.0,200.0,200.0,200.0,200.0,200.0,200.0,,,200.0,200.0,200.0,200.0
2013-11-01 02:00:00-05:00,200.0,200.0,200.0,200.0,200.0,200.0,200.0,200.0,200.0,,,200.0,200.0,200.0,200.0
2013-11-01 02:30:00-05:00,200.0,200.0,200.0,200.0,200.0,200.0,200.0,200.0,200.0,,,200.0,200.0,200.0,200.0
2013-11-01 03:00:00-05:00,200.0,200.0,200.0,200.0,200.0,200.0,200.0,200.0,200.0,,,200.0,200.0,200.0,200.0
2013-11-01 03:30:00-05:00,200.0,200.0,200.0,200.0,200.0,200.0,200.0,200.0,200.0,,,200.0,200.0,200.0,200.0
2013-11-01 04:00:00-05:00,200.0,200.0,200.0,200.0,200.0,200.0,200.0,200.0,200.0,,,200.0,200.0,200.0,200.0
2013-11-01 04:30:00-05:00,200.0,200.0,200.0,200.0,200.0,200.0,200.0,200.0,200.0,,,200.0,200.0,200.0,200.0
2013-11-01 05:00:00-05:00,200.0,200.0,200.0,200.0,200.0,200.0,200.0,200.0,200.0,,,200.0,200.0,200.0,200.0
2013-11-01 05:30:00-05:00,200.0,200.0,200.0,200.0,200.0,200.0,200.0,200.0,200.0,,,200.0,200.0,200.0,200.0
2013-11-01 06:00:00-05:00,200.0,200.0,200.0,200.0,200.0,200.0,200.0,200.0,200.0,,,200.0,200.0,200.0,200.0
2013-11-01 06:30:00-05:00,200.0,200.0,200.0,200.0,200.0,200.0,200.0,200.0,200.0,,,200.0,200.0,200.0,200.0
2013-11-01 07:00:00-05:00,200.0,200.0,200.0,200.0,200.0,200.0,200.0,200.0,200.0,,,200.0,200.0,200.0,200.0
2013-11-01 07:30:00-05:00,200.0,200.0,200.0,200.0,200.0,200.0,200.0,200.0,200.0,,,200.0,200.0,200.0,200.0
2013-11-01 08:00:00-05:00,200.0,200.0,200.0,200.0,200.0,200.0,200.0,200.0,200.0,,,200.0,200.0,200.0,200.0
2013-11-01 08:30:00-05:00,200.0,200.0,200.0,200.0,200.0,200.0,200.0,200.0,200.0,,,200.0,200.0,200.0,200.0
2013-11-01 09:00:00-05:00,200.0,200.0,200.0,200.0,200.0,200.0,200.0,200.0,200.0,,,200.0,200.0,200.0,200.0
2013-11-01 09:30:00-05:00,200.0,200.0,200.0,200.0,200.0,200.0,200.0,200.0,200.0,,,200.0,200.0,200.0,200.0
2013-11-01 10:00:00-05:00,200.0,200.0,200.0,200.0,200.0,200.0,200.0,200.0,200.0,,,200.0,200.0,200.0,200.0
2013-11-01 10:30:00-05:00,200.0,200.0,200.0,200.0,200.0,200.0,200.0,200.0,250.06248958333333,,,286.05207499999995,200.0,250.06248958333333,200.0
2013-11-01 11:00:00-05:00,200.0,200.0,200.0,319.78123125,200.0,200.0,200.0,317.15624375,200.0,,,277.87499374999993,200.0,200.0,200.0
2013-11-01 11:30:00-05:00,319.78123125,200.0,200.0,200.0,200.0,200.0,200.0,200.0,319.78123125,,,200.0,200.0,200.0,200.0
2013-11-01 12:00:00-05:00,200.0,200.0,200.0,200.0,200.0,200.0,200.0,200.0,200.0,,,200.0,200.0,200.0,200.0
2013-11-01 12:30:00-05:00,200.0,200.0,200.0,200.0,200.0,200.0,200.0,200.0,200.0,,,200.0,200.0,200.0,200.0
2013-11-01 13:00:00-05:00,200.0,206.74998749999997,200.0,200.0,200.0,200.0,200.0,316.625,200.0,,,206.74998749999997,200.0,200.0,200.0
2013-11-01 13:30:00-05:00,200.0,206.74998749999997,200.0,200.0,200.0,200.0,200.0,316.625,200.0,,,200.0,200.0,200.0,200.0
2013-11-01 14:00:00-05:00,200.0,200.0,200.0,200.0,200.0,200.0,200.0,200.0,200.0,,,200.0,200.0,200.0,200.0
2013-11-01 14:30:00-05:00,332.1406114583334,200.0,200.0,200.0,200.0,200.0,200.0,200.0,332.1406114583334,,,276.6249875,200.0,200.0,200.0
2013-11-01 15:00:00-05:00,200.0,200.0,200.0,200.0,200.0,200.0,200.0,200.0,200.0,,,200.0,200.0,332.04686458333333,200.0
2013-11-01 15:30:00-05:00,208.89061687499998,224.6458260416667,200.0,208.89061687499998,200.0,200.0,200.0,200.0,208.89061687499998,,,200.0,200.0,208.89061687499998,200.0
2013-11-01 16:00:00-05:00,221.19373875000002,200.0,200.0,221.19373875000002,200.0,200.0,200.0,200.0,221.19373875000002,,,200.0,200.0,221.19373875000002,200.0
2013-11-01 16:30:00-05:00,200.0,200.0,200.0,200.0,200.0,200.0,200.0,200.0,200.0,,,200.0,200.0,200.0,200.0
2013-11-01 17:00:00-05:00,200.0,200.0,200.0,200.0,200.0,200.0,200.0,200.0,200.0,,,200.0,200.0,200.0,200.0
2013-11-01 17:30:00-05:00,200.0,200.0,200.0,200.0,200.0,200.0,200.0,200.0,200.0,,,200.0,200.0,200.0,200.0
2013-11-01 18:00:00-05:00,200.0,200.0,200.0,200.0,200.0,200.0,200.0,200.0,200.0,,,200.0,200.0,200.0,200.0
2013-11-01 18:30:00-05:00,200.0,200.0,200.0,200.0,200.0,200.0,200.0,200.0,200.0,,,200.0,200.0,200.0,200.0
2013-11-01 19:00:00-05:00,200.0,200.0,200.0,200.0,200.0,200.0,200.0,200.0,200.0,,,200.0,200.0,200.0,200.0
2013-11-01 19:30:00-05:00,200.0,200.0,200.0,200.0,200.0,200.0,200.0,200.0,200.0,,,200.0,200.0,200.0,200.0
2013-11-01 20:00:00-05:00,200.0,200.0,200.0,200.0,200.0,200.0,200.0,200.0,200.0,,,200.0,200.0,200.0,200.0
2013-11-01 20:30:00-05:00,200.0,200.0,200.0,200.0,200.0,200.0,200.0,200.0,200.0,,,200.0,200.0,200.0,200.0
2013-11-01 21:00:00-05:00,200.0,200.0,200.0,200.0,200.0,200.0,200.0,200.0,200.0,,,200.0,200.0,200.0,200.0
2013-11-01 21:30:00-05:00,200.0,200.0,200.0,200.0,200.0,200.0,200.0,200.0,200.0,,,200.0,200.0,200.0,200.0
2013-11-01 22:00:00-05:00,200.0,200.0,200.0,200.0,200.0,200.0,200.0,200.0,200.0,,,200.0,200.0,200.0,200.0
2013-11-01 22:30:00-05:00,200.0,200.0,200.0,200.0,200.0,200.0,200.0,200.0,200.0,,,200.0,200.0,200.0,200.0
2013-11-01 23:00:00-05:00,200.0,200.0,200.0,200.0,200.0,200.0,200.0,200.0,200.0,,,200.0,200.0,200.0,200.0
2013-11-01 23:30:00-05:00,200.0,200.0,200.0,200.0,200.0,200.0,200.0,200.0,200.0,,,200.0,200.0,200.0,200.0
2013-11-02 00:00:00-05:00,200.0,200.0,200.0,200.0,200.0,200.0,200.0,200.0,200.0,,,200.0,200.0,200.0,200.0
2013-11-02 00:30:00-05:00,200.0,200.0,200.0,200.0,200.0,200.0,200.0,200.0,200.0,,,200.0,200.0,200.0,200.0
2013-11-02 01:00:00-05:00,200.0,200.0,200.0,200.0,200.0,200.0,200.0,200.0,200.0,,,200.0,200.0,200.0,200.0
2013-11-02 01:30:00-05:00,200.0,200.0,200.0,200.0,200.0,200.0,200.0,200.0,200.0,,,200.0,200.0,200.0,200.0
2013-11-02 02:00:00-05:00,200.0,200.0,200.0,200.0,200.0,200.0,200.0,200.0,200.0,,,200.0,200.0,200.0,200.0
2013-11-02 02:30:00-05:00,200.0,200.0,200.0,200.0,200.0,200.0,200.0,200.0,200.0,,,200.0,200.0,200.0,200.0
2013-11-02 03:00:00-05:00,200.0,200.0,200.0,200.0,200.0,200.0,200.0,200.0,200.0,,,200.0,200.0,200.0,200.0
2013-11-02 03:30:00-05:00,200.0,200.0,200.0,200.0,200.0,200.0,200.0,200.0,200.0,,,200.0,200.0,200.0,200.0
2013-11-02 04:00:00-05:00,200.0,200.0,200.0,200.0,200.0,200.0,200.0,200.0,200.0,,,200.0,200.0,200.0,200.0
2013-11-02 04:30:00-05:00,200.0,200.0,200.0,200.0,200.0,200.0,200.0,200.0,200.0,,,200.0,200.0,200.0,200.0
2013-11-02 05:00:00-05:00,200.0,200.0,200.0,200.0,200.0,200.0,200.0,200.0,200.0,,,200.0,200.0,200.0,200.0
2013-11-02 05:30:00-05:00,200.0,200.0,200.0,200.0,200.0,200.0,200.0,200.0,200.0,,,200.0,200.0,200.0,200.0
2013-11-02 06:00:00-05:00,200.0,200.0,200.0,200.0,200.0,200.0,200.0,200.0,200.0,,,200.0,200.0,200.0,200.0
2013-11-02 06:30:00-05:00,200.0,200.0,200.0,200.0,200.0,200.0,200.0,200.0,200.0,,,200.0,200.0,200.0,200.0
2013-11-02 07:00:00-05:00,200.0,200.0,200.0,200.0,200.0,200.0,200.0,200.0,200.0,,,200.0,200.0,200.0,200.0
2013-11-02 07:30:00-05:00,200.0,200.0,200.0,200.0,200.0,200.0,200.0,200.0,200.0,,,200.0,200.0,200.0,200.0
2013-11-02 08:00:00-05:00,200.0,200.0,200.0,200.0,200.0,200.0,200.0,200.0,200.0,,,200.0,200.0,200.0,200.0
2013-11-02 08:30:00-05:00,200.0,200.0,200.0,200.0,200.0,200.0,200.0,200.0,200.0,,,200.0,200.0,200.0,200.0
2013-11-02 09:00:00-05:00,200.0,200.0,200.0,200.0,200.0,200.0,200.0,200.0,200.0,,,200.0,200.0,200.0,200.0
2013-11-02 09:30:00-05:00,200.0,200.0,200.0,200.0,200.0,200.0,200.0,200.0,200.0,,,200.0,200.0,200.0,200.0
2013-11-02 10:00:00-05:00,200.0,200.0,200.0,200.0,200.0,200.0,200.0,200.0,200.0,,,200.0,200.0,200.0,200.0
2013-11-02 10:30:00-05:00,200.0,200.0,200.0,200.0,200.0,200.0,200.0,200.0,200.0,,,200.0,200.0,200.0,200.0
2013-11-02 11:00:00-05:00,200.0,200.0,200.0,200.0,200.0,200.0,200.0,200.0,200.0,,,200.0,200.0,200.0,200.0
2013-11-02 11:30:00-05:00,200.0,200.0,200.0,200.0,200.0,200.0,200.0,200.0,200.0,,,200.0,200.0,200.0,200.0
2013-11-02 12:00:00-05:00,200.0,200.0,200.0,200.0,200.0,200.0,200.0,200.0,200.0,,,200.0,200.0,200.0,200.0
2013-11-02 12:30:00-05:00,200.0,200.0,200.0,200.0,200.0,200.0,200.0,316.625,200.0,,,200.0,200.0,200.0,200.0
2013-11-02 13:00:00-05:00,200.0,200.0,200.0,200.0,200.0,200.0,200.0,316.625,200.0,,,200.0,200.0,200.0,200.0
2013-11-02 13:30:00-05:00,200.0,200.0,200.0,200.0,200.0,200.0,200.0,200.0,200.0,,,200.0,200.0,200.0,200.0
2013-11-02 14:00:00-05:00,200.0,200.0,200.0,200.0,200.0,200.0,200.0,200.0,200.0,,,200.0,200.0,200.0,200.0
2013-11-02 14:30:00-05:00,200.0,200.0,200.0,200.0,200.0,200.0,200.0,200.0,200.0,,,200.0,200.0,200.0,200.0
2013-11-02 15:00:00-05:00,200.0,200.0,200.0,200.0,200.0,200.0,200.0,316.625,200.0,,,200.0,200.0,200.0,200.0
2013-11-02 15:30:00-05:00,200.0,200.0,200.0,200.0,200.0,200.0,200.0,200.0,200.0,,,200.0,200.0,200.0,200.0
2013-11-02 16:00:00-05:00,200.0,200.0,200.0,200.0,200.0,200.0,200.0,200.0,200.0,,,200.0,200.0,200.0,200.0
2013-11-02 16:30:00-05:00,200.0,200.0,200.0,200.0,200.0,200.0,200.0,200.0,200.0,,,200.0,200.0,200.0,200.0
2013-11-02 17:00:00-05:00,200.0,200.0,200.0,200.0,200.0,200.0,200.0,200.0,200.0,,,200.0,200.0,200.0,200.0
2013-11-02 17:30:00-05:00,200.0,200.0,200.0,200.0,200.0,200.0,200.0,200.0,200.0,,,200.0,200.0,200.0,200.0
2013-11-02 18:00:00-05:00,200.0,200.0,200.0,200.0,200.0,200.0,200.0,200.0,200.0,,,200.0,200.0,200.0,200.0
2013-11-02 18:30:00-05:00,200.0,200.0,200.0,200.0,200.0,200.0,200.0,200.0,200.0,,,200.0,200.0,200.0,200.0
2013-11-02 19:00:00-05:00,200.0,200.0,200.0,200.0,200.0,200.0,200.0,200.0,200.0,,,200.0,200.0,200.0,200.0
2013-11-02 19:30:00-05:00,200.0,200.0,200.0,200.0,200.0,200.0,200.0,200.0,200.0,,,200.0,200.0,200.0,200.0
2013-11-02 20:00:00-05:00,200.0,200.0,200.0,200.0,200.0,200.0,200.0,200.0,200.0,,,200.0,200.0,200.0,200.0
2013-11-02 20:30:00-05:00,200.0,200.0,200.0,200.0,200.0,200.0,200.0,200.0,200.0,,,200.0,200.0,200.0,200.0
2013-11-02 21:00:00-05:00,200.0,200.0,200.0,200.0,200.0,200.0,200.0,200.0,200.0,,,200.0,200.0,200.0,200.0
2013-11-02 21:30:00-05:00,200.0,200.0,200.0,200.0,200.0,200.0,200.0,200.0,200.0,,,200.0,200.0,200.0,200.0
2013-11-02 22:00:00-05:00,200.0,200.0,200.0,200.0,200.0,200.0,200.0,200.0,200.0,,,200.0,200.0,200.0,200.0
2013-11-02 22:30:00-05:00,200.0,200.0,200.0,200.0,200.0,200.0,200.0,200.0,200.0,,,200.0,200.0,200.0,200.0
2013-11-02 23:00:00-05:00,200.0,200.0,200.0,200.0,200.0,200.0,200.0,200.0,200.0,,,200.0,200.0,200.0,200.0
2013-11-02 23:30:00-05:00,200.0,200.0,200.0,200.0,200.0,200.0,200.0,200.0,200.0,,,200.0,200.0,200.0,200.0
2013-11-03 00:00:00-05:00,200.0,200.0,200.0,200.0,200.0,200.0,200.0,200.0,200.0,,,200.0,200.0,200.0,200.0
2013-11-03 00:30:00-05:00,200.0,200.0,200.0,200.0,200.0,200.0,200.0,200.0,200.0,,,200.0,200.0,200.0,200.0
2013-11-03 01:00:00-05:00,200.0,200.0,200.0,200.0,200.0,200.0,200.0,200.0,200.0,,,200.0,200.0,200.0,200.0
2013-11-03 01:30:00-05:00,200.0,200.0,200.0,200.0,200.0,200.0,200.0,200.0,200.0,,,200.0,200.0,200.0,200.0
2013-11-03 02:00:00-05:00,200.0,200.0,200.0,200.0,200.0,200.0,200.0,200.0,200.0,,,200.0,200.0,200.0,200.0
2013-11-03 02:30:00-05:00,200.0,200.0,200.0,200.0,200.0,200.0,200.0,200.0,200.0,,,200.0,200.0,200.0,200.0
2013-11-03 03:00:00-05:00,200.0,200.0,200.0,200.0,200.0,200.0,200.0,200.0,200.0,,,200.0,200.0,200.0,200.0
2013-11-03 03:30:00-05:00,200.0,200.0,200.0,200.0,200.0,200.0,200.0,200.0,200.0,,,200.0,200.0,200.0,200.0
2013-11-03 04:00:00-05:00,200.0,200.0,200.0,200.0,200.0,200.0,200.0,200.0,200.0,,,200.0,200.0,200.0,200.0
2013-11-03 04:30:00-05:00,200.0,200.0,200.0,200.0,200.0,200.0,200.0,200.0,200.0,,,200.0,200.0,200.0,200.0
2013-11-03 05:00:00-05:00,200.0,200.0,200.0,200.0,200.0,200.0,200.0,200.0,200.0,,,200.0,200.0,200.0,200.0
2013-11-03 05:30:00-05:00,200.0,200.0,200.0,200.0,200.0,200.0,200.0,200.0,200.0,,,200.0,200.0,200.0,200.0
2013-11-03 06:00:00-05:00,200.0,200.0,200.0,200.0,200.0,200.0,200.0,200.0,200.0,,,200.0,200.0,200.0,200.0
2013-11-03 06:30:00-05:00,200.0,200.0,200.0,200.0,200.0,200.0,200.0,200.0,200.0,,,200.0,200.0,200.0,200.0
2013-11-03 07:00:00-05:00,200.0,200.0,200.0,200.0,200.0,200.0,200.0,200.0,200.0,,,200.0,200.0,200.0,200.0
2013-11-03 07:30:00-05:00,200.0,200.0,200.0,200.0,200.0,200.0,200.0,200.0,200.0,,,200.0,200.0,200.0,200.0
2013-11-03 08:00:00-05:00,200.0,200.0,200.0,200.0,200.0,200.0,200.0,200.0,200.0,,,200.0,200.0,200.0,200.0
2013-11-03 08:30:00-05:00,200.0,200.0,200.0,200.0,200.0,200.0,200.0,200.0,200.0,,,200.0,200.0,200.0,200.0
2013-11-03 09:00:00-05:00,200.0,200.0,200.0,200.0,200.0,200.0,200.0,200.0,200.0,,,200.0,200.0,200.0,200.0
2013-11-03 09:30:00-05:00,200.0,200.0,200.0,200.0,200.0,200.0,200.0,200.0,200.0,,,200.0,200.0,200.0,200.0
2013-11-03 10:00:00-05:00,200.0,200.0,200.0,200.0,200.0,200.0,200.0,200.0,200.0,,,200.0,200.0,200.0,200.0
2013-11-03 10:30:00-05:00,200.0,200.0,200.0,200.0,200.0,200.0,200.0,316.625,200.0,,,200.0,200.0,200.0,200.0
2013-11-03 11:00:00-05:00,200.0,200.0,200.0,200.0,200.0,200.0,200.0,200.0,200.0,,,200.0,200.0,200.0,200.0
2013-11-03 11:30:00-05:00,200.0,200.0,200.0,200.0,200.0,200.0,200.0,200.0,200.0,,,200.0,200.0,200.0,200.0
2013-11-03 12:00:00-05:00,200.0,200.0,200.0,200.0,200.0,200.0,200.0,316.625,200.0,,,200.0,200.0,200.0,200.0
2013-11-03 12:30:00-05:00,200.0,200.0,200.0,200.0,200.0,200.0,200.0,200.0,200.0,,,200.0,200.0,200.0,200.0
2013-11-03 13:00:00-05:00,200.0,200.0,200.0,200.0,200.0,200.0,200.0,316.625,200.0,,,200.0,200.0,200.0,200.0
2013-11-03 13:30:00-05:00,200.0,200.0,200.0,200.0,200.0,200.0,200.0,316.625,200.0,,,200.0,200.0,200.0,200.0
2013-11-03 14:00:00-05:00,200.0,200.0,200.0,200.0,200.0,200.0,200.0,200.0,200.0,,,200.0,200.0,200.0,200.0
2013-11-03 14:30:00-05:00,200.0,200.0,200.0,200.0,200.0,200.0,200.0,316.625,200.0,,,200.0,200.0,200.0,200.0
2013-11-03 15:00:00-05:00,200.0,200.0,200.0,200.0,200.0,200.0,200.0,316.625,200.0,,,200.0,200.0,200.0,200.0
2013-11-03 15:30:00-05:00,200.0,200.0,200.0,200.0,200.0,200.0,200.0,316.625,200.0,,,200.0,200.0,200.0,200.0
2013-11-03 16:00:00-05:00,200.0,200.0,200.0,200.0,200.0,200.0,200.0,200.0,200.0,,,200.0,200.0,200.0,200.0
2013-11-03 16:30:00-05:00,200.0,200.0,200.0,200.0,200.0,200.0,200.0,200.0,200.0,,,200.0,200.0,200.0,200.0
2013-11-03 17:00:00-05:00,200.0,200.0,200.0,200.0,200.0,200.0,200.0,200.0,200.0,,,200.0,200.0,200.0,200.0
2013-11-03 17:30:00-05:00,200.0,200.0,200.0,200.0,200.0,200.0,200.0,200.0,200.0,,,200.0,200.0,200.0,200.0
2013-11-03 18:00:00-05:00,200.0,200.0,200.0,200.0,200.0,200.0,200.0,200.0,200.0,,,200.0,200.0,200.0,200.0
2013-11-03 18:30:00-05:00,200.0,200.0,200.0,200.0,200.0,200.0,200.0,200.0,200.0,,,200.0,200.0,200.0,200.0
2013-11-03 19:00:00-05:00,200.0,200.0,200.0,200.0,200.0,200.0,200.0,200.0,200.0,,,200.0,200.0,200.0,200.0
2013-11-03 19:30:00-05:00,200.0,200.0,200.0,200.0,200.0,200.0,200.0,200.0,200.0,,,200.0,200.0,200.0,200.0
2013-11-03 20:00:00-05:00,200.0,200.0,200.0,200.0,200.0,200.0,200.0,200.0,200.0,,,200.0,200.0,200.0,200.0
2013-11-03 20:30:00-05:00,200.0,200.0,200.0,200.0,200.0,200.0,200.0,200.0,200.0,,,200.0,200.0,200.0,200.0
2013-11-03 21:00:00-05:00,200.0,200.0,200.0,200.0,200.0,200.0,200.0,200.0,200.0,,,200.0,200.0,200.0,200.0
2013-11-03 21:30:00-05:00,200.0,200.0,200.0,200.0,200.0,200.0,200.0,200.0,200.0,,,200.0,200.0,200.0,200.0
2013-11-03 22:00:00-05:00,200.0,200.0,200.0,200.0,200.0,200.0,200.0,200.0,200.0,,,200.0,200.0,200.0,200.0
2013-11-03 22:30:00-05:00,200.0,200.0,200.0,200.0,200.0,200.0,200.0,200.0,200.0,,,200.0,200.0,200.0,200.0
2013-11-03 23:00:00-05:00,200.0,200.0,200.0,200.0,200.0,200.0,200.0,200.0,200.0,,,200.0,200.0,200.0,200.0
2013-11-03 23:30:00-05:00,200.0,200.0,200.0,200.0,200.0,200.0,200.0,200.0,200.0,,,200.0,200.0,200.0,200.0
2013-11-04 00:00:00-05:00,200.0,200.0,200.0,200.0,200.0,200.0,200.0,200.0,200.0,,,200.0,200.0,200.0,200.0
2013-11-04 00:30:00-05:00,200.0,200.0,200.0,200.0,200.0,200.0,200.0,200.0,200.0,,,200.0,200.0,200.0,200.0
2013-11-04 01:00:00-05:00,200.0,200.0,200.0,200.0,200.0,200.0,200.0,200.0,200.0,,,200.0,200.0,200.0,200.0
2013-11-04 01:30:00-05:00,200.0,200.0,200.0,200.0,200.0,200.0,200.0,200.0,200.0,,,200.0,200.0,200.0,200.0
2013-11-04 02:00:00-05:00,200.0,200.0,200.0,200.0,200.0,200.0,200.0,200.0,200.0,,,200.0,200.0,200.0,200.0
2013-11-04 02:30:00-05:00,200.0,200.0,200.0,200.0,200.0,200.0,200.0,200.0,200.0,,,200.0,200.0,200.0,200.0
2013-11-04 03:00:00-05:00,200.0,200.0,200.0,200.0,200.0,200.0,200.0,200.0,200.0,,,200.0,200.0,200.0,200.0
2013-11-04 03:30:00-05:00,200.0,200.0,200.0,200.0,200.0,200.0,200.0,200.0,200.0,,,200.0,200.0,200.0,200.0
2013-11-04 04:00:00-05:00,200.0,200.0,200.0,200.0,200.0,200.0,200.0,200.0,200.0,,,200.0,200.0,200.0,200.0
2013-11-04 04:30:00-05:00,200.0,200.0,200.0,200.0,200.0,200.0,200.0,200.0,200.0,,,200.0,200.0,200.0,200.0
2013-11-04 05:00:00-05:00,200.0,200.0,200.0,200.0,200.0,200.0,200.0,200.0,200.0,,,200.0,200.0,200.0,200.0
2013-11-04 05:30:00-05:00,200.0,200.0,200.0,200.0,200.0,200.0,200.0,200.0,200.0,,,200.0,200.0,200.0,200.0
2013-11-04 06:00:00-05:00,200.0,200.0,200.0,200.0,200.0,200.0,200.0,200.0,200.0,,,200.0,200.0,200.0,200.0
2013-11-04 06:30:00-05:00,200.0,200.0,200.0,200.0,200.0,200.0,200.0,200.0,200.0,,,200.0,200.0,200.0,200.0
2013-11-04 07:00:00-05:00,200.0,200.0,200.0,200.0,200.0,200.0,200.0,200.0,200.0,,,200.0,200.0,200.0,200.0
2013-11-04 07:30:00-05:00,200.0,200.0,200.0,200.0,200.0,200.0,200.0,200.0,200.0,,,200.0,200.0,200.0,200.0
2013-11-04 08:00:00-05:00,200.0,200.0,200.0,200.0,200.0,200.0,200.0,200.0,200.0,,,200.0,200.0,200.0,200.0
2013-11-04 08:30:00-05:00,200.0,200.0,200.0,200.0,200.0,200.0,200.0,200.0,200.0,,,200.0,200.0,200.0,200.0
2013-11-04 09:00:00-05:00,200.0,200.0,200.0,200.0,200.0,200.0,200.0,200.0,200.0,,,200.0,200.0,200.0,200.0
2013-11-04 09:30:00-05:00,200.0,200.0,200.0,200.0,200.0,200.0,200.0,200.0,200.0,,,200.0,200.0,200.0,200.0
2013-11-04 10:00:00-05:00,201.31249875000003,212.708325,200.0,201.31249875000003,200.0,200.0,200.0,200.0,201.31249875000003,,,200.0,200.0,201.31249875000003,200.0
2013-11-04 10:30:00-05:00,348.21875000000006,224.5937375,200.0,208.93125000000003,200.0,200.0,200.0,200.0,208.93125000000003,,,200.0,200.0,348.21875000000006,200.0
2013-11-04 11:00:00-05:00,227.85936937500003,200.0,200.0,227.85936937500003,200.0,200.0,200.0,200.0,379.765615625,,,200.0,200.0,227.85936937500003,200.0
2013-11-04 11:30:00-05:00,359.1458229166667,200.0,200.0,359.1458229166667,271.97916562499995,200.0,200.0,200.0,359.1458229166667,,,261.2031166666667,200.0,215.48749375000003,200.0
2013-11-04 12:00:00-05:00,368.99477916666666,200.0,200.0,368.99477916666666,200.0,200.0,200.0,200.0,221.39686749999998,,,200.0,200.0,221.39686749999998,200.0
2013-11-04 12:30:00-05:00,371.3749875,200.0,200.0,222.8249925,200.0,200.0,200.0,200.0,222.8249925,,,252.7447770833333,200.0,222.8249925,200.0
2013-11-04 13:00:00-05:00,222.8249925,200.0,200.0,371.3749875,200.0,200.0,200.0,200.0,222.8249925,,,217.72917291666664,297.875,222.8249925,200.0
2013-11-04 13:30:00-05:00,371.44790416666666,200.0,200.0,371.44790416666666,200.0,200.0,200.0,200.0,222.86874250000002,,,220.78125624999996,297.875,371.44790416666666,200.0
2013-11-04 14:00:00-05:00,222.95624249999997,220.84375416666666,200.0,222.95624249999997,297.875,200.0,201.33436875,200.0,371.5937375,,,200.0,200.0,371.5937375,200.0
2013-11-04 14:30:00-05:00,222.768745,200.0,200.0,222.768745,200.0,200.0,335.1979083333333,200.0,371.28124166666663,,,200.0,200.0,222.768745,200.0
2013-11-04 15:00:00-05:00,222.88436875000002,200.0,200.0,222.88436875000002,217.625,200.0,200.83125,200.0,222.88436875000002,,,200.0,200.0,222.88436875000002,217.625
2013-11-04 15:30:00-05:00,222.8249925,220.78125624999996,200.0,222.8249925,217.87500625,200.0,200.83125,200.0,222.8249925,,,200.0,200.0,222.8249925,200.0
2013-11-04 16:00:00-05:00,200.0,200.0,200.0,200.0,200.0,200.0,200.83125,200.0,200.0,,,200.0,200.0,200.0,200.0
2013-11-04 16:30:00-05:00,200.0,200.0,200.0,200.0,200.0,200.0,200.83125,200.0,200.0,,,200.0,200.0,200.0,200.0
2013-11-04 17:00:00-05:00,200.0,200.0,200.0,200.0,200.0,200.0,200.83125,200.0,200.0,,,200.0,200.0,200.0,200.0
2013-11-04 17:30:00-05:00,200.0,200.0,200.0,200.0,200.0,200.0,200.83125,200.0,200.0,,,200.0,200.0,200.0,200.0
2013-11-04 18:00:00-05:00,200.0,200.0,200.0,200.0,200.0,200.0,200.83125,200.0,200.0,,,200.0,200.0,200.0,200.0
2013-11-04 18:30:00-05:00,200.0,200.0,200.0,200.0,200.0,200.0,200.83125,200.0,200.0,,,200.0,200.0,200.0,200.0
2013-11-04 19:00:00-05:00,200.0,200.0,200.0,200.0,200.0,200.0,200.83125,200.0,200.0,,,200.0,200.0,200.0,200.0
2013-11-04 19:30:00-05:00,200.0,200.0,200.0,200.0,200.0,200.0,200.83125,200.0,200.0,,,200.0,200.0,200.0,200.0
2013-11-04 20:00:00-05:00,200.0,200.0,200.0,200.0,200.0,200.0,200.83125,200.0,200.0,,,200.0,200.0,200.0,200.0
2013-11-04 20:30:00-05:00,200.0,200.0,200.0,200.0,200.0,200.0,200.83125,200.0,200.0,,,200.0,200.0,200.0,200.0
2013-11-04 21:00:00-05:00,200.0,200.0,200.0,200.0,200.0,200.0,200.83125,200.0,200.0,,,200.0,200.0,200.0,200.0
2013-11-04 21:30:00-05:00,200.0,200.0,200.0,200.0,200.0,200.0,200.83125,200.0,200.0,,,200.0,200.0,200.0,200.0
2013-11-04 22:00:00-05:00,200.0,200.0,200.0,200.0,200.0,200.0,200.83125,200.0,200.0,,,200.0,200.0,200.0,200.0
2013-11-04 22:30:00-05:00,200.0,200.0,200.0,200.0,200.0,200.0,200.83125,200.0,200.0,,,200.0,200.0,200.0,200.0
2013-11-04 23:00:00-05:00,200.0,200.0,200.0,200.0,200.0,200.0,200.83125,200.0,200.0,,,200.0,200.0,200.0,200.0
2013-11-04 23:30:00-05:00,200.0,200.0,200.0,200.0,200.0,200.0,200.83125,200.0,200.0,,,200.0,200.0,200.0,200.0
2013-11-05 00:00:00-05:00,200.0,200.0,200.0,200.0,200.0,200.0,200.83125,200.0,200.0,,,200.0,200.0,200.0,200.0
2013-11-05 00:30:00-05:00,200.0,200.0,200.0,200.0,200.0,200.0,200.83125,200.0,200.0,,,200.0,200.0,200.0,200.0
2013-11-05 01:00:00-05:00,200.0,200.0,200.0,200.0,200.0,200.0,200.83125,200.0,200.0,,,200.0,200.0,200.0,200.0
2013-11-05 01:30:00-05:00,200.0,200.0,200.0,200.0,200.0,200.0,200.83125,200.0,200.0,,,200.0,200.0,200.0,200.0
2013-11-05 02:00:00-05:00,200.0,200.0,200.0,200.0,200.0,200.0,200.83125,200.0,200.0,,,200.0,200.0,200.0,200.0
2013-11-05 02:30:00-05:00,200.0,200.0,200.0,200.0,200.0,200.0,200.83125,200.0,200.0,,,200.0,200.0,200.0,200.0
2013-11-05 03:00:00-05:00,200.0,200.0,200.0,200.0,200.0,200.0,200.83125,200.0,200.0,,,200.0,200.0,200.0,200.0
2013-11-05 03:30:00-05:00,200.0,200.0,200.0,200.0,200.0,200.0,200.83125,200.0,200.0,,,200.0,200.0,200.0,200.0
2013-11-05 04:00:00-05:00,200.0,200.0,200.0,200.0,200.0,200.0,200.83125,200.0,200.0,,,200.0,200.0,200.0,200.0
2013-11-05 04:30:00-05:00,200.0,200.0,200.0,200.0,200.0,200.0,200.83125,200.0,200.0,,,200.0,200.0,200.0,200.0
2013-11-05 05:00:00-05:00,200.0,200.0,200.0,200.0,200.0,200.0,200.83125,200.0,200.0,,,200.0,200.0,200.0,200.0
2013-11-05 05:30:00-05:00,200.0,200.0,200.0,200.0,200.0,200.0,200.83125,200.0,200.0,,,200.0,200.0,200.0,200.0
2013-11-05 06:00:00-05:00,200.0,200.0,200.0,200.0,200.0,200.0,200.83125,200.0,200.0,,,200.0,200.0,200.0,200.0
2013-11-05 06:30:00-05:00,200.0,200.0,200.0,200.0,200.0,200.0,200.83125,200.0,200.0,,,200.0,200.0,200.0,200.0
2013-11-05 07:00:00-05:00,200.0,200.0,200.0,200.0,200.0,200.0,200.83125,200.0,200.0,,,200.0,200.0,200.0,200.0
2013-11-05 07:30:00-05:00,200.0,200.0,200.0,200.0,200.0,200.0,200.83125,200.0,200.0,,,200.0,200.0,200.0,200.0
2013-11-05 08:00:00-05:00,200.0,200.0,200.0,200.0,200.0,200.0,200.83125,200.0,200.0,,,200.0,200.0,200.0,200.0
2013-11-05 08:30:00-05:00,200.0,200.0,200.0,200.0,200.0,200.0,200.83125,200.0,200.0,,,200.0,200.0,200.0,200.0
2013-11-05 09:00:00-05:00,200.0,200.0,200.0,200.0,200.0,200.0,200.83125,200.0,200.0,,,200.0,200.0,200.0,200.0
2013-11-05 09:30:00-05:00,200.0,200.0,200.0,200.0,200.0,200.0,200.83125,200.0,200.0,,,200.0,200.0,200.0,200.0
2013-11-05 10:00:00-05:00,200.0,200.0,200.0,200.0,200.0,200.0,200.83125,200.0,200.0,,,212.3437375,200.0,200.0,217.87500625
2013-11-05 10:30:00-05:00,200.0,200.0,200.0,200.0,200.0,200.0,200.83125,200.0,200.0,,,212.3437375,200.0,200.0,200.0
2013-11-05 11:00:00-05:00,200.0,212.3437375,200.0,307.03125,217.87500625,200.0,334.71875,200.0,200.0,,,212.3437375,200.0,200.0,200.0
2013-11-05 11:30:00-05:00,307.03125,200.0,200.0,307.03125,200.0,200.0,334.71875,200.0,307.03125,,,212.3437375,200.0,307.03125,217.87500625
2013-11-05 12:00:00-05:00,307.03125,200.0,200.0,200.0,200.0,200.0,200.83125,200.0,200.0,,,200.0,200.0,307.03125,217.87500625
2013-11-05 12:30:00-05:00,200.0,200.0,200.0,200.0,297.70833541666667,200.0,200.83125,200.0,200.20312395833332,,,200.0,200.0,200.0,200.0
2013-11-05 13:00:00-05:00,200.0,200.0,200.0,200.0,202.57500000000002,200.0,200.83125,200.0,200.0,,,200.0,202.57500000000002,200.0,337.625
2013-11-05 13:30:00-05:00,200.0,200.0,200.0,200.0,202.57500000000002,200.0,334.71875,200.0,200.0,,,200.0,202.57500000000002,200.0,202.57500000000002
2013-11-05 14:00:00-05:00,200.0,200.0,288.60416458333333,200.0,337.625,200.0,334.71875,200.0,264.98436875,,,200.0,337.625,200.0,202.57500000000002
2013-11-05 14:30:00-05:00,200.0,200.0,200.0,265.31250624999996,202.57500000000002,200.0,200.83125,200.0,200.0,,,200.0,202.57500000000002,200.0,202.57500000000002
2013-11-05 15:00:00-05:00,200.0,200.0,200.0,319.7916604166666,202.57500000000002,200.0,334.71875,200.0,200.0,,,200.0,202.57500000000002,319.7916604166666,202.57500000000002
2013-11-05 15:30:00-05:00,204.962493125,200.0,200.0,204.962493125,239.333325,200.0,336.72916666666663,200.0,204.962493125,,,200.0,200.0,204.962493125,239.333325
2013-11-05 16:00:00-05:00,200.0,200.0,200.0,200.0,200.0,200.0,207.949995,200.0,200.0,,,200.0,200.0,200.0,200.0
2013-11-05 16:30:00-05:00,200.0,200.0,200.0,200.0,200.0,200.0,210.50624249999998,200.0,200.0,,,200.0,200.0,200.0,200.0
2013-11-05 17:00:00-05:00,200.0,200.0,200.0,200.0,200.0,200.0,200.0,200.0,200.0,,,200.0,200.0,200.0,200.0
2013-11-05 17:30:00-05:00,200.0,200.0,200.0,200.0,200.0,200.0,200.0,200.0,200.0,,,200.0,200.0,200.0,200.0
2013-11-05 18:00:00-05:00,200.0,200.0,200.0,200.0,200.0,200.0,200.0,200.0,200.0,,,200.0,200.0,200.0,200.0
2013-11-05 18:30:00-05:00,200.0,200.0,200.0,200.0,200.0,200.0,200.0,200.0,200.0,,,200.0,200.0,200.0,200.0
2013-11-05 19:00:00-05:00,200.0,200.0,200.0,200.0,200.0,200.0,200.0,200.0,200.0,,,200.0,200.0,200.0,200.0
2013-11-05 19:30:00-05:00,200.0,200.0,200.0,200.0,200.0,200.0,200.0,200.0,200.0,,,200.0,200.0,200.0,200.0
2013-11-05 20:00:00-05:00,200.0,200.0,200.0,200.0,200.0,200.0,200.0,200.0,200.0,,,200.0,200.0,200.0,200.0
2013-11-05 20:30:00-05:00,200.0,200.0,200.0,200.0,200.0,200.0,200.0,200.0,200.0,,,200.0,200.0,200.0,200.0
2013-11-05 21:00:00-05:00,200.0,200.0,200.0,200.0,200.0,200.0,200.0,200.0,200.0,,,200.0,200.0,200.0,200.0
2013-11-05 21:30:00-05:00,200.0,200.0,200.0,200.0,200.0,200.0,200.0,200.0,200.0,,,200.0,200.0,200.0,200.0
2013-11-05 22:00:00-05:00,200.0,200.0,200.0,200.0,200.0,200.0,200.0,200.0,200.0,,,200.0,200.0,200.0,200.0
2013-11-05 22:30:00-05:00,200.0,200.0,200.0,200.0,200.0,200.0,200.0,200.0,200.0,,,200.0,200.0,200.0,200.0
2013-11-05 23:00:00-05:00,200.0,200.0,200.0,200.0,200.0,200.0,200.0,200.0,200.0,,,200.0,200.0,200.0,200.0
2013-11-05 23:30:00-05:00,200.0,200.0,200.0,200.0,200.0,200.0,200.0,200.0,200.0,,,200.0,200.0,200.0,200.0
2013-11-06 00:00:00-05:00,200.0,200.0,200.0,200.0,200.0,200.0,200.0,200.0,200.0,,,200.0,200.0,200.0,200.0
2013-11-06 00:30:00-05:00,200.0,200.0,200.0,200.0,200.0,200.0,200.0,200.0,200.0,,,200.0,200.0,200.0,200.0
2013-11-06 01:00:00-05:00,200.0,200.0,200.0,200.0,200.0,200.0,200.0,200.0,200.0,,,200.0,200.0,200.0,200.0
2013-11-06 01:30:00-05:00,200.0,200.0,200.0,200.0,200.0,200.0,200.0,200.0,200.0,,,200.0,200.0,200.0,200.0
2013-11-06 02:00:00-05:00,200.0,200.0,200.0,200.0,200.0,200.0,200.0,200.0,200.0,,,200.0,200.0,200.0,200.0
2013-11-06 02:30:00-05:00,200.0,200.0,200.0,200.0,200.0,200.0,200.0,200.0,200.0,,,200.0,200.0,200.0,200.0
2013-11-06 03:00:00-05:00,200.0,200.0,200.0,200.0,200.0,200.0,200.0,200.0,200.0,,,200.0,200.0,200.0,200.0
2013-11-06 03:30:00-05:00,200.0,200.0,200.0,200.0,200.0,200.0,200.0,200.0,200.0,,,200.0,200.0,200.0,200.0
2013-11-06 04:00:00-05:00,200.0,200.0,200.0,200.0,200.0,200.0,200.0,200.0,200.0,,,200.0,200.0,200.0,200.0
2013-11-06 04:30:00-05:00,200.0,200.0,200.0,200.0,200.0,200.0,200.0,200.0,200.0,,,200.0,200.0,200.0,200.0
2013-11-06 05:00:00-05:00,200.0,200.0,200.0,200.0,200.0,200.0,200.0,200.0,200.0,,,200.0,200.0,200.0,200.0
2013-11-06 05:30:00-05:00,200.0,200.0,200.0,200.0,200.0,200.0,200.0,200.0,200.0,,,200.0,200.0,200.0,200.0
2013-11-06 06:00:00-05:00,200.0,200.0,200.0,200.0,200.0,200.0,200.0,200.0,200.0,,,200.0,200.0,200.0,200.0
2013-11-06 06:30:00-05:00,200.0,200.0,200.0,200.0,200.0,200.0,200.0,200.0,200.0,,,200.0,200.0,200.0,200.0
2013-11-06 07:00:00-05:00,200.0,200.0,200.0,200.0,200.0,200.0,200.0,200.0,200.0,,,200.0,200.0,200.0,200.0
2013-11-06 07:30:00-05:00,200.0,200.0,200.0,200.0,200.0,200.0,200.0,200.0,200.0,,,200.0,200.0,200.0,200.0
2013-11-06 08:00:00-05:00,200.0,200.0,200.0,200.0,200.0,200.0,200.0,200.0,200.0,,,200.0,200.0,200.0,200.0
2013-11-06 08:30:00-05:00,200.0,200.0,200.0,200.0,200.0,200.0,200.0,200.0,200.0,,,200.0,200.0,200.0,200.0
2013-11-06 09:00:00-05:00,200.0,200.0,200.0,200.0,200.0,200.0,200.0,200.0,200.0,,,200.0,200.0,200.0,200.0
2013-11-06 09:30:00-05:00,200.0,200.0,200.0,200.0,200.0,200.0,200.0,200.0,200.0,,,200.0,200.0,200.0,200.0
2013-11-06 10:00:00-05:00,200.0,200.0,200.0,200.0,200.0,200.0,200.0,200.0,200.0,,,262.51040312500004,200.0,200.0,213.99998750000003
2013-11-06 10:30:00-05:00,255.3020875,200.0,200.0,255.3020875,200.0,200.0,200.0,200.0,255.3020875,,,200.0,213.99998750000003,200.0,200.0
2013-11-06 11:00:00-05:00,299.89062500000006,200.0,207.03125,200.0,200.0,200.0,216.03124062499995,200.0,200.0,,,200.0,200.0,200.0,200.0
2013-11-06 11:30:00-05:00,347.0937395833333,200.0,200.0,208.25624374999998,213.99998750000003,200.0,200.0,200.0,208.25624374999998,,,200.0,200.0,347.0937395833333,200.0
2013-11-06 12:00:00-05:00,210.82498875000002,200.0,200.0,210.82498875000002,213.99998750000003,200.0,215.9062375,200.0,210.82498875000002,,,200.0,213.99998750000003,351.37498125,200.0
2013-11-06 12:30:00-05:00,200.0,200.0,200.0,200.0,200.0,200.0,200.0,200.0,200.0,,,200.0,213.87499166666663,200.0,200.0
2013-11-06 13:00:00-05:00,200.0,200.0,206.89061875000002,200.0,200.0,200.0,340.8124833333333,200.0,200.0,,,271.3749875,213.8749916666667,200.0,213.8749916666667
2013-11-06 13:30:00-05:00,200.0,200.0,200.0,200.0,214.124990625,200.0,214.83748874999998,200.0,200.0,,,200.0,214.124990625,200.0,200.0
2013-11-06 14:00:00-05:00,200.0,200.0,200.0,200.0,213.99998750000003,200.0,207.51561624999997,200.0,200.0,,,200.0,200.0,200.0,200.0
2013-11-06 14:30:00-05:00,203.28124062499992,200.0,200.0,200.0,213.99998750000003,200.0,249.91666562500006,200.0,200.0,,,200.0,213.99998750000003,203.28124062499992,213.99998750000003
2013-11-06 15:00:00-05:00,200.0,200.0,200.0,200.0,200.0,200.0,288.6562375,200.0,200.0,,,200.0,200.0,200.0,213.99998750000003
2013-11-06 15:30:00-05:00,200.0,200.0,200.0,200.0,200.0,200.0,200.0,200.0,200.0,,,271.49478125,200.0,200.0,213.99998750000003
2013-11-06 16:00:00-05:00,200.0,200.0,200.0,200.0,200.0,200.0,200.0,200.0,200.0,,,200.0,200.0,200.0,200.0
2013-11-06 16:30:00-05:00,200.0,200.0,200.0,200.0,200.0,200.0,200.0,200.0,200.0,,,200.0,200.0,200.0,200.0
2013-11-06 17:00:00-05:00,200.0,200.0,200.0,200.0,200.0,200.0,213.706240625,200.0,200.0,,,200.0,200.0,200.0,200.0
2013-11-06 17:30:00-05:00,200.0,200.0,200.0,200.0,200.0,200.0,200.0,200.0,200.0,,,200.0,200.0,200.0,200.0
2013-11-06 18:00:00-05:00,200.0,200.0,200.0,200.0,200.0,200.0,200.0,200.0,200.0,,,200.0,200.0,200.0,200.0
2013-11-06 18:30:00-05:00,200.0,200.0,200.0,200.0,200.0,200.0,200.0,200.0,200.0,,,200.0,200.0,200.0,200.0
2013-11-06 19:00:00-05:00,200.0,200.0,200.0,200.0,200.0,200.0,200.0,200.0,200.0,,,200.0,200.0,200.0,200.0
2013-11-06 19:30:00-05:00,200.0,200.0,200.0,200.0,200.0,200.0,200.0,200.0,200.0,,,200.0,200.0,200.0,200.0
2013-11-06 20:00:00-05:00,200.0,200.0,200.0,200.0,200.0,200.0,200.0,200.0,200.0,,,200.0,200.0,200.0,200.0
2013-11-06 20:30:00-05:00,200.0,200.0,200.0,200.0,200.0,200.0,200.0,200.0,200.0,,,200.0,200.0,200.0,200.0
2013-11-06 21:00:00-05:00,200.0,200.0,200.0,200.0,200.0,200.0,200.0,200.0,200.0,,,200.0,200.0,200.0,200.0
2013-11-06 21:30:00-05:00,200.0,200.0,200.0,200.0,200.0,200.0,200.0,200.0,200.0,,,200.0,200.0,200.0,200.0
2013-11-06 22:00:00-05:00,200.0,200.0,200.0,200.0,200.0,200.0,200.0,200.0,200.0,,,200.0,200.0,200.0,200.0
2013-11-06 22:30:00-05:00,200.0,200.0,200.0,200.0,200.0,200.0,200.0,200.0,200.0,,,200.0,200.0,200.0,200.0
2013-11-06 23:00:00-05:00,200.0,200.0,200.0,200.0,200.0,200.0,200.0,200.0,200.0,,,200.0,200.0,200.0,200.0
2013-11-06 23:30:00-05:00,200.0,200.0,200.0,200.0,200.0,200.0,200.0,200.0,200.0,,,200.0,200.0,200.0,200.0
2013-11-07 00:00:00-05:00,200.0,200.0,200.0,200.0,200.0,200.0,200.0,200.0,200.0,,,200.0,200.0,200.0,200.0
2013-11-07 00:30:00-05:00,200.0,200.0,200.0,200.0,200.0,200.0,200.0,200.0,200.0,,,200.0,200.0,200.0,200.0
2013-11-07 01:00:00-05:00,200.0,200.0,200.0,200.0,200.0,200.0,200.0,200.0,200.0,,,200.0,200.0,200.0,200.0
2013-11-07 01:30:00-05:00,200.0,200.0,200.0,200.0,200.0,200.0,200.0,200.0,200.0,,,200.0,200.0,200.0,200.0
2013-11-07 02:00:00-05:00,200.0,200.0,200.0,200.0,200.0,200.0,200.0,200.0,200.0,,,200.0,200.0,200.0,200.0
2013-11-07 02:30:00-05:00,200.0,200.0,200.0,200.0,200.0,200.0,200.0,200.0,200.0,,,200.0,200.0,200.0,200.0
2013-11-07 03:00:00-05:00,200.0,200.0,200.0,200.0,200.0,200.0,200.0,200.0,200.0,,,200.0,200.0,200.0,200.0
2013-11-07 03:30:00-05:00,200.0,200.0,200.0,200.0,200.0,200.0,200.0,200.0,200.0,,,200.0,200.0,200.0,200.0
2013-11-07 04:00:00-05:00,200.0,200.0,200.0,200.0,200.0,200.0,200.0,200.0,200.0,,,200.0,200.0,200.0,200.0
2013-11-07 04:30:00-05:00,200.0,200.0,200.0,200.0,200.0,200.0,200.0,200.0,200.0,,,200.0,200.0,200.0,200.0
2013-11-07 05:00:00-05:00,200.0,200.0,200.0,200.0,200.0,200.0,200.0,200.0,200.0,,,200.0,200.0,200.0,200.0
2013-11-07 05:30:00-05:00,200.0,200.0,200.0,200.0,200.0,200.0,200.0,200.0,200.0,,,200.0,200.0,200.0,200.0
2013-11-07 06:00:00-05:00,200.0,200.0,200.0,200.0,200.0,200.0,200.0,200.0,200.0,,,200.0,200.0,200.0,200.0
2013-11-07 06:30:00-05:00,200.0,200.0,200.0,200.0,200.0,200.0,200.0,200.0,200.0,,,200.0,200.0,200.0,200.0
2013-11-07 07:00:00-05:00,200.0,200.0,200.0,200.0,200.0,200.0,200.0,200.0,200.0,,,200.0,200.0,200.0,200.0
2013-11-07 07:30:00-05:00,200.0,200.0,200.0,200.0,200.0,200.0,200.0,200.0,200.0,,,200.0,200.0,200.0,200.0
2013-11-07 08:00:00-05:00,200.0,200.0,200.0,200.0,200.0,200.0,200.0,200.0,200.0,,,200.0,200.0,200.0,200.0
2013-11-07 08:30:00-05:00,200.0,200.0,200.0,200.0,200.0,200.0,200.0,200.0,200.0,,,200.0,200.0,200.0,200.0
2013-11-07 09:00:00-05:00,200.0,200.0,200.0,200.0,200.0,200.0,200.0,200.0,200.0,,,200.0,200.0,200.0,200.0
2013-11-07 09:30:00-05:00,200.0,200.0,200.0,200.0,200.0,200.0,200.0,200.0,200.0,,,200.0,200.0,200.0,200.0
2013-11-07 10:00:00-05:00,200.0,247.96874375000004,200.0,200.0,200.0,200.0,200.0,200.0,200.0,,,200.0,200.0,200.0,213.99998750000003
2013-11-07 10:30:00-05:00,284.6510276041667,200.0,200.0,200.0,213.99998750000003,200.0,246.35416770833328,200.0,200.0,,,200.0,200.0,284.6510276041667,200.0
2013-11-07 11:00:00-05:00,291.22394479166667,200.0,200.0,200.0,200.0,200.0,200.0,200.0,200.0,,,200.0,200.0,291.22394479166667,213.99998750000003
2013-11-07 11:30:00-05:00,200.0,200.0,207.03125,200.0,200.0,200.0,200.0,200.0,200.0,,,200.0,200.0,200.0,213.99998750000003
2013-11-07 12:00:00-05:00,200.0,200.0,200.0,200.0,213.99998750000003,200.0,200.0,200.0,200.0,,,200.0,200.0,200.0,200.0
2013-11-07 12:30:00-05:00,200.0,200.0,200.0,200.0,200.0,200.0,200.0,200.0,200.0,,,200.0,213.99998750000003,200.0,200.0
2013-11-07 13:00:00-05:00,200.0,200.0,207.03125,200.0,200.0,200.0,200.0,200.0,200.0,,,293.28124375000004,213.99998750000003,200.0,213.99998750000003
2013-11-07 13:30:00-05:00,226.78124687500002,200.0,206.98437291666667,226.78124687500002,214.124990625,200.0,200.0,200.0,226.78124687500002,,,200.0,200.0,377.96874479166667,200.0
2013-11-07 14:00:00-05:00,245.41874250000006,200.0,200.0,245.41874250000006,200.0,200.0,200.0,200.0,245.41874250000006,,,200.0,200.0,245.41874250000006,200.0
2013-11-07 14:30:00-05:00,241.112495,200.0,200.0,241.112495,200.0,200.0,295.895828125,200.0,401.8541583333334,,,200.0,200.0,241.112495,200.0
2013-11-07 15:00:00-05:00,243.78750750000003,200.0,207.03125,243.78750750000003,200.0,200.0,200.0,200.0,243.78750750000003,,,200.0,200.0,243.78750750000003,213.99998750000003
2013-11-07 15:30:00-05:00,216.10624375,271.04166458333333,200.0,216.10624375,213.99998750000003,200.0,258.34374166666663,200.0,216.10624375,,,200.0,213.99998750000003,360.1770729166667,200.0
2013-11-07 16:00:00-05:00,226.256245,200.0,200.0,226.256245,200.0,200.0,200.0,200.0,226.256245,,,200.0,200.0,226.256245,200.0
2013-11-07 16:30:00-05:00,200.0,200.0,200.0,200.0,200.0,200.0,200.0,200.0,200.0,,,200.0,200.0,200.0,200.0
2013-11-07 17:00:00-05:00,200.0,200.0,200.0,200.0,200.0,200.0,200.0,200.0,200.0,,,200.0,200.0,200.0,200.0
2013-11-07 17:30:00-05:00,203.009371875,200.0,200.0,203.009371875,200.0,200.0,200.0,200.0,203.009371875,,,200.0,200.0,203.009371875,200.0
2013-11-07 18:00:00-05:00,204.2562475,200.0,200.0,204.2562475,200.0,200.0,200.0,200.0,204.2562475,,,200.0,200.0,204.2562475,200.0
2013-11-07 18:30:00-05:00,200.0,200.0,200.0,200.0,200.0,200.0,200.0,200.0,200.0,,,200.0,200.0,200.0,200.0
2013-11-07 19:00:00-05:00,200.0,200.0,200.0,200.0,200.0,200.0,200.0,200.0,200.0,,,200.0,200.0,200.0,200.0
2013-11-07 19:30:00-05:00,200.0,200.0,200.0,200.0,200.0,200.0,200.0,200.0,200.0,,,200.0,200.0,200.0,200.0
2013-11-07 20:00:00-05:00,200.0,200.0,200.0,200.0,200.0,200.0,200.0,200.0,200.0,,,200.0,200.0,200.0,200.0
2013-11-07 20:30:00-05:00,200.0,200.0,200.0,200.0,200.0,200.0,200.0,200.0,200.0,,,200.0,200.0,200.0,200.0
2013-11-07 21:00:00-05:00,200.0,200.0,200.0,200.0,200.0,200.0,200.0,200.0,200.0,,,200.0,200.0,200.0,200.0
2013-11-07 21:30:00-05:00,200.0,200.0,200.0,200.0,200.0,200.0,200.0,200.0,200.0,,,200.0,200.0,200.0,200.0
2013-11-07 22:00:00-05:00,200.0,200.0,200.0,200.0,200.0,200.0,200.0,200.0,200.0,,,200.0,200.0,200.0,200.0
2013-11-07 22:30:00-05:00,200.0,200.0,200.0,200.0,200.0,200.0,200.0,200.0,200.0,,,200.0,200.0,200.0,200.0
2013-11-07 23:00:00-05:00,200.0,200.0,200.0,200.0,200.0,200.0,200.0,200.0,200.0,,,200.0,200.0,200.0,200.0
2013-11-07 23:30:00-05:00,200.0,200.0,200.0,200.0,200.0,200.0,200.0,200.0,200.0,,,200.0,200.0,200.0,200.0
2013-11-08 00:00:00-05:00,200.0,200.0,200.0,200.0,200.0,200.0,200.0,200.0,200.0,,,200.0,200.0,200.0,200.0
2013-11-08 00:30:00-05:00,200.0,200.0,200.0,200.0,200.0,200.0,200.0,200.0,200.0,,,200.0,200.0,200.0,200.0
2013-11-08 01:00:00-05:00,200.0,200.0,200.0,200.0,200.0,200.0,200.0,200.0,200.0,,,200.0,200.0,200.0,200.0
2013-11-08 01:30:00-05:00,200.0,200.0,200.0,200.0,200.0,200.0,200.0,200.0,200.0,,,200.0,200.0,200.0,200.0
2013-11-08 02:00:00-05:00,200.0,200.0,200.0,200.0,200.0,200.0,200.0,200.0,200.0,,,200.0,200.0,200.0,200.0
2013-11-08 02:30:00-05:00,200.0,200.0,200.0,200.0,200.0,200.0,200.0,200.0,200.0,,,200.0,200.0,200.0,200.0
2013-11-08 03:00:00-05:00,200.0,200.0,200.0,200.0,200.0,200.0,200.0,200.0,200.0,,,200.0,200.0,200.0,200.0
2013-11-08 03:30:00-05:00,200.0,200.0,200.0,200.0,200.0,200.0,200.0,200.0,200.0,,,200.0,200.0,200.0,200.0
2013-11-08 04:00:00-05:00,200.0,200.0,200.0,200.0,200.0,200.0,200.0,200.0,200.0,,,200.0,200.0,200.0,200.0
2013-11-08 04:30:00-05:00,200.0,200.0,200.0,200.0,200.0,200.0,200.0,200.0,200.0,,,200.0,200.0,200.0,200.0
2013-11-08 05:00:00-05:00,200.0,200.0,200.0,200.0,200.0,200.0,200.0,200.0,200.0,,,200.0,200.0,200.0,200.0
2013-11-08 05:30:00-05:00,200.0,200.0,200.0,200.0,200.0,200.0,200.0,200.0,200.0,,,200.0,200.0,200.0,200.0
2013-11-08 06:00:00-05:00,200.0,200.0,200.0,200.0,200.0,200.0,200.0,200.0,200.0,,,200.0,200.0,200.0,200.0
2013-11-08 06:30:00-05:00,200.0,200.0,200.0,200.0,200.0,200.0,200.0,200.0,200.0,,,200.0,200.0,200.0,200.0
2013-11-08 07:00:00-05:00,200.0,200.0,200.0,200.0,200.0,200.0,200.0,200.0,200.0,,,200.0,200.0,200.0,200.0
2013-11-08 07:30:00-05:00,200.0,200.0,200.0,200.0,200.0,200.0,200.0,200.0,200.0,,,200.0,200.0,200.0,200.0
2013-11-08 08:00:00-05:00,200.0,200.0,200.0,200.0,200.0,200.0,200.0,200.0,200.0,,,200.0,200.0,200.0,200.0
2013-11-08 08:30:00-05:00,200.0,200.0,200.0,200.0,200.0,200.0,200.0,200.0,200.0,,,200.0,200.0,200.0,200.0
2013-11-08 09:00:00-05:00,200.0,200.0,200.0,200.0,200.0,200.0,200.0,200.0,200.0,,,200.0,200.0,200.0,200.0
2013-11-08 09:30:00-05:00,200.0,200.0,200.0,200.0,200.0,200.0,200.0,200.0,200.0,,,200.0,200.0,200.0,200.0
2013-11-08 10:00:00-05:00,200.0,200.0,200.0,200.0,200.0,200.0,200.0,200.0,200.0,,,200.0,200.0,200.0,200.0
2013-11-08 10:30:00-05:00,200.0,200.0,200.0,200.0,200.0,200.0,200.0,200.0,200.0,,,200.0,200.0,200.0,200.0
2013-11-08 11:00:00-05:00,200.0,200.0,200.0,200.0,200.0,200.0,200.0,200.0,200.0,,,236.15624999999994,200.0,200.0,200.0
2013-11-08 11:30:00-05:00,200.0,236.15624999999994,207.03125,200.0,213.99998750000003,200.0,200.0,200.0,200.0,,,236.15624999999994,200.0,200.0,213.99998750000003
2013-11-08 12:00:00-05:00,200.0,236.15624999999994,207.03125,200.0,200.0,200.0,200.0,200.0,200.0,,,200.0,200.0,200.0,200.0
2013-11-08 12:30:00-05:00,200.0,200.0,200.0,200.0,213.99998750000003,200.0,200.0,200.0,200.0,,,200.0,200.0,200.0,200.0
2013-11-08 13:00:00-05:00,200.0,273.2812375,200.0,200.0,213.99998750000003,200.0,200.0,200.0,200.0,,,200.0,200.0,200.0,213.99998750000003
2013-11-08 13:30:00-05:00,200.0,200.0,200.0,200.0,213.99998750000003,200.0,200.0,200.0,200.0,,,200.0,213.99998750000003,200.0,200.0
2013-11-08 14:00:00-05:00,200.0,240.4010385416667,200.0,200.0,200.0,200.0,200.0,200.0,200.0,,,200.0,200.0,200.0,213.76040833333332
2013-11-08 14:30:00-05:00,200.0,200.0,200.0,200.0,200.0,200.0,200.0,200.0,200.0,,,207.99999375,213.76040833333332,200.0,200.0
2013-11-08 15:00:00-05:00,200.0,208.01822291666667,200.0,200.0,200.0,200.0,200.0,200.0,200.0,,,200.0,213.4270828125,200.0,200.0
2013-11-08 15:30:00-05:00,200.0,207.99999375,200.0,200.0,200.0,200.0,200.0,200.0,200.0,,,207.99999375,200.0,200.0,200.0
2013-11-08 16:00:00-05:00,200.0,200.0,200.0,200.0,200.0,200.0,200.0,200.0,200.0,,,200.0,200.0,200.0,200.0
2013-11-08 16:30:00-05:00,200.0,200.0,200.0,200.0,200.0,200.0,200.0,200.0,200.0,,,200.0,200.0,200.0,200.0
2013-11-08 17:00:00-05:00,200.0,200.0,200.0,200.0,200.0,200.0,200.0,200.0,200.0,,,200.0,200.0,200.0,200.0
2013-11-08 17:30:00-05:00,200.0,200.0,200.0,200.0,200.0,200.0,200.0,200.0,200.0,,,200.0,200.0,200.0,200.0
2013-11-08 18:00:00-05:00,200.0,200.0,200.0,200.0,200.0,200.0,200.0,200.0,200.0,,,200.0,200.0,200.0,200.0
2013-11-08 18:30:00-05:00,200.0,200.0,200.0,200.0,200.0,200.0,200.0,200.0,200.0,,,200.0,200.0,200.0,200.0
2013-11-08 19:00:00-05:00,200.0,200.0,200.0,200.0,200.0,200.0,200.0,200.0,200.0,,,200.0,200.0,200.0,200.0
2013-11-08 19:30:00-05:00,200.0,200.0,200.0,200.0,200.0,200.0,200.0,200.0,200.0,,,200.0,200.0,200.0,200.0
2013-11-08 20:00:00-05:00,200.0,200.0,200.0,200.0,200.0,200.0,200.0,200.0,200.0,,,200.0,200.0,200.0,200.0
2013-11-08 20:30:00-05:00,200.0,200.0,200.0,200.0,200.0,200.0,200.0,200.0,200.0,,,200.0,200.0,200.0,200.0
2013-11-08 21:00:00-05:00,200.0,200.0,200.0,200.0,200.0,200.0,200.0,200.0,200.0,,,200.0,200.0,200.0,200.0
2013-11-08 21:30:00-05:00,200.0,200.0,200.0,200.0,200.0,200.0,200.0,200.0,200.0,,,200.0,200.0,200.0,200.0
2013-11-08 22:00:00-05:00,200.0,200.0,200.0,200.0,200.0,200.0,200.0,200.0,200.0,,,200.0,200.0,200.0,200.0
2013-11-08 22:30:00-05:00,200.0,200.0,200.0,200.0,200.0,200.0,200.0,200.0,200.0,,,200.0,200.0,200.0,200.0
2013-11-08 23:00:00-05:00,200.0,200.0,200.0,200.0,200.0,200.0,200.0,200.0,200.0,,,200.0,200.0,200.0,200.0
2013-11-08 23:30:00-05:00,200.0,200.0,200.0,200.0,200.0,200.0,200.0,200.0,200.0,,,200.0,200.0,200.0,200.0
2013-11-09 00:00:00-05:00,200.0,200.0,200.0,200.0,200.0,200.0,200.0,200.0,200.0,,,200.0,200.0,200.0,200.0
2013-11-09 00:30:00-05:00,200.0,200.0,200.0,200.0,200.0,200.0,200.0,200.0,200.0,,,200.0,200.0,200.0,200.0
2013-11-09 01:00:00-05:00,200.0,200.0,200.0,200.0,200.0,200.0,200.0,200.0,200.0,,,200.0,200.0,200.0,200.0
2013-11-09 01:30:00-05:00,200.0,200.0,200.0,200.0,200.0,200.0,200.0,200.0,200.0,,,200.0,200.0,200.0,200.0
2013-11-09 02:00:00-05:00,200.0,200.0,200.0,200.0,200.0,200.0,200.0,200.0,200.0,,,200.0,200.0,200.0,200.0
2013-11-09 02:30:00-05:00,200.0,200.0,200.0,200.0,200.0,200.0,200.0,200.0,200.0,,,200.0,200.0,200.0,200.0
2013-11-09 03:00:00-05:00,200.0,200.0,200.0,200.0,200.0,200.0,200.0,200.0,200.0,,,200.0,200.0,200.0,200.0
2013-11-09 03:30:00-05:00,200.0,200.0,200.0,200.0,200.0,200.0,200.0,200.0,200.0,,,200.0,200.0,200.0,200.0
2013-11-09 04:00:00-05:00,200.0,200.0,200.0,200.0,200.0,200.0,200.0,200.0,200.0,,,200.0,200.0,200.0,200.0
2013-11-09 04:30:00-05:00,200.0,200.0,200.0,200.0,200.0,200.0,200.0,200.0,200.0,,,200.0,200.0,200.0,200.0
2013-11-09 05:00:00-05:00,200.0,200.0,200.0,200.0,200.0,200.0,200.0,200.0,200.0,,,200.0,200.0,200.0,200.0
2013-11-09 05:30:00-05:00,200.0,200.0,200.0,200.0,200.0,200.0,200.0,200.0,200.0,,,200.0,200.0,200.0,200.0
2013-11-09 06:00:00-05:00,200.0,200.0,200.0,200.0,200.0,200.0,200.0,200.0,200.0,,,200.0,200.0,200.0,200.0
2013-11-09 06:30:00-05:00,200.0,200.0,200.0,200.0,200.0,200.0,200.0,200.0,200.0,,,200.0,200.0,200.0,200.0
2013-11-09 07:00:00-05:00,200.0,200.0,200.0,200.0,200.0,200.0,200.0,200.0,200.0,,,200.0,200.0,200.0,200.0
2013-11-09 07:30:00-05:00,200.0,200.0,200.0,200.0,200.0,200.0,200.0,200.0,200.0,,,200.0,200.0,200.0,200.0
2013-11-09 08:00:00-05:00,200.0,200.0,200.0,200.0,200.0,200.0,200.0,200.0,200.0,,,200.0,200.0,200.0,200.0
2013-11-09 08:30:00-05:00,200.0,200.0,200.0,200.0,200.0,200.0,200.0,200.0,200.0,,,200.0,200.0,200.0,200.0
2013-11-09 09:00:00-05:00,200.0,200.0,200.0,200.0,200.0,200.0,200.0,200.0,200.0,,,200.0,200.0,200.0,200.0
2013-11-09 09:30:00-05:00,200.0,200.0,200.0,200.0,200.0,200.0,200.0,200.0,200.0,,,200.0,200.0,200.0,200.0
2013-11-09 10:00:00-05:00,200.0,200.0,200.0,200.0,200.0,200.0,200.0,200.0,200.0,,,200.0,213.36458541666667,200.0,200.0
2013-11-09 10:30:00-05:00,200.0,200.0,200.0,200.0,200.0,200.0,200.0,200.0,200.0,,,200.0,213.53125625000007,200.0,200.0
2013-11-09 11:00:00-05:00,200.0,200.0,200.0,200.0,200.0,200.0,200.0,200.0,200.0,,,200.0,200.0,200.0,213.36458541666667
2013-11-09 11:30:00-05:00,200.0,200.0,200.0,200.0,200.0,200.0,200.0,200.0,200.0,,,200.0,213.48958854166668,200.0,200.0
2013-11-09 12:00:00-05:00,200.0,200.0,200.0,200.0,200.0,200.0,200.0,200.0,200.0,,,200.0,200.0,200.0,200.0
2013-11-09 12:30:00-05:00,200.0,200.0,200.0,200.0,213.28125,200.0,200.0,200.0,200.0,,,200.0,200.0,200.0,200.0
2013-11-09 13:00:00-05:00,200.0,200.0,200.0,200.0,200.0,200.0,200.0,200.0,200.0,,,200.0,200.0,200.0,200.0
2013-11-09 13:30:00-05:00,200.0,200.0,200.0,200.0,213.36458541666667,200.0,200.0,200.0,200.0,,,200.0,200.0,200.0,200.0
2013-11-09 14:00:00-05:00,200.0,200.0,200.0,200.0,200.0,200.0,200.0,200.0,200.0,,,200.0,213.28125,200.0,213.28125
2013-11-09 14:30:00-05:00,200.0,200.0,200.0,200.0,213.28125,200.0,200.0,200.0,200.0,,,200.0,200.0,200.0,200.0
2013-11-09 15:00:00-05:00,200.0,200.0,200.0,200.0,200.0,200.0,200.0,233.28125624999996,200.0,,,200.0,213.28125,200.0,200.0
2013-11-09 15:30:00-05:00,200.0,200.0,200.0,200.0,200.0,200.0,200.0,200.0,200.0,,,200.0,200.0,200.0,213.28125
2013-11-09 16:00:00-05:00,200.0,200.0,200.0,200.0,200.0,200.0,200.0,200.0,200.0,,,200.0,200.0,200.0,200.0
2013-11-09 16:30:00-05:00,200.0,200.0,200.0,200.0,200.0,200.0,200.0,200.0,200.0,,,200.0,200.0,200.0,200.0
2013-11-09 17:00:00-05:00,200.0,200.0,200.0,200.0,200.0,200.0,200.0,200.0,200.0,,,200.0,200.0,200.0,200.0
2013-11-09 17:30:00-05:00,200.0,200.0,200.0,200.0,200.0,200.0,200.0,200.0,200.0,,,200.0,200.0,200.0,200.0
2013-11-09 18:00:00-05:00,200.0,200.0,200.0,200.0,200.0,200.0,200.0,200.0,200.0,,,200.0,200.0,200.0,200.0
2013-11-09 18:30:00-05:00,200.0,200.0,200.0,200.0,200.0,200.0,200.0,200.0,200.0,,,200.0,200.0,200.0,200.0
2013-11-09 19:00:00-05:00,200.0,200.0,200.0,200.0,200.0,200.0,200.0,200.0,200.0,,,200.0,200.0,200.0,200.0
2013-11-09 19:30:00-05:00,200.0,200.0,200.0,200.0,200.0,200.0,200.0,200.0,200.0,,,200.0,200.0,200.0,200.0
2013-11-09 20:00:00-05:00,200.0,200.0,200.0,200.0,200.0,200.0,200.0,200.0,200.0,,,200.0,200.0,200.0,200.0
2013-11-09 20:30:00-05:00,200.0,200.0,200.0,200.0,200.0,200.0,200.0,200.0,200.0,,,200.0,200.0,200.0,200.0
2013-11-09 21:00:00-05:00,200.0,200.0,200.0,200.0,200.0,200.0,200.0,200.0,200.0,,,200.0,200.0,200.0,200.0
2013-11-09 21:30:00-05:00,200.0,200.0,200.0,200.0,200.0,200.0,200.0,200.0,200.0,,,200.0,200.0,200.0,200.0
2013-11-09 22:00:00-05:00,200.0,200.0,200.0,200.0,200.0,200.0,200.0,200.0,200.0,,,200.0,200.0,200.0,200.0
2013-11-09 22:30:00-05:00,200.0,200.0,200.0,200.0,200.0,200.0,200.0,200.0,200.0,,,200.0,200.0,200.0,200.0
2013-11-09 23:00:00-05:00,200.0,200.0,200.0,200.0,200.0,200.0,200.0,200.0,200.0,,,200.0,200.0,200.0,200.0
2013-11-09 23:30:00-05:00,200.0,200.0,200.0,200.0,200.0,200.0,200.0,200.0,200.0,,,200.0,200.0,200.0,200.0
2013-11-10 00:00:00-05:00,200.0,200.0,200.0,200.0,200.0,200.0,200.0,200.0,200.0,,,200.0,200.0,200.0,200.0
2013-11-10 00:30:00-05:00,200.0,200.0,200.0,200.0,200.0,200.0,200.0,200.0,200.0,,,200.0,200.0,200.0,200.0
2013-11-10 01:00:00-05:00,200.0,200.0,200.0,200.0,200.0,200.0,200.0,200.0,200.0,,,200.0,200.0,200.0,200.0
2013-11-10 01:30:00-05:00,200.0,200.0,200.0,200.0,200.0,200.0,200.0,200.0,200.0,,,200.0,200.0,200.0,200.0
2013-11-10 02:00:00-05:00,200.0,200.0,200.0,200.0,200.0,200.0,200.0,200.0,200.0,,,200.0,200.0,200.0,200.0
2013-11-10 02:30:00-05:00,200.0,200.0,200.0,200.0,200.0,200.0,200.0,200.0,200.0,,,200.0,200.0,200.0,200.0
2013-11-10 03:00:00-05:00,200.0,200.0,200.0,200.0,200.0,200.0,200.0,200.0,200.0,,,200.0,200.0,200.0,200.0
2013-11-10 03:30:00-05:00,200.0,200.0,200.0,200.0,200.0,200.0,200.0,200.0,200.0,,,200.0,200.0,200.0,200.0
2013-11-10 04:00:00-05:00,200.0,200.0,200.0,200.0,200.0,200.0,200.0,200.0,200.0,,,200.0,200.0,200.0,200.0
2013-11-10 04:30:00-05:00,200.0,200.0,200.0,200.0,200.0,200.0,200.0,200.0,200.0,,,200.0,200.0,200.0,200.0
2013-11-10 05:00:00-05:00,200.0,200.0,200.0,200.0,200.0,200.0,200.0,200.0,200.0,,,200.0,200.0,200.0,200.0
2013-11-10 05:30:00-05:00,200.0,200.0,200.0,200.0,200.0,200.0,200.0,200.0,200.0,,,200.0,200.0,200.0,200.0
2013-11-10 06:00:00-05:00,200.0,200.0,200.0,200.0,200.0,200.0,200.0,200.0,200.0,,,200.0,200.0,200.0,200.0
2013-11-10 06:30:00-05:00,200.0,200.0,200.0,200.0,200.0,200.0,200.0,200.0,200.0,,,200.0,200.0,200.0,200.0
2013-11-10 07:00:00-05:00,200.0,200.0,200.0,200.0,200.0,200.0,200.0,200.0,200.0,,,200.0,200.0,200.0,200.0
2013-11-10 07:30:00-05:00,200.0,200.0,200.0,200.0,200.0,200.0,200.0,200.0,200.0,,,200.0,200.0,200.0,200.0
2013-11-10 08:00:00-05:00,200.0,200.0,200.0,200.0,200.0,200.0,200.0,200.0,200.0,,,200.0,200.0,200.0,200.0
2013-11-10 08:30:00-05:00,200.0,200.0,200.0,200.0,200.0,200.0,200.0,200.0,200.0,,,200.0,200.0,200.0,200.0
2013-11-10 09:00:00-05:00,200.0,200.0,200.0,200.0,200.0,200.0,200.0,200.0,200.0,,,200.0,200.0,200.0,200.0
2013-11-10 09:30:00-05:00,200.0,200.0,200.0,200.0,200.0,200.0,200.0,200.0,200.0,,,200.0,200.0,200.0,200.0
2013-11-10 10:00:00-05:00,200.0,200.0,200.0,200.0,200.0,200.0,200.0,200.0,200.0,,,200.0,213.28125,200.0,200.0
2013-11-10 10:30:00-05:00,200.0,200.0,200.0,200.0,213.28125,200.0,200.0,200.0,200.0,,,200.0,200.0,200.0,213.28125
2013-11-10 11:00:00-05:00,200.0,200.0,200.0,200.0,200.0,200.0,200.0,233.28125624999996,200.0,,,200.0,200.0,200.0,213.28125
2013-11-10 11:30:00-05:00,200.0,200.0,200.0,200.0,200.0,200.0,200.0,233.28125624999996,200.0,,,200.0,200.0,200.0,200.0
2013-11-10 12:00:00-05:00,200.0,200.0,200.0,200.0,213.28125,200.0,200.0,233.28125624999996,200.0,,,200.0,200.0,200.0,213.28125
2013-11-10 12:30:00-05:00,200.0,200.0,200.0,200.0,213.86457343750004,200.0,200.0,200.0,200.0,,,200.0,200.0,200.0,200.0
2013-11-10 13:00:00-05:00,200.0,200.0,200.0,200.0,200.0,200.0,200.0,200.0,200.0,,,200.0,213.64061875000004,200.0,213.64061875000004
2013-11-10 13:30:00-05:00,200.0,200.0,200.0,200.0,213.99998750000003,200.0,200.0,200.0,200.0,,,200.0,200.0,200.0,200.0
2013-11-10 14:00:00-05:00,200.0,200.0,200.0,200.0,200.0,200.0,200.0,200.0,200.0,,,200.0,213.99998750000003,200.0,200.0
2013-11-10 14:30:00-05:00,200.0,200.0,200.0,200.0,200.0,200.0,200.0,200.0,200.0,,,200.0,200.0,200.0,200.0
2013-11-10 15:00:00-05:00,200.0,200.0,200.0,200.0,213.87499166666663,200.0,200.0,200.0,200.0,,,200.0,200.0,200.0,200.0
2013-11-10 15:30:00-05:00,200.0,200.0,200.0,200.0,200.0,200.0,200.0,200.0,200.0,,,200.0,200.0,200.0,200.0
2013-11-10 16:00:00-05:00,200.0,200.0,200.0,200.0,200.0,200.0,200.0,200.0,200.0,,,200.0,200.0,200.0,200.0
